{
  "schema": 1,
  "name": "67",
  "first_seen": 1778364029.093081,
  "last_seen": 1778545570.2730591,
  "episodes": 69,
  "score_total": 2402,
  "score_best": 328,
  "best_loadout": [
    14,
    0,
    0,
    14,
    0,
    0
  ],
  "killed_by": {
    "Hornet": 15,
    "Centipede": 1,
    "bot-34": 1,
    "Bee": 3,
    "Worker Ant": 1,
    "aa": 2,
    "Spider": 1,
    "Evil Centipede": 2,
    "Beetle": 10,
    "flower": 1,
    "bot-604": 1,
    "Sandstorm": 1,
    "bot-118": 1,
    "Leafbug": 1,
    "Wasp": 4,
    "bot-74": 1,
    "bot-31": 1,
    "bot-106": 1,
    "Mantis": 1
  },
  "loadout_history": {
    "0": 51,
    "1": 57,
    "13": 1,
    "14": 3,
    "9": 4,
    "167": 3,
    "19": 1,
    "28": 4,
    "64": 1,
    "25": 1,
    "69": 1,
    "46": 1,
    "24": 2,
    "18": 5,
    "5": 1
  }
}