{
  "schema": 1,
  "name": "67",
  "first_seen": 1778364029.093081,
  "last_seen": 1778624106.6831338,
  "episodes": 523,
  "score_total": 53390,
  "score_best": 5031,
  "best_loadout": [
    0,
    0,
    1,
    1,
    1,
    0,
    0
  ],
  "killed_by": {
    "Hornet": 124,
    "Centipede": 9,
    "bot-34": 2,
    "Bee": 41,
    "Worker Ant": 3,
    "aa": 2,
    "Spider": 20,
    "Evil Centipede": 4,
    "Beetle": 31,
    "flower": 1,
    "bot-604": 1,
    "Sandstorm": 10,
    "bot-118": 1,
    "Leafbug": 5,
    "Wasp": 92,
    "bot-74": 3,
    "bot-31": 2,
    "bot-106": 2,
    "Mantis": 43,
    "blossom-v2": 2,
    "bot-140": 1,
    "bot-95": 1,
    "bot-90": 1,
    "Ladybug": 18,
    "bot-24": 1,
    "bot-102": 1,
    "bot-99": 1,
    "bot-86": 1,
    "bot-51": 1,
    "bot-115": 1,
    "Scorpion": 2,
    "Bush": 3,
    "Cactus": 20,
    "bot-123": 2,
    "Desert Centipede": 4,
    "bot-79": 1,
    "zorr": 1,
    "Rock": 1,
    "bot-59": 1,
    "bot-63": 1,
    "bot-143": 1,
    "bot-29": 1,
    "bot-108": 1,
    "bot-83": 1,
    "Baby Ant": 1,
    "bot-26": 1,
    "bot-56": 1,
    "bot-133": 3,
    "bot-97": 1,
    "bot-148": 1,
    "prickly": 3,
    "bot-54": 1,
    "bot-127": 1,
    "bot-112": 1,
    "bloomy": 3,
    "bot-131": 1,
    "not bot": 1,
    "bot-39": 1,
    "bot-134": 1,
    "leafy": 1,
    "bot-41": 1,
    "bot-66": 1,
    "bot-98": 1,
    "thornbloom": 1,
    "bot-101": 1,
    "bot-23": 1,
    "bot-45": 1,
    "bot-87": 1,
    "bot-57": 1
  },
  "loadout_history": {
    "0": 448,
    "1": 342,
    "13": 1,
    "14": 8,
    "9": 7,
    "167": 6,
    "19": 3,
    "28": 5,
    "64": 2,
    "25": 2,
    "69": 1,
    "46": 1,
    "24": 4,
    "18": 8,
    "5": 4,
    "7": 3,
    "33": 1,
    "49": 2,
    "6": 8,
    "10": 1,
    "8": 4,
    "35": 1,
    "17": 1,
    "34": 1,
    "62": 1
  }
}