{
  "schema": 1,
  "name": "67",
  "first_seen": 1778364029.093081,
  "last_seen": 1778713143.739188,
  "episodes": 1183,
  "score_total": 202598,
  "score_best": 10553,
  "best_loadout": [
    0,
    0,
    0,
    0,
    1,
    1,
    0,
    0
  ],
  "killed_by": {
    "Hornet": 263,
    "Centipede": 39,
    "bot-34": 3,
    "Bee": 97,
    "Worker Ant": 12,
    "aa": 2,
    "Spider": 41,
    "Evil Centipede": 10,
    "Beetle": 49,
    "flower": 1,
    "bot-604": 1,
    "Sandstorm": 19,
    "bot-118": 3,
    "Leafbug": 15,
    "Wasp": 211,
    "bot-74": 3,
    "bot-31": 3,
    "bot-106": 2,
    "Mantis": 94,
    "blossom-v2": 2,
    "bot-140": 1,
    "bot-95": 1,
    "bot-90": 1,
    "Ladybug": 47,
    "bot-24": 1,
    "bot-102": 1,
    "bot-99": 2,
    "bot-86": 2,
    "bot-51": 3,
    "bot-115": 1,
    "Scorpion": 3,
    "Bush": 13,
    "Cactus": 66,
    "bot-123": 3,
    "Desert Centipede": 10,
    "bot-79": 1,
    "zorr": 1,
    "Rock": 7,
    "bot-59": 3,
    "bot-63": 1,
    "bot-143": 1,
    "bot-29": 1,
    "bot-108": 2,
    "bot-83": 2,
    "Baby Ant": 3,
    "bot-26": 1,
    "bot-56": 1,
    "bot-133": 4,
    "bot-97": 1,
    "bot-148": 2,
    "prickly": 3,
    "bot-54": 2,
    "bot-127": 3,
    "bot-112": 1,
    "bloomy": 4,
    "bot-131": 2,
    "not bot": 1,
    "bot-39": 1,
    "bot-134": 1,
    "leafy": 1,
    "bot-41": 1,
    "bot-66": 2,
    "bot-98": 1,
    "thornbloom": 1,
    "bot-101": 2,
    "bot-23": 1,
    "bot-45": 4,
    "bot-87": 3,
    "bot-57": 2,
    "bot-50": 3,
    "bot-22": 2,
    "bot-116": 1,
    "bot-122": 2,
    "bot-139": 2,
    "bot-147": 1,
    "bot-53": 1,
    "bot-85": 2,
    "bot-105": 2,
    "bot-64": 2,
    "bot-137": 2,
    "bot-110": 3,
    "bot-47": 2,
    "bot-89": 2,
    "bot-93": 2,
    "bot-75": 2,
    "bot-78": 3,
    "bot-82": 1,
    "rosie": 2,
    "petalpop": 1,
    "hello": 2,
    "bot-100": 1,
    "bot-71": 1,
    "bot-30": 1,
    "bot-144": 1,
    "bot-94": 1,
    "bot-46": 1,
    "bot-49": 1,
    "bot-125": 1,
    "bot-107": 1,
    "bot-25": 1,
    "bot-81": 1,
    "bot-130": 2,
    "bot-132": 1,
    "bot-142": 2,
    "bot-36": 1,
    "bot-136": 1,
    "gardn": 1,
    "bot-96": 1,
    "bot-38": 1
  },
  "loadout_history": {
    "0": 984,
    "1": 806,
    "13": 1,
    "14": 14,
    "9": 9,
    "167": 8,
    "19": 5,
    "28": 7,
    "64": 2,
    "25": 4,
    "69": 1,
    "46": 1,
    "24": 12,
    "18": 13,
    "5": 9,
    "7": 6,
    "33": 1,
    "49": 2,
    "6": 10,
    "10": 5,
    "8": 4,
    "35": 2,
    "17": 2,
    "34": 3,
    "62": 1,
    "79": 6,
    "23": 1,
    "30": 2,
    "48": 2,
    "26": 1,
    "29": 2,
    "137": 1,
    "180": 1,
    "12": 1,
    "55": 1,
    "75": 1,
    "15": 1,
    "181": 1,
    "170": 1,
    "136": 1,
    "45": 1,
    "168": 1,
    "51": 1
  }
}