{
  "schema": 1,
  "name": "67",
  "first_seen": 1778364029.093081,
  "last_seen": 1779316407.8847082,
  "episodes": 1519,
  "score_total": 226981,
  "score_best": 10553,
  "best_loadout": [
    0,
    0,
    0,
    0,
    1,
    1,
    0,
    0
  ],
  "killed_by": {
    "Hornet": 364,
    "Centipede": 46,
    "bot-34": 3,
    "Bee": 117,
    "Worker Ant": 12,
    "aa": 2,
    "Spider": 49,
    "Evil Centipede": 24,
    "Beetle": 81,
    "flower": 1,
    "bot-604": 1,
    "Sandstorm": 30,
    "bot-118": 3,
    "Leafbug": 15,
    "Wasp": 260,
    "bot-74": 3,
    "bot-31": 3,
    "bot-106": 2,
    "Mantis": 117,
    "blossom-v2": 2,
    "bot-140": 1,
    "bot-95": 1,
    "bot-90": 1,
    "Ladybug": 57,
    "bot-24": 1,
    "bot-102": 1,
    "bot-99": 2,
    "bot-86": 2,
    "bot-51": 3,
    "bot-115": 1,
    "Scorpion": 6,
    "Bush": 15,
    "Cactus": 82,
    "bot-123": 3,
    "Desert Centipede": 14,
    "bot-79": 1,
    "zorr": 1,
    "Rock": 8,
    "bot-59": 6,
    "bot-63": 1,
    "bot-143": 1,
    "bot-29": 1,
    "bot-108": 2,
    "bot-83": 2,
    "Baby Ant": 5,
    "bot-26": 1,
    "bot-56": 1,
    "bot-133": 4,
    "bot-97": 3,
    "bot-148": 2,
    "prickly": 3,
    "bot-54": 2,
    "bot-127": 3,
    "bot-112": 1,
    "bloomy": 4,
    "bot-131": 2,
    "not bot": 1,
    "bot-39": 1,
    "bot-134": 1,
    "leafy": 1,
    "bot-41": 1,
    "bot-66": 2,
    "bot-98": 1,
    "thornbloom": 1,
    "bot-101": 2,
    "bot-23": 1,
    "bot-45": 5,
    "bot-87": 3,
    "bot-57": 2,
    "bot-50": 3,
    "bot-22": 2,
    "bot-116": 1,
    "bot-122": 2,
    "bot-139": 2,
    "bot-147": 1,
    "bot-53": 1,
    "bot-85": 2,
    "bot-105": 2,
    "bot-64": 2,
    "bot-137": 2,
    "bot-110": 4,
    "bot-47": 2,
    "bot-89": 2,
    "bot-93": 2,
    "bot-75": 2,
    "bot-78": 3,
    "bot-82": 1,
    "rosie": 2,
    "petalpop": 1,
    "hello": 2,
    "bot-100": 2,
    "bot-71": 1,
    "bot-30": 1,
    "bot-144": 1,
    "bot-94": 1,
    "bot-46": 1,
    "bot-49": 1,
    "bot-125": 1,
    "bot-107": 1,
    "bot-25": 1,
    "bot-81": 1,
    "bot-130": 3,
    "bot-132": 1,
    "bot-142": 2,
    "bot-36": 1,
    "bot-136": 1,
    "gardn": 1,
    "bot-96": 1,
    "bot-38": 1,
    "thorny": 2,
    "sussy": 1,
    "Soldier Ant": 1,
    "bot-68": 3,
    "bot-121": 1,
    "bot-62": 1
  },
  "loadout_history": {
    "0": 1295,
    "1": 1049,
    "13": 1,
    "14": 30,
    "9": 13,
    "167": 12,
    "19": 7,
    "28": 17,
    "64": 2,
    "25": 6,
    "69": 1,
    "46": 3,
    "24": 24,
    "18": 21,
    "5": 21,
    "7": 7,
    "33": 1,
    "49": 3,
    "6": 13,
    "10": 7,
    "8": 6,
    "35": 4,
    "17": 3,
    "34": 7,
    "62": 1,
    "79": 9,
    "23": 1,
    "30": 2,
    "48": 3,
    "26": 2,
    "29": 2,
    "137": 1,
    "180": 1,
    "12": 2,
    "55": 2,
    "75": 2,
    "15": 6,
    "181": 1,
    "170": 1,
    "136": 1,
    "45": 2,
    "168": 2,
    "51": 1,
    "39": 1,
    "116": 1,
    "58": 1,
    "165": 1,
    "83": 1,
    "40": 2,
    "50": 1,
    "43": 2,
    "117": 1,
    "63": 1,
    "41": 1
  }
}