{
  "schema": 1,
  "name": "67",
  "first_seen": 1778364029.093081,
  "last_seen": 1778638737.405061,
  "episodes": 685,
  "score_total": 81851,
  "score_best": 5053,
  "best_loadout": [
    0,
    0,
    0,
    0,
    0,
    0,
    0
  ],
  "killed_by": {
    "Hornet": 163,
    "Centipede": 13,
    "bot-34": 2,
    "Bee": 63,
    "Worker Ant": 4,
    "aa": 2,
    "Spider": 23,
    "Evil Centipede": 7,
    "Beetle": 35,
    "flower": 1,
    "bot-604": 1,
    "Sandstorm": 11,
    "bot-118": 1,
    "Leafbug": 6,
    "Wasp": 117,
    "bot-74": 3,
    "bot-31": 2,
    "bot-106": 2,
    "Mantis": 57,
    "blossom-v2": 2,
    "bot-140": 1,
    "bot-95": 1,
    "bot-90": 1,
    "Ladybug": 28,
    "bot-24": 1,
    "bot-102": 1,
    "bot-99": 1,
    "bot-86": 1,
    "bot-51": 1,
    "bot-115": 1,
    "Scorpion": 2,
    "Bush": 6,
    "Cactus": 34,
    "bot-123": 2,
    "Desert Centipede": 6,
    "bot-79": 1,
    "zorr": 1,
    "Rock": 2,
    "bot-59": 1,
    "bot-63": 1,
    "bot-143": 1,
    "bot-29": 1,
    "bot-108": 1,
    "bot-83": 1,
    "Baby Ant": 2,
    "bot-26": 1,
    "bot-56": 1,
    "bot-133": 4,
    "bot-97": 1,
    "bot-148": 1,
    "prickly": 3,
    "bot-54": 1,
    "bot-127": 3,
    "bot-112": 1,
    "bloomy": 3,
    "bot-131": 1,
    "not bot": 1,
    "bot-39": 1,
    "bot-134": 1,
    "leafy": 1,
    "bot-41": 1,
    "bot-66": 1,
    "bot-98": 1,
    "thornbloom": 1,
    "bot-101": 1,
    "bot-23": 1,
    "bot-45": 1,
    "bot-87": 1,
    "bot-57": 1,
    "bot-50": 2,
    "bot-22": 2,
    "bot-116": 1,
    "bot-122": 1,
    "bot-139": 2,
    "bot-147": 1,
    "bot-53": 1
  },
  "loadout_history": {
    "0": 563,
    "1": 475,
    "13": 1,
    "14": 12,
    "9": 7,
    "167": 7,
    "19": 3,
    "28": 7,
    "64": 2,
    "25": 3,
    "69": 1,
    "46": 1,
    "24": 7,
    "18": 10,
    "5": 5,
    "7": 6,
    "33": 1,
    "49": 2,
    "6": 10,
    "10": 4,
    "8": 4,
    "35": 1,
    "17": 2,
    "34": 2,
    "62": 1,
    "79": 2,
    "23": 1,
    "30": 1,
    "48": 1,
    "26": 1
  }
}