{
  "schema": 1,
  "name": "67",
  "first_seen": 1778364029.093081,
  "last_seen": 1778553020.932943,
  "episodes": 90,
  "score_total": 3274,
  "score_best": 328,
  "best_loadout": [
    14,
    0,
    0,
    14,
    0,
    0
  ],
  "killed_by": {
    "Hornet": 19,
    "Centipede": 1,
    "bot-34": 1,
    "Bee": 3,
    "Worker Ant": 1,
    "aa": 2,
    "Spider": 2,
    "Evil Centipede": 2,
    "Beetle": 10,
    "flower": 1,
    "bot-604": 1,
    "Sandstorm": 1,
    "bot-118": 1,
    "Leafbug": 1,
    "Wasp": 9,
    "bot-74": 1,
    "bot-31": 1,
    "bot-106": 1,
    "Mantis": 5,
    "blossom-v2": 1,
    "bot-140": 1,
    "bot-95": 1,
    "bot-90": 1
  },
  "loadout_history": {
    "0": 69,
    "1": 72,
    "13": 1,
    "14": 3,
    "9": 5,
    "167": 3,
    "19": 2,
    "28": 4,
    "64": 1,
    "25": 1,
    "69": 1,
    "46": 1,
    "24": 3,
    "18": 5,
    "5": 1,
    "7": 1,
    "33": 1
  }
}