{
  "schema": 1,
  "name": "b0",
  "first_seen": 1778113878.497895,
  "last_seen": 1778196628.5004458,
  "episodes": 141,
  "score_total": 2800,
  "score_best": 216,
  "best_loadout": [
    5,
    1,
    1,
    1,
    1,
    47
  ],
  "killed_by": {
    "b3": 1,
    "Rock": 2,
    "Cactus": 3,
    "Hornet": 120,
    "Spider": 4,
    "Bee": 2,
    "b1": 1,
    "bot-wuyv": 1,
    "67": 1,
    "Centipede": 1,
    "Scorpion": 1,
    "bot-fibi": 1
  },
  "loadout_history": {
    "1": 137,
    "5": 4,
    "47": 1,
    "0": 101,
    "34": 3,
    "18": 2,
    "44": 1,
    "24": 4,
    "6": 1,
    "40": 3,
    "9": 1,
    "23": 1,
    "29": 1,
    "32": 1,
    "15": 1,
    "46": 1
  }
}