{
  "schema": 1,
  "name": "bloomy",
  "first_seen": 1778543450.633999,
  "last_seen": 1778731776.780889,
  "episodes": 1445,
  "score_total": 206454,
  "score_best": 5526,
  "best_loadout": [
    1,
    0,
    0,
    1,
    0,
    0,
    0
  ],
  "killed_by": {
    "Hornet": 359,
    "Wasp": 266,
    "Beetle": 49,
    "Evil Centipede": 16,
    "Mantis": 135,
    "Ladybug": 58,
    "Desert Centipede": 3,
    "Cactus": 94,
    "bot-49": 1,
    "bot-86": 2,
    "Scorpion": 10,
    "Bee": 116,
    "bot-90": 1,
    "Worker Ant": 7,
    "bloom": 2,
    "bot-139": 2,
    "bot-38": 3,
    "Sandstorm": 16,
    "Centipede": 35,
    "bot": 2,
    "Spider": 33,
    "bot-60": 2,
    "bot-70": 1,
    "bot-103": 2,
    "Rock": 17,
    "bot-55": 1,
    "not bot": 3,
    "bot-104": 3,
    "bot-95": 2,
    "bot-34": 4,
    "thornbloom": 3,
    "bot-130": 5,
    "Leafbug": 16,
    "bot-108": 1,
    "bot-116": 3,
    "bot-30": 2,
    "Bush": 15,
    "bot-124": 1,
    "bot-40": 2,
    "bot-149": 1,
    "flower": 1,
    "Baby Ant": 3,
    "bot-83": 1,
    "bot-109": 1,
    "bot-120": 1,
    "bot-74": 2,
    "bot-67": 7,
    "bot-147": 1,
    "bot-138": 2,
    "bot-48": 1,
    "bot-129": 6,
    "bot-28": 6,
    "bot-135": 3,
    "bot-128": 3,
    "blossom-v2": 3,
    "bot-44": 1,
    "bot-79": 1,
    "bot-33": 1,
    "bot-91": 2,
    "bot-71": 5,
    "bot-66": 2,
    "zorr": 2,
    "Soldier Ant": 4,
    "bot-145": 2,
    "bot-77": 2,
    "bot-93": 1,
    "bot-42": 1,
    "bot-47": 2,
    "bot-115": 1,
    "bot-64": 1,
    "bot-123": 1,
    "bot-113": 3,
    "bot-76": 3,
    "petalpop": 1,
    "bot-87": 2,
    "bot-110": 1,
    "bot-36": 3,
    "bot-131": 1,
    "bot-39": 1,
    "bot-46": 1,
    "bot-61": 1,
    "bot-127": 3,
    "bot-32": 1,
    "bot-121": 1,
    "bot-102": 1,
    "a": 1,
    "bot-52": 1,
    "bot-22": 2,
    "bot-118": 1,
    "bot-69": 1,
    "bot-26": 3,
    "bot-101": 1,
    "bot-112": 1,
    "bot-106": 1,
    "bot-107": 1,
    "thorn": 1,
    "bot-146": 2,
    "bot-85": 1,
    "bot-148": 2,
    "thorny": 2,
    "bot-99": 1,
    "bot-84": 1,
    "bot-97": 1,
    "bot-122": 2,
    "bot-35": 1,
    "bot-89": 1,
    "bot-23": 1,
    "bot-68": 1,
    "bot-31": 2,
    "bot-81": 2,
    "bot-140": 1,
    "bot-24": 2
  },
  "loadout_history": {
    "0": 1204,
    "1": 1072,
    "9": 14,
    "29": 6,
    "18": 8,
    "6": 16,
    "14": 19,
    "15": 16,
    "79": 3,
    "5": 17,
    "7": 5,
    "24": 9,
    "167": 2,
    "69": 1,
    "33": 3,
    "34": 3,
    "17": 2,
    "49": 1,
    "58": 3,
    "83": 4,
    "181": 1,
    "19": 7,
    "20": 2,
    "11": 2,
    "28": 5,
    "16": 3,
    "116": 3,
    "27": 1,
    "46": 1,
    "35": 4,
    "12": 3,
    "30": 1,
    "10": 10,
    "51": 1,
    "117": 1,
    "97": 1,
    "13": 3,
    "26": 3,
    "180": 1,
    "206": 1,
    "48": 1,
    "61": 1,
    "25": 1,
    "86": 1,
    "55": 1,
    "37": 1,
    "8": 1,
    "89": 1,
    "75": 1,
    "36": 1
  }
}