{
  "schema": 1,
  "name": "bloom",
  "first_seen": 1778543095.178931,
  "last_seen": 1778548776.622705,
  "episodes": 20,
  "score_total": 768,
  "score_best": 138,
  "best_loadout": [
    18,
    1,
    167,
    0,
    1
  ],
  "killed_by": {
    "Hornet": 2,
    "Cactus": 1,
    "Wasp": 4,
    "bot-100": 1,
    "Bee": 2,
    "bot-77": 2,
    "bot-67": 2
  },
  "loadout_history": {
    "0": 17,
    "1": 17,
    "9": 1,
    "18": 2,
    "167": 1,
    "24": 1,
    "29": 1
  }
}