{
  "schema": 1,
  "name": "bloom",
  "first_seen": 1778543095.178931,
  "last_seen": 1779316406.453035,
  "episodes": 1524,
  "score_total": 242862,
  "score_best": 11572,
  "best_loadout": [
    0,
    0,
    86,
    0,
    0,
    0,
    0,
    0
  ],
  "killed_by": {
    "Hornet": 387,
    "Cactus": 86,
    "Wasp": 256,
    "bot-100": 1,
    "Bee": 119,
    "bot-77": 2,
    "bot-67": 4,
    "Sandstorm": 14,
    "bot-139": 1,
    "Leafbug": 17,
    "Mantis": 118,
    "Beetle": 87,
    "bot-85": 3,
    "bot-35": 1,
    "Centipede": 39,
    "Worker Ant": 3,
    "bot-131": 1,
    "bot-52": 1,
    "bot-44": 1,
    "Ladybug": 50,
    "thornbloom": 6,
    "bot-55": 2,
    "Spider": 33,
    "bot-53": 3,
    "Evil Centipede": 21,
    "bot-110": 3,
    "rosie": 1,
    "bot-70": 3,
    "bot-26": 5,
    "bot-91": 1,
    "Rock": 7,
    "bot-45": 1,
    "bot-73": 1,
    "root": 2,
    "bot-136": 2,
    "bot-135": 7,
    "bot-140": 1,
    "bot-50": 1,
    "Bush": 20,
    "bot-28": 1,
    "bot-54": 3,
    "bot-124": 1,
    "bot-127": 5,
    "bot-92": 2,
    "Baby Ant": 4,
    "bot-145": 3,
    "Soldier Ant": 11,
    "bot-42": 3,
    "bot-88": 1,
    "bot-56": 2,
    "Scorpion": 6,
    "bot-112": 1,
    "bot-78": 1,
    "bot-138": 3,
    "bot-99": 2,
    "bot-65": 3,
    "blossom-v2": 1,
    "bot-23": 2,
    "bot-83": 1,
    "bot-46": 1,
    "bot-63": 4,
    "bot-108": 2,
    "Desert Centipede": 9,
    "bot-141": 4,
    "bot-71": 4,
    "bot-57": 1,
    "bot-29": 1,
    "bot-24": 2,
    "a": 2,
    "bot-149": 1,
    "bot-34": 2,
    "bot-120": 1,
    "bot-40": 1,
    "bot-47": 5,
    "bot-114": 4,
    "bot-79": 2,
    "bot-62": 1,
    "bot-119": 4,
    "bot-137": 2,
    "bot-93": 1,
    "not bot": 2,
    "bot-64": 5,
    "bot-38": 3,
    "bot-39": 1,
    "thorny": 6,
    "hello": 1,
    "bot-134": 4,
    "bot-113": 1,
    "bot-59": 1,
    "bot-30": 5,
    "bot-61": 2,
    "bot-69": 2,
    "bot-132": 1,
    "bot-25": 2,
    "bot-117": 1,
    "bot-37": 2,
    "blossom": 2,
    "bot-105": 1,
    "bot-97": 2,
    "bot-74": 1,
    "bot-94": 1,
    "bot-84": 1,
    "bot-96": 1,
    "bot-27": 1,
    "bot-51": 1,
    "bot-146": 1,
    "bot-111": 1,
    "bot-123": 1,
    "bot-104": 1,
    "bot-142": 1,
    "bot-147": 1,
    "bot-101": 1,
    "Ant Hole": 1,
    "bot-133": 1,
    "bot-125": 1,
    "bot-130": 1,
    "bot-143": 1,
    "bot-86": 1,
    "bot-121": 1,
    "bot-106": 1,
    "sussy": 2,
    "Massive Beetle": 1,
    "bot-103": 1,
    "florrio": 1,
    "bot-36": 1
  },
  "loadout_history": {
    "0": 1314,
    "1": 1064,
    "9": 19,
    "18": 13,
    "167": 2,
    "24": 22,
    "29": 6,
    "14": 28,
    "10": 11,
    "6": 13,
    "58": 3,
    "5": 21,
    "116": 6,
    "204": 2,
    "86": 5,
    "19": 7,
    "20": 3,
    "11": 4,
    "117": 1,
    "8": 2,
    "137": 1,
    "15": 9,
    "7": 6,
    "49": 2,
    "23": 3,
    "48": 2,
    "25": 6,
    "30": 1,
    "83": 2,
    "61": 2,
    "16": 1,
    "34": 4,
    "183": 2,
    "180": 1,
    "79": 3,
    "13": 1,
    "46": 3,
    "33": 2,
    "181": 1,
    "176": 1,
    "35": 3,
    "54": 1,
    "168": 2,
    "52": 1,
    "97": 1,
    "182": 1,
    "51": 2,
    "17": 1,
    "177": 1,
    "28": 5,
    "50": 1,
    "39": 2,
    "47": 2,
    "40": 2,
    "205": 2,
    "26": 1
  }
}