{
  "schema": 1,
  "name": "blossom",
  "first_seen": 1778364027.743027,
  "last_seen": 1778638841.144387,
  "episodes": 782,
  "score_total": 100811,
  "score_best": 10313,
  "best_loadout": [
    0,
    0,
    1,
    60,
    1,
    0,
    0,
    0
  ],
  "killed_by": {
    "Hornet": 203,
    "Sandstorm": 4,
    "Desert Centipede": 7,
    "Beetle": 32,
    "Cactus": 58,
    "Soldier Ant": 5,
    "Evil Centipede": 16,
    "Bee": 40,
    "a": 2,
    "Massive Beetle": 1,
    "Spider": 22,
    "Worker Ant": 6,
    "bot-704": 1,
    "bot-601": 1,
    "Ladybug": 21,
    "Bush": 6,
    "Wasp": 117,
    "Mantis": 76,
    "bot-143": 1,
    "bot-72": 2,
    "bot-23": 2,
    "bot-27": 1,
    "Centipede": 18,
    "Scorpion": 4,
    "Leafbug": 7,
    "bot-118": 1,
    "bot-63": 1,
    "bot-133": 3,
    "bot-131": 2,
    "bot-29": 1,
    "hello": 1,
    "blossom-v2": 1,
    "bot-122": 3,
    "bot-138": 1,
    "bot-53": 1,
    "bot-70": 4,
    "bot-62": 2,
    "Rock": 9,
    "bot-99": 5,
    "bot-100": 1,
    "bot-95": 1,
    "bot-45": 2,
    "bot-79": 2,
    "bot-34": 3,
    "bot-114": 1,
    "bot-38": 2,
    "bot-37": 1,
    "flower": 1,
    "bot-124": 1,
    "bot-57": 1,
    "bot-67": 1,
    "bot-119": 4,
    "bot-111": 1,
    "bot-65": 1,
    "bot-60": 1,
    "bot-108": 1,
    "bot-106": 1,
    "prickly": 1,
    "bloom": 3,
    "bot-139": 1,
    "Baby Ant": 1,
    "bot-93": 1,
    "bot-52": 1,
    "thorny": 1,
    "bot-64": 1,
    "bot-86": 1,
    "gardn": 1,
    "bot-39": 1,
    "bot-125": 1,
    "bot-80": 1,
    "thorn": 1,
    "bot-113": 1,
    "bot-74": 1,
    "bot-83": 1,
    "bot-120": 1,
    "bot-130": 2,
    "bot": 1,
    "bot-142": 3,
    "bot-149": 1,
    "bot-50": 2,
    "bot-76": 1,
    "bot-104": 1,
    "root": 1,
    "bot-112": 2,
    "zorr": 2,
    "bot-54": 1,
    "bot-32": 1,
    "bot-73": 1,
    "bot-47": 1,
    "bot-30": 1,
    "67": 1
  },
  "loadout_history": {
    "1": 579,
    "0": 647,
    "24": 10,
    "7": 5,
    "30": 2,
    "9": 11,
    "45": 1,
    "74": 1,
    "23": 2,
    "25": 4,
    "18": 1,
    "19": 3,
    "29": 2,
    "56": 1,
    "10": 7,
    "5": 8,
    "14": 12,
    "22": 1,
    "33": 2,
    "15": 7,
    "28": 2,
    "6": 10,
    "17": 3,
    "51": 3,
    "39": 1,
    "48": 2,
    "167": 1,
    "12": 1,
    "11": 4,
    "79": 2,
    "83": 2,
    "92": 1,
    "86": 1,
    "26": 1,
    "69": 1,
    "35": 1,
    "60": 1,
    "34": 1,
    "168": 1,
    "16": 1,
    "20": 1
  }
}