{
  "schema": 1,
  "name": "blossom-v2",
  "first_seen": 1778364678.878558,
  "last_seen": 1778556772.258813,
  "episodes": 94,
  "score_total": 6386,
  "score_best": 1112,
  "best_loadout": [
    0,
    0,
    0,
    0,
    0,
    0
  ],
  "killed_by": {
    "Hornet": 23,
    "Bee": 6,
    "Mantis": 9,
    "Beetle": 6,
    "Wasp": 10,
    "Ladybug": 4,
    "bot-120": 1,
    "bot-70": 1,
    "bot-75": 2,
    "Cactus": 3,
    "Scorpion": 2,
    "Centipede": 1,
    "bloomy": 1,
    "bot-134": 1,
    "Evil Centipede": 2,
    "Sandstorm": 1,
    "bloom": 1
  },
  "loadout_history": {
    "0": 85,
    "1": 69,
    "34": 1,
    "167": 4,
    "5": 7,
    "28": 2,
    "9": 2,
    "14": 2,
    "25": 1,
    "35": 2,
    "15": 2,
    "23": 1,
    "24": 2,
    "19": 1,
    "116": 1,
    "20": 1,
    "7": 1,
    "6": 1,
    "62": 1,
    "79": 1,
    "10": 1
  }
}