{
  "schema": 1,
  "name": "blossom",
  "first_seen": 1778364027.743027,
  "last_seen": 1779316747.552601,
  "episodes": 1624,
  "score_total": 240921,
  "score_best": 10313,
  "best_loadout": [
    0,
    0,
    1,
    60,
    1,
    0,
    0,
    0
  ],
  "killed_by": {
    "Hornet": 407,
    "Sandstorm": 19,
    "Desert Centipede": 10,
    "Beetle": 95,
    "Cactus": 107,
    "Soldier Ant": 10,
    "Evil Centipede": 32,
    "Bee": 87,
    "a": 2,
    "Massive Beetle": 1,
    "Spider": 47,
    "Worker Ant": 6,
    "bot-704": 1,
    "bot-601": 1,
    "Ladybug": 47,
    "Bush": 11,
    "Wasp": 256,
    "Mantis": 165,
    "bot-143": 2,
    "bot-72": 3,
    "bot-23": 3,
    "bot-27": 1,
    "Centipede": 38,
    "Scorpion": 12,
    "Leafbug": 15,
    "bot-118": 1,
    "bot-63": 2,
    "bot-133": 4,
    "bot-131": 2,
    "bot-29": 1,
    "hello": 2,
    "blossom-v2": 1,
    "bot-122": 4,
    "bot-138": 1,
    "bot-53": 1,
    "bot-70": 4,
    "bot-62": 2,
    "Rock": 11,
    "bot-99": 5,
    "bot-100": 1,
    "bot-95": 1,
    "bot-45": 2,
    "bot-79": 4,
    "bot-34": 3,
    "bot-114": 1,
    "bot-38": 3,
    "bot-37": 3,
    "flower": 1,
    "bot-124": 3,
    "bot-57": 1,
    "bot-67": 1,
    "bot-119": 5,
    "bot-111": 1,
    "bot-65": 3,
    "bot-60": 1,
    "bot-108": 5,
    "bot-106": 2,
    "prickly": 1,
    "bloom": 3,
    "bot-139": 2,
    "Baby Ant": 3,
    "bot-93": 2,
    "bot-52": 1,
    "thorny": 4,
    "bot-64": 1,
    "bot-86": 1,
    "gardn": 1,
    "bot-39": 1,
    "bot-125": 1,
    "bot-80": 3,
    "thorn": 1,
    "bot-113": 2,
    "bot-74": 1,
    "bot-83": 2,
    "bot-120": 1,
    "bot-130": 2,
    "bot": 2,
    "bot-142": 3,
    "bot-149": 2,
    "bot-50": 8,
    "bot-76": 1,
    "bot-104": 2,
    "root": 3,
    "bot-112": 2,
    "zorr": 2,
    "bot-54": 1,
    "bot-32": 1,
    "bot-73": 4,
    "bot-47": 3,
    "bot-30": 2,
    "67": 2,
    "bot-75": 3,
    "bot-24": 2,
    "bot-81": 2,
    "bot-87": 3,
    "bot-44": 1,
    "bot-129": 2,
    "bot-88": 1,
    "bot-134": 1,
    "bot-66": 1,
    "bot-107": 1,
    "bot-42": 9,
    "bot-109": 2,
    "bot-117": 2,
    "florrio": 1,
    "bot-103": 1,
    "bot-35": 2,
    "rosie": 1,
    "bot-148": 1,
    "bot-51": 1,
    "bot-85": 3,
    "bot-132": 2,
    "aa": 1,
    "bot-41": 1,
    "bot-127": 1,
    "bot-97": 1,
    "bot-71": 1
  },
  "loadout_history": {
    "1": 1133,
    "0": 1397,
    "24": 15,
    "7": 8,
    "30": 3,
    "9": 19,
    "45": 2,
    "74": 1,
    "23": 3,
    "25": 12,
    "18": 7,
    "19": 4,
    "29": 5,
    "56": 1,
    "10": 9,
    "5": 29,
    "14": 24,
    "22": 1,
    "33": 5,
    "15": 16,
    "28": 8,
    "6": 16,
    "17": 3,
    "51": 4,
    "39": 2,
    "48": 4,
    "167": 2,
    "12": 1,
    "11": 4,
    "79": 4,
    "83": 2,
    "92": 1,
    "86": 1,
    "26": 2,
    "69": 2,
    "35": 5,
    "60": 2,
    "34": 7,
    "168": 4,
    "16": 3,
    "20": 3,
    "58": 1,
    "54": 1,
    "93": 1,
    "62": 1,
    "13": 2,
    "84": 1,
    "204": 2,
    "46": 3,
    "8": 3,
    "175": 2,
    "116": 1,
    "147": 1,
    "180": 1,
    "50": 1,
    "40": 2,
    "205": 4,
    "206": 1,
    "117": 1
  }
}