{
  "schema": 1,
  "name": "blossom",
  "first_seen": 1778364027.743027,
  "last_seen": 1778623867.039532,
  "episodes": 597,
  "score_total": 63444,
  "score_best": 7540,
  "best_loadout": [
    0,
    0,
    0,
    0,
    1,
    0,
    0,
    0
  ],
  "killed_by": {
    "Hornet": 162,
    "Sandstorm": 3,
    "Desert Centipede": 4,
    "Beetle": 23,
    "Cactus": 46,
    "Soldier Ant": 5,
    "Evil Centipede": 14,
    "Bee": 30,
    "a": 2,
    "Massive Beetle": 1,
    "Spider": 18,
    "Worker Ant": 4,
    "bot-704": 1,
    "bot-601": 1,
    "Ladybug": 17,
    "Bush": 3,
    "Wasp": 83,
    "Mantis": 59,
    "bot-143": 1,
    "bot-72": 2,
    "bot-23": 1,
    "bot-27": 1,
    "Centipede": 11,
    "Scorpion": 4,
    "Leafbug": 3,
    "bot-118": 1,
    "bot-63": 1,
    "bot-133": 3,
    "bot-131": 2,
    "bot-29": 1,
    "hello": 1,
    "blossom-v2": 1,
    "bot-122": 3,
    "bot-138": 1,
    "bot-53": 1,
    "bot-70": 1,
    "bot-62": 2,
    "Rock": 4,
    "bot-99": 4,
    "bot-100": 1,
    "bot-95": 1,
    "bot-45": 2,
    "bot-79": 2,
    "bot-34": 3,
    "bot-114": 1,
    "bot-38": 2,
    "bot-37": 1,
    "flower": 1,
    "bot-124": 1,
    "bot-57": 1,
    "bot-67": 1,
    "bot-119": 4,
    "bot-111": 1,
    "bot-65": 1,
    "bot-60": 1,
    "bot-108": 1,
    "bot-106": 1,
    "prickly": 1,
    "bloom": 1,
    "bot-139": 1,
    "Baby Ant": 1,
    "bot-93": 1,
    "bot-52": 1,
    "thorny": 1,
    "bot-64": 1,
    "bot-86": 1,
    "gardn": 1,
    "bot-39": 1,
    "bot-125": 1,
    "bot-80": 1,
    "thorn": 1,
    "bot-113": 1,
    "bot-74": 1,
    "bot-83": 1,
    "bot-120": 1,
    "bot-130": 2,
    "bot": 1
  },
  "loadout_history": {
    "1": 424,
    "0": 504,
    "24": 6,
    "7": 3,
    "30": 2,
    "9": 9,
    "45": 1,
    "74": 1,
    "23": 2,
    "25": 2,
    "18": 1,
    "19": 2,
    "29": 1,
    "56": 1,
    "10": 4,
    "5": 6,
    "14": 12,
    "22": 1,
    "33": 2,
    "15": 6,
    "28": 2,
    "6": 6,
    "17": 3,
    "51": 2,
    "39": 1,
    "48": 1,
    "167": 1,
    "12": 1,
    "11": 3,
    "79": 1,
    "83": 2,
    "92": 1,
    "86": 1,
    "26": 1
  }
}