{
  "schema": 1,
  "name": "blossom-v2",
  "first_seen": 1778364678.878558,
  "last_seen": 1778553045.7860749,
  "episodes": 71,
  "score_total": 3337,
  "score_best": 256,
  "best_loadout": [
    0,
    1,
    1,
    1,
    1,
    0
  ],
  "killed_by": {
    "Hornet": 16,
    "Bee": 6,
    "Mantis": 7,
    "Beetle": 2,
    "Wasp": 9,
    "Ladybug": 4,
    "bot-120": 1,
    "bot-70": 1,
    "bot-75": 2,
    "Cactus": 2,
    "Scorpion": 2,
    "Centipede": 1,
    "bloomy": 1,
    "bot-134": 1
  },
  "loadout_history": {
    "0": 62,
    "1": 51,
    "34": 1,
    "167": 3,
    "5": 5,
    "28": 1,
    "9": 2,
    "14": 1,
    "25": 1,
    "35": 1,
    "15": 2,
    "23": 1,
    "24": 1,
    "19": 1,
    "116": 1,
    "20": 1,
    "7": 1,
    "6": 1,
    "62": 1
  }
}