{
  "schema": 1,
  "name": "bot-69",
  "first_seen": 1778543156.027966,
  "last_seen": 1779316702.319208,
  "episodes": 1469,
  "score_total": 221762,
  "score_best": 8921,
  "best_loadout": [
    0,
    0,
    0,
    0,
    0,
    0,
    0,
    0
  ],
  "killed_by": {
    "Beetle": 76,
    "Wasp": 274,
    "Hornet": 362,
    "Leafbug": 14,
    "Mantis": 115,
    "bot-85": 4,
    "bot-42": 1,
    "Bee": 102,
    "thorny": 2,
    "bot-126": 1,
    "bot-130": 1,
    "bot-100": 2,
    "bot-147": 1,
    "Cactus": 73,
    "hello": 2,
    "Sandstorm": 20,
    "Rock": 23,
    "Evil Centipede": 19,
    "Ladybug": 38,
    "Centipede": 34,
    "bot-66": 2,
    "bot-81": 2,
    "Scorpion": 8,
    "Desert Centipede": 11,
    "Spider": 49,
    "Bush": 12,
    "bot-98": 6,
    "bot-119": 1,
    "bot-142": 2,
    "bot-94": 3,
    "bot-121": 1,
    "bot-103": 4,
    "bot-25": 1,
    "bot-129": 2,
    "bot-63": 2,
    "bot-124": 2,
    "bot-134": 1,
    "bot-65": 3,
    "bot-78": 3,
    "bot-141": 2,
    "Worker Ant": 7,
    "bot-26": 1,
    "bot-97": 3,
    "bot-41": 1,
    "bot-22": 1,
    "not bot": 2,
    "blossom": 1,
    "bot-68": 3,
    "flower": 2,
    "bot-101": 1,
    "bot-112": 4,
    "bot-84": 2,
    "bot-37": 3,
    "bloomy": 2,
    "bot-107": 3,
    "bot-99": 1,
    "bot-24": 1,
    "bot-23": 7,
    "bot-79": 2,
    "bot-123": 1,
    "bot-87": 2,
    "bot-89": 1,
    "bot-137": 2,
    "bot-145": 1,
    "bot-56": 1,
    "Baby Ant": 2,
    "bot-149": 2,
    "sussy": 5,
    "bot-61": 1,
    "leafy": 1,
    "bot-115": 2,
    "Soldier Ant": 5,
    "bot-109": 2,
    "bot-34": 3,
    "bot-64": 1,
    "aa": 3,
    "bot-28": 2,
    "bot-38": 2,
    "bot-91": 1,
    "bot-144": 2,
    "bloom": 1,
    "bot-60": 2,
    "bot-75": 3,
    "bot-62": 1,
    "bot-50": 1,
    "gardn": 2,
    "bot-77": 3,
    "bot-95": 1,
    "bot-48": 4,
    "zorr": 2,
    "bot-70": 7,
    "bot-45": 2,
    "bot-114": 5,
    "bot-102": 2,
    "bot-131": 1,
    "bot-122": 2,
    "bot-82": 2,
    "bot-146": 2,
    "bot-31": 2,
    "bot-72": 1,
    "bot-96": 1,
    "bot-127": 1,
    "bot-135": 2,
    "bot-140": 1,
    "bot-59": 1,
    "bot-57": 1,
    "bot-47": 1,
    "a": 1,
    "bot-46": 2,
    "bot-40": 1,
    "bot-86": 1,
    "bot-138": 4,
    "bot-93": 2,
    "thornbloom": 1,
    "67": 1,
    "bot-118": 1,
    "bot-125": 1,
    "bot-83": 1,
    "bot-29": 1,
    "bot-80": 1,
    "bot-27": 2,
    "bot-113": 1,
    "bot-54": 1,
    "bot-117": 2,
    "thorn": 1,
    "bot-30": 2
  },
  "loadout_history": {
    "0": 1292,
    "1": 1028,
    "5": 23,
    "14": 32,
    "18": 18,
    "34": 4,
    "9": 20,
    "25": 7,
    "6": 12,
    "10": 7,
    "11": 4,
    "16": 4,
    "28": 6,
    "15": 13,
    "26": 4,
    "29": 3,
    "51": 3,
    "17": 4,
    "24": 9,
    "62": 1,
    "8": 4,
    "69": 1,
    "23": 3,
    "20": 1,
    "83": 1,
    "60": 1,
    "48": 1,
    "13": 2,
    "167": 3,
    "21": 1,
    "79": 4,
    "35": 2,
    "7": 2,
    "56": 1,
    "49": 4,
    "206": 1,
    "63": 1,
    "204": 1,
    "50": 1,
    "36": 1,
    "168": 1,
    "40": 1,
    "45": 1,
    "207": 1,
    "39": 2,
    "117": 1
  }
}