{
  "schema": 1,
  "name": "bot-69",
  "first_seen": 1778543156.027966,
  "last_seen": 1778718344.665826,
  "episodes": 1237,
  "score_total": 212241,
  "score_best": 8921,
  "best_loadout": [
    0,
    0,
    0,
    0,
    0,
    0,
    0,
    0
  ],
  "killed_by": {
    "Beetle": 55,
    "Wasp": 236,
    "Hornet": 283,
    "Leafbug": 11,
    "Mantis": 103,
    "bot-85": 4,
    "bot-42": 1,
    "Bee": 92,
    "thorny": 2,
    "bot-126": 1,
    "bot-130": 1,
    "bot-100": 2,
    "bot-147": 1,
    "Cactus": 64,
    "hello": 2,
    "Sandstorm": 10,
    "Rock": 22,
    "Evil Centipede": 13,
    "Ladybug": 35,
    "Centipede": 33,
    "bot-66": 2,
    "bot-81": 2,
    "Scorpion": 4,
    "Desert Centipede": 9,
    "Spider": 38,
    "Bush": 10,
    "bot-98": 6,
    "bot-119": 1,
    "bot-142": 2,
    "bot-94": 2,
    "bot-121": 1,
    "bot-103": 4,
    "bot-25": 1,
    "bot-129": 2,
    "bot-63": 2,
    "bot-124": 2,
    "bot-134": 1,
    "bot-65": 3,
    "bot-78": 3,
    "bot-141": 2,
    "Worker Ant": 7,
    "bot-26": 1,
    "bot-97": 3,
    "bot-41": 1,
    "bot-22": 1,
    "not bot": 2,
    "blossom": 1,
    "bot-68": 3,
    "flower": 2,
    "bot-101": 1,
    "bot-112": 4,
    "bot-84": 2,
    "bot-37": 3,
    "bloomy": 2,
    "bot-107": 2,
    "bot-99": 1,
    "bot-24": 1,
    "bot-23": 7,
    "bot-79": 2,
    "bot-123": 1,
    "bot-87": 2,
    "bot-89": 1,
    "bot-137": 2,
    "bot-145": 1,
    "bot-56": 1,
    "Baby Ant": 2,
    "bot-149": 2,
    "sussy": 4,
    "bot-61": 1,
    "leafy": 1,
    "bot-115": 2,
    "Soldier Ant": 4,
    "bot-109": 2,
    "bot-34": 3,
    "bot-64": 1,
    "aa": 3,
    "bot-28": 2,
    "bot-38": 2,
    "bot-91": 1,
    "bot-144": 2,
    "bloom": 1,
    "bot-60": 2,
    "bot-75": 3,
    "bot-62": 1,
    "bot-50": 1,
    "gardn": 2,
    "bot-77": 3,
    "bot-95": 1,
    "bot-48": 4,
    "zorr": 2,
    "bot-70": 7,
    "bot-45": 2,
    "bot-114": 5,
    "bot-102": 2,
    "bot-131": 1,
    "bot-122": 2,
    "bot-82": 2,
    "bot-146": 2,
    "bot-31": 2,
    "bot-72": 1,
    "bot-96": 1,
    "bot-127": 1,
    "bot-135": 2,
    "bot-140": 1,
    "bot-59": 1,
    "bot-57": 1,
    "bot-47": 1,
    "a": 1,
    "bot-46": 2,
    "bot-40": 1,
    "bot-86": 1,
    "bot-138": 4,
    "bot-93": 2,
    "thornbloom": 1,
    "67": 1,
    "bot-118": 1,
    "bot-125": 1,
    "bot-83": 1,
    "bot-29": 1,
    "bot-80": 1
  },
  "loadout_history": {
    "0": 1072,
    "1": 866,
    "5": 14,
    "14": 24,
    "18": 14,
    "34": 4,
    "9": 13,
    "25": 5,
    "6": 11,
    "10": 4,
    "11": 3,
    "16": 2,
    "28": 4,
    "15": 10,
    "26": 3,
    "29": 3,
    "51": 3,
    "17": 3,
    "24": 5,
    "62": 1,
    "8": 4,
    "69": 1,
    "23": 2,
    "20": 1,
    "83": 1,
    "60": 1,
    "48": 1,
    "13": 1,
    "167": 2,
    "21": 1,
    "79": 3,
    "35": 1,
    "7": 2,
    "56": 1,
    "49": 2,
    "206": 1
  }
}