{
  "schema": 1,
  "name": "bot-119",
  "first_seen": 1778543486.3239942,
  "last_seen": 1778713185.424432,
  "episodes": 1208,
  "score_total": 210980,
  "score_best": 10022,
  "best_loadout": [
    0,
    0,
    0,
    1,
    0,
    0,
    0,
    0
  ],
  "killed_by": {
    "Mantis": 101,
    "bot-52": 4,
    "Hornet": 263,
    "Wasp": 207,
    "Cactus": 63,
    "Beetle": 39,
    "bot-133": 2,
    "Bee": 105,
    "bot-143": 1,
    "Sandstorm": 14,
    "bot-109": 2,
    "bot-142": 1,
    "bot-108": 1,
    "blossom-v2": 2,
    "Scorpion": 16,
    "Rock": 11,
    "Evil Centipede": 14,
    "bot-113": 2,
    "bot-24": 3,
    "Spider": 33,
    "Leafbug": 20,
    "Soldier Ant": 1,
    "Ladybug": 64,
    "Bush": 23,
    "Centipede": 34,
    "aa": 1,
    "bot-41": 2,
    "bot-22": 2,
    "bot-27": 4,
    "bot-53": 1,
    "not bot": 1,
    "bot-98": 4,
    "bot-34": 3,
    "bot-69": 2,
    "bot-76": 1,
    "bot-86": 2,
    "bot-124": 1,
    "bot-112": 1,
    "bot-101": 1,
    "bot-65": 1,
    "bot-87": 1,
    "bot-137": 4,
    "bot-23": 1,
    "bot-106": 2,
    "bot-105": 3,
    "bot-123": 2,
    "Baby Ant": 2,
    "blossom": 1,
    "bot-94": 2,
    "bot-117": 3,
    "bot-32": 3,
    "bot-42": 2,
    "bot-144": 1,
    "bot-145": 1,
    "Worker Ant": 3,
    "bot-74": 2,
    "bot-80": 1,
    "bot-31": 2,
    "bot-51": 1,
    "bot-146": 2,
    "bot-37": 3,
    "zorr": 1,
    "petalpop": 1,
    "bot-89": 2,
    "bot-135": 2,
    "bot-114": 1,
    "bot-95": 2,
    "bot-131": 1,
    "bot-91": 2,
    "Desert Centipede": 8,
    "bot-49": 2,
    "bot-70": 4,
    "bot-121": 3,
    "rosie": 2,
    "bot-138": 3,
    "bot-115": 1,
    "bot-83": 3,
    "bot-38": 3,
    "bot-120": 2,
    "bot-54": 4,
    "bot-84": 1,
    "a": 3,
    "bot-97": 1,
    "bot-39": 1,
    "bloomy": 2,
    "flower": 3,
    "bot-88": 2,
    "bot-134": 1,
    "thorny": 2,
    "bot-77": 1,
    "bot-58": 1,
    "leafy": 1,
    "bot-147": 1,
    "bot-61": 1,
    "bot-149": 2,
    "bot-43": 2,
    "bot-67": 1,
    "bot-99": 1,
    "bot-47": 1,
    "bloom": 1,
    "bot-33": 1,
    "bot-136": 1,
    "bot-140": 1,
    "bot-107": 1,
    "thorn": 1,
    "bot-126": 1,
    "bot-68": 2,
    "bot-78": 1,
    "bot-96": 1,
    "bot-35": 7,
    "bot-132": 1,
    "bot-85": 1,
    "bot-44": 1,
    "bot-130": 1,
    "bot-104": 1,
    "bot-66": 1,
    "bot-50": 1
  },
  "loadout_history": {
    "0": 1012,
    "1": 844,
    "29": 5,
    "69": 2,
    "14": 22,
    "16": 6,
    "5": 13,
    "23": 4,
    "24": 13,
    "18": 10,
    "15": 20,
    "7": 6,
    "25": 6,
    "34": 3,
    "10": 3,
    "6": 10,
    "9": 9,
    "11": 7,
    "17": 4,
    "8": 4,
    "12": 2,
    "26": 2,
    "32": 1,
    "79": 4,
    "20": 2,
    "33": 5,
    "35": 2,
    "86": 1,
    "115": 1,
    "19": 4,
    "46": 2,
    "13": 2,
    "58": 1,
    "60": 3,
    "54": 1,
    "51": 2,
    "124": 1,
    "61": 1,
    "47": 1,
    "167": 1
  }
}