{
  "schema": 1,
  "name": "bot-97",
  "first_seen": 1778543161.996654,
  "last_seen": 1778713196.769431,
  "episodes": 1143,
  "score_total": 198354,
  "score_best": 15261,
  "best_loadout": [
    0,
    0,
    0,
    0,
    0,
    0,
    0,
    0
  ],
  "killed_by": {
    "bot-132": 2,
    "Ladybug": 46,
    "Beetle": 44,
    "Wasp": 197,
    "bot-101": 1,
    "Hornet": 227,
    "Bee": 91,
    "Sandstorm": 22,
    "bot-76": 1,
    "Mantis": 104,
    "bot-124": 1,
    "Leafbug": 13,
    "bot-92": 3,
    "Centipede": 35,
    "bot-133": 4,
    "Evil Centipede": 8,
    "bot-24": 3,
    "root": 2,
    "Worker Ant": 8,
    "bot-75": 5,
    "Cactus": 77,
    "bot-145": 1,
    "prickly": 1,
    "Desert Centipede": 2,
    "Spider": 33,
    "Rock": 13,
    "bot-94": 2,
    "bot-66": 5,
    "bot-25": 1,
    "Bush": 18,
    "bot-113": 2,
    "67": 2,
    "Scorpion": 7,
    "bot-27": 3,
    "bloom": 1,
    "bot-64": 1,
    "not bot": 2,
    "bot-36": 6,
    "Soldier Ant": 1,
    "bot-138": 1,
    "bot-56": 3,
    "thorny": 3,
    "bot-82": 1,
    "bot-55": 4,
    "bot-59": 1,
    "bot-126": 2,
    "bot-117": 2,
    "bot-70": 4,
    "bot-63": 1,
    "bot-89": 5,
    "bot-54": 3,
    "bot-100": 3,
    "bot-127": 2,
    "bot-79": 1,
    "bot-114": 3,
    "bot-112": 1,
    "bot-129": 1,
    "bot-121": 2,
    "bot-34": 1,
    "bot-85": 2,
    "bot-137": 2,
    "bot-96": 1,
    "bot-22": 1,
    "bot-139": 5,
    "bot-30": 2,
    "bot-118": 1,
    "bot-102": 1,
    "bot-61": 2,
    "flower": 3,
    "bot-39": 1,
    "bot-146": 1,
    "thorn": 5,
    "bot-147": 2,
    "Baby Ant": 4,
    "bot-65": 1,
    "bot-108": 3,
    "hello": 3,
    "bot-73": 1,
    "blossom": 3,
    "bot-84": 4,
    "thornbloom": 1,
    "bot-134": 2,
    "bot-91": 1,
    "a": 3,
    "bot-50": 3,
    "bot-143": 1,
    "bot-67": 1,
    "bot-23": 2,
    "bot-42": 1,
    "bot-149": 1,
    "bot-123": 1,
    "bot-88": 3,
    "florrio": 3,
    "bot-58": 1,
    "bot-29": 1,
    "bot-136": 1,
    "bot-141": 1,
    "blossom-v2": 2,
    "bot-110": 1,
    "gardn": 1,
    "bot-38": 1,
    "bot-131": 1,
    "bot-43": 4,
    "bot-148": 1,
    "bot-109": 4,
    "bot-44": 1
  },
  "loadout_history": {
    "0": 960,
    "1": 799,
    "14": 12,
    "10": 6,
    "11": 3,
    "5": 9,
    "18": 7,
    "46": 1,
    "28": 4,
    "117": 1,
    "15": 10,
    "16": 5,
    "9": 5,
    "34": 2,
    "35": 1,
    "20": 2,
    "8": 1,
    "39": 1,
    "7": 3,
    "116": 1,
    "32": 1,
    "6": 2,
    "49": 2,
    "36": 2,
    "83": 1,
    "167": 1,
    "26": 2,
    "84": 1,
    "79": 5,
    "19": 3,
    "24": 2,
    "12": 1,
    "124": 1,
    "33": 1,
    "160": 1,
    "175": 1,
    "37": 1,
    "86": 1,
    "25": 3,
    "21": 1,
    "136": 2,
    "59": 1,
    "69": 1,
    "89": 1,
    "23": 1,
    "60": 1,
    "204": 1,
    "135": 1,
    "107": 1
  }
}