{
  "schema": 1,
  "name": "bot-eqvx",
  "first_seen": 1778218301.571797,
  "last_seen": 1778278894.099227,
  "episodes": 2407,
  "score_total": 213993,
  "score_best": 7621,
  "best_loadout": [
    0,
    40,
    9,
    0,
    1,
    0,
    0,
    51
  ],
  "killed_by": {
    "Hornet": 1325,
    "Bee": 115,
    "Soldier Ant": 44,
    "67": 21,
    "bot-qhpe": 26,
    "Spider": 69,
    "root": 34,
    "bot-fuvq": 27,
    "petalpop": 35,
    "florrio": 29,
    "bot-wbxw": 25,
    "Ladybug": 22,
    "Rock": 26,
    "Desert Centipede": 1,
    "hello": 31,
    "bot-yrut": 30,
    "rosie": 24,
    "zorr": 32,
    "not bot": 28,
    "blossom": 10,
    "Ant Hole": 1,
    "Centipede": 86,
    "bot-liwn": 23,
    "bot-mcta": 23,
    "bot-mqcq": 29,
    "bot": 20,
    "bot-iraf": 27,
    "bot-nugt": 22,
    "bot-derv": 23,
    "Beetle": 1,
    "leafy": 23,
    "bot-rklz": 20,
    "a": 22,
    "bot-ihff": 20,
    "Boulder": 6,
    "aa": 18,
    "bot-uxnr": 22,
    "Baby Ant": 3,
    "thorn": 16,
    "gardn": 27,
    "bot-thyg": 18,
    "Cactus": 1,
    "Massive Ladybug": 1
  },
  "loadout_history": {
    "0": 2350,
    "1": 1463,
    "14": 104,
    "9": 111,
    "5": 106,
    "35": 33,
    "24": 74,
    "34": 67,
    "18": 91,
    "40": 104,
    "43": 3,
    "10": 45,
    "21": 1,
    "41": 38,
    "6": 38,
    "55": 8,
    "23": 27,
    "42": 10,
    "19": 28,
    "26": 4,
    "44": 1,
    "16": 10,
    "28": 18,
    "20": 8,
    "11": 10,
    "29": 3,
    "48": 22,
    "25": 17,
    "7": 12,
    "32": 13,
    "36": 9,
    "15": 15,
    "17": 3,
    "38": 1,
    "46": 5,
    "62": 1,
    "39": 5,
    "33": 11,
    "60": 1,
    "37": 2,
    "61": 1,
    "30": 1,
    "77": 4,
    "63": 2,
    "47": 5,
    "52": 1,
    "51": 1,
    "8": 1,
    "27": 1
  }
}