{
  "schema": 1,
  "name": "bot-31",
  "first_seen": 1778543460.086347,
  "last_seen": 1778713008.058676,
  "episodes": 1192,
  "score_total": 185902,
  "score_best": 10458,
  "best_loadout": [
    0,
    0,
    0,
    0,
    0,
    0,
    0,
    0
  ],
  "killed_by": {
    "Scorpion": 5,
    "bot-63": 2,
    "Hornet": 284,
    "Wasp": 189,
    "Cactus": 64,
    "bot-71": 2,
    "Beetle": 51,
    "Rock": 9,
    "bot-137": 1,
    "Spider": 30,
    "Sandstorm": 14,
    "Mantis": 102,
    "Centipede": 63,
    "bot-131": 1,
    "flower": 1,
    "bot-43": 1,
    "bot-70": 4,
    "67": 2,
    "Evil Centipede": 11,
    "Bee": 106,
    "bot-120": 1,
    "bot-40": 1,
    "bloomy": 2,
    "bot-55": 1,
    "Ladybug": 58,
    "bot-25": 2,
    "bot-73": 1,
    "blossom-v2": 1,
    "bot-29": 2,
    "Leafbug": 21,
    "bot-123": 1,
    "Bush": 6,
    "bot-64": 2,
    "gardn": 1,
    "bot-98": 3,
    "bot-100": 1,
    "bot-145": 1,
    "bot-90": 8,
    "bot-102": 2,
    "bot-97": 3,
    "bot-82": 1,
    "bot-80": 1,
    "bot-42": 3,
    "bot-49": 1,
    "bot-132": 3,
    "bot-38": 2,
    "bot-112": 1,
    "bot-121": 1,
    "bot-134": 1,
    "rosie": 2,
    "bot-46": 1,
    "bot-126": 1,
    "bot-88": 1,
    "bot-86": 1,
    "bot-78": 2,
    "bot-95": 4,
    "thorn": 1,
    "bot-22": 1,
    "bot-28": 1,
    "bot-91": 1,
    "a": 2,
    "bot-115": 2,
    "bot-141": 1,
    "bot-87": 1,
    "bot-96": 1,
    "bot-139": 1,
    "bot-119": 1,
    "bot-66": 3,
    "zorr": 3,
    "bot-81": 2,
    "bot-147": 1,
    "bot-142": 1,
    "bot-54": 1,
    "bot-106": 1,
    "bot-117": 5,
    "bot-27": 1,
    "bloom": 2,
    "bot-128": 2,
    "bot-58": 1,
    "bot-51": 1,
    "bot-110": 2,
    "Desert Centipede": 3,
    "bot-34": 2,
    "bot-59": 1,
    "bot-79": 2,
    "not bot": 2,
    "bot-69": 5,
    "bot-57": 4,
    "bot-75": 1,
    "Worker Ant": 2,
    "bot-89": 1,
    "Baby Ant": 3,
    "bot-105": 1,
    "Soldier Ant": 2,
    "bot-116": 1,
    "bot-33": 1,
    "bot-149": 1,
    "bot-108": 3,
    "bot-30": 1,
    "bot-133": 1,
    "bot-103": 1,
    "bot-92": 1,
    "bot-53": 1,
    "blossom": 1,
    "bot-68": 1,
    "bot-113": 2,
    "bot-83": 1,
    "bot-118": 1,
    "bot-107": 1,
    "bot-32": 2,
    "bot-84": 3,
    "bot-52": 1,
    "bot-127": 1,
    "bot-94": 1
  },
  "loadout_history": {
    "0": 1013,
    "1": 822,
    "49": 3,
    "5": 13,
    "14": 12,
    "23": 3,
    "15": 10,
    "28": 6,
    "79": 6,
    "46": 1,
    "9": 18,
    "24": 8,
    "167": 4,
    "34": 4,
    "39": 1,
    "6": 12,
    "29": 4,
    "51": 2,
    "8": 3,
    "36": 1,
    "12": 2,
    "7": 4,
    "61": 1,
    "11": 4,
    "18": 8,
    "182": 1,
    "32": 1,
    "10": 5,
    "19": 1,
    "204": 1,
    "58": 1,
    "16": 2,
    "27": 1,
    "60": 1,
    "107": 1,
    "69": 1,
    "55": 1,
    "86": 1,
    "116": 3,
    "25": 1,
    "20": 1,
    "68": 1,
    "48": 1,
    "89": 1,
    "135": 1,
    "17": 1,
    "160": 1
  }
}