{
  "schema": 1,
  "name": "bot-106",
  "first_seen": 1778364741.472102,
  "last_seen": 1778556790.798568,
  "episodes": 151,
  "score_total": 5262,
  "score_best": 530,
  "best_loadout": [
    0,
    0,
    0,
    0,
    0,
    0
  ],
  "killed_by": {
    "Spider": 5,
    "Hornet": 44,
    "Bee": 4,
    "Cactus": 12,
    "Beetle": 13,
    "bot-502": 1,
    "bot-105": 3,
    "Soldier Ant": 2,
    "bot-301": 1,
    "bot-104": 1,
    "bot-501": 3,
    "Centipede": 8,
    "Worker Ant": 2,
    "bot-504": 2,
    "Ladybug": 2,
    "Desert Centipede": 2,
    "Mantis": 9,
    "Wasp": 12,
    "bot-114": 2,
    "bot-90": 2,
    "hello": 1,
    "zorr": 1,
    "bot-113": 1,
    "bot-82": 1,
    "Evil Centipede": 1,
    "bot-41": 1
  },
  "loadout_history": {
    "0": 137,
    "1": 114,
    "14": 7,
    "9": 3,
    "5": 6,
    "18": 1,
    "15": 3,
    "79": 2,
    "19": 3,
    "24": 3,
    "10": 4,
    "34": 2,
    "68": 1,
    "116": 1,
    "7": 1,
    "167": 1
  }
}