{
  "schema": 1,
  "name": "bot-90",
  "first_seen": 1778543621.4822998,
  "last_seen": 1778623247.874824,
  "episodes": 480,
  "score_total": 46427,
  "score_best": 6000,
  "best_loadout": [
    0,
    0,
    0,
    0,
    0,
    0,
    0
  ],
  "killed_by": {
    "Hornet": 108,
    "bot-72": 1,
    "Wasp": 92,
    "Desert Centipede": 1,
    "Mantis": 49,
    "Sandstorm": 7,
    "bot-32": 1,
    "bot-149": 1,
    "Cactus": 26,
    "Beetle": 20,
    "Evil Centipede": 7,
    "bot-113": 1,
    "Bee": 33,
    "Ladybug": 20,
    "bot-88": 1,
    "bot-148": 2,
    "Leafbug": 10,
    "Spider": 18,
    "bot-46": 2,
    "bot-49": 1,
    "bot-56": 1,
    "hello": 1,
    "rosie": 1,
    "bot-34": 1,
    "Baby Ant": 1,
    "Centipede": 11,
    "Bush": 2,
    "bot-124": 1,
    "bot-43": 2,
    "Soldier Ant": 1,
    "Rock": 2,
    "bot-65": 2,
    "Scorpion": 2,
    "bot-38": 2,
    "bot-134": 3,
    "bot-121": 2,
    "bot-45": 1,
    "flower": 1,
    "bot-138": 1,
    "bot-132": 1,
    "bot-117": 1,
    "bot-110": 1,
    "bot-115": 1,
    "bot-103": 1,
    "bot-119": 2,
    "bot-60": 1,
    "bot-99": 1,
    "Worker Ant": 2,
    "bot-98": 3,
    "bot-144": 1,
    "thorny": 1,
    "bot-47": 3,
    "bot-44": 2,
    "petalpop": 1,
    "bot-83": 1,
    "bot-116": 1,
    "bot-85": 1,
    "bot-74": 1,
    "zorr": 1,
    "thornbloom": 1,
    "bot-91": 1,
    "bot-127": 1,
    "bot-118": 2
  },
  "loadout_history": {
    "0": 425,
    "1": 326,
    "14": 5,
    "47": 1,
    "25": 3,
    "51": 3,
    "69": 1,
    "15": 5,
    "29": 1,
    "9": 2,
    "19": 2,
    "24": 3,
    "5": 5,
    "18": 4,
    "16": 4,
    "49": 1,
    "6": 3,
    "7": 1,
    "20": 1,
    "35": 1,
    "28": 2,
    "10": 2,
    "11": 2,
    "26": 1,
    "117": 1,
    "23": 1
  }
}