{
  "schema": 1,
  "name": "bot-50",
  "first_seen": 1778543631.3822532,
  "last_seen": 1778556756.156839,
  "episodes": 63,
  "score_total": 3175,
  "score_best": 151,
  "best_loadout": [
    0,
    0,
    0,
    0,
    0
  ],
  "killed_by": {
    "bot-147": 1,
    "Cactus": 3,
    "Sandstorm": 1,
    "Beetle": 7,
    "bot-148": 1,
    "Hornet": 11,
    "Centipede": 2,
    "bot-46": 2,
    "Scorpion": 1,
    "Wasp": 17,
    "Mantis": 3,
    "Bee": 2,
    "bot-93": 1,
    "Rock": 1,
    "bot-95": 1,
    "bot-111": 1
  },
  "loadout_history": {
    "0": 58,
    "1": 52,
    "69": 1,
    "14": 4,
    "45": 2,
    "5": 5,
    "204": 1,
    "20": 1,
    "7": 1,
    "18": 2,
    "24": 3,
    "9": 1,
    "180": 1
  }
}