{
  "schema": 1,
  "name": "bot-106",
  "first_seen": 1778364741.472102,
  "last_seen": 1778712825.813247,
  "episodes": 1289,
  "score_total": 197002,
  "score_best": 8414,
  "best_loadout": [
    0,
    0,
    0,
    0,
    0,
    0,
    0,
    0
  ],
  "killed_by": {
    "Spider": 48,
    "Hornet": 322,
    "Bee": 109,
    "Cactus": 79,
    "Beetle": 48,
    "bot-502": 1,
    "bot-105": 4,
    "Soldier Ant": 3,
    "bot-301": 1,
    "bot-104": 2,
    "bot-501": 3,
    "Centipede": 33,
    "Worker Ant": 9,
    "bot-504": 2,
    "Ladybug": 48,
    "Desert Centipede": 6,
    "Mantis": 118,
    "Wasp": 226,
    "bot-114": 2,
    "bot-90": 3,
    "hello": 3,
    "zorr": 1,
    "bot-113": 4,
    "bot-82": 2,
    "Evil Centipede": 13,
    "bot-41": 1,
    "leafy": 2,
    "bot-60": 4,
    "Rock": 11,
    "Bush": 14,
    "bot-77": 4,
    "bot-33": 2,
    "bot-111": 1,
    "blossom": 3,
    "florrio": 1,
    "bot-101": 4,
    "bot-136": 2,
    "bot-29": 2,
    "bot-125": 1,
    "bot-95": 2,
    "petalpop": 2,
    "Scorpion": 7,
    "bot-94": 2,
    "Leafbug": 7,
    "bot-79": 4,
    "bot-140": 1,
    "bot-112": 1,
    "bot-69": 2,
    "bot-126": 3,
    "bot-86": 1,
    "gardn": 2,
    "bot-52": 1,
    "bot-66": 2,
    "bot-129": 4,
    "bot-100": 1,
    "bot-50": 2,
    "bot-102": 1,
    "bot-121": 1,
    "bot-31": 3,
    "bot-144": 1,
    "bot-98": 1,
    "bot-146": 1,
    "bot-43": 1,
    "Sandstorm": 7,
    "bot-99": 1,
    "bot-75": 2,
    "bot-36": 1,
    "bot-27": 3,
    "67": 1,
    "bot-81": 1,
    "bot-40": 3,
    "bot-108": 1,
    "bot-147": 1,
    "bot-141": 2,
    "bot-84": 2,
    "bot-58": 1,
    "bot-71": 1,
    "bot-93": 1,
    "Queen Ant": 1,
    "bot-132": 2,
    "bot-70": 1,
    "Baby Ant": 1,
    "not bot": 2,
    "thornbloom": 1,
    "bot-47": 4,
    "bot-59": 2,
    "bot-133": 1,
    "aa": 2,
    "bot-110": 1,
    "bot-56": 1,
    "bot-117": 2,
    "bot-138": 1,
    "bot-118": 1,
    "bot-142": 1,
    "bot-78": 1,
    "bot": 2,
    "bot-96": 1,
    "bot-85": 1,
    "bot-131": 1,
    "thorny": 1,
    "bot-128": 2,
    "bot-30": 1,
    "bot-51": 1,
    "bot-109": 1,
    "bot-116": 1,
    "bot-137": 1,
    "bot-88": 1,
    "bot-149": 1,
    "bot-26": 1,
    "bot-23": 1,
    "bot-115": 1,
    "bot-103": 1,
    "bloomy": 1,
    "bot-120": 1,
    "bot-74": 1,
    "bot-48": 1
  },
  "loadout_history": {
    "0": 1094,
    "1": 905,
    "14": 16,
    "9": 6,
    "5": 17,
    "18": 9,
    "15": 10,
    "79": 3,
    "19": 6,
    "24": 5,
    "10": 8,
    "34": 3,
    "68": 1,
    "116": 2,
    "7": 3,
    "167": 2,
    "6": 10,
    "48": 1,
    "84": 1,
    "31": 1,
    "35": 1,
    "36": 4,
    "49": 1,
    "13": 2,
    "25": 5,
    "51": 2,
    "29": 1,
    "16": 3,
    "45": 1,
    "39": 1,
    "21": 1,
    "55": 1,
    "135": 1,
    "12": 1,
    "61": 1,
    "23": 3,
    "83": 1,
    "117": 2,
    "17": 2,
    "20": 2,
    "89": 1,
    "46": 1,
    "33": 2,
    "11": 1,
    "22": 1
  }
}