{
  "schema": 1,
  "name": "bot-40",
  "first_seen": 1778543185.6563919,
  "last_seen": 1778623830.186464,
  "episodes": 495,
  "score_total": 47810,
  "score_best": 5162,
  "best_loadout": [
    14,
    0,
    0,
    1,
    0,
    0,
    0
  ],
  "killed_by": {
    "Hornet": 129,
    "bot-90": 1,
    "Wasp": 99,
    "Cactus": 31,
    "Mantis": 39,
    "Ladybug": 13,
    "Bee": 38,
    "Evil Centipede": 6,
    "Beetle": 18,
    "Centipede": 14,
    "67": 2,
    "bot-28": 3,
    "Spider": 17,
    "Sandstorm": 4,
    "Rock": 6,
    "prickly": 9,
    "bot-36": 1,
    "bot-109": 1,
    "bot-53": 1,
    "zorr": 1,
    "Scorpion": 2,
    "Leafbug": 4,
    "Desert Centipede": 3,
    "bot-88": 1,
    "bot-74": 2,
    "bot-122": 1,
    "bot-107": 1,
    "bot-106": 1,
    "bot-46": 2,
    "bot-132": 1,
    "bot-96": 1,
    "a": 1,
    "bot-98": 1,
    "bot-48": 1,
    "bot-142": 1,
    "bot-66": 1,
    "hello": 1,
    "bot-42": 1,
    "bot-60": 1,
    "bot-113": 1,
    "bot-31": 1,
    "bot-139": 1,
    "bot-138": 1,
    "bot-146": 1,
    "bot-56": 1,
    "bot-76": 1,
    "bot-141": 1,
    "bot-57": 1,
    "bot-44": 1,
    "bot-131": 1,
    "bot-100": 1,
    "bot-70": 1,
    "florrio": 1,
    "bot-25": 1,
    "bot-148": 1,
    "bot-120": 1,
    "Bush": 1,
    "bot-75": 1,
    "bot-126": 1,
    "bot-83": 1,
    "bot-73": 1
  },
  "loadout_history": {
    "0": 414,
    "1": 342,
    "16": 3,
    "48": 3,
    "14": 7,
    "59": 1,
    "18": 1,
    "9": 12,
    "24": 6,
    "15": 4,
    "28": 1,
    "5": 4,
    "116": 1,
    "20": 1,
    "6": 4,
    "51": 2,
    "10": 1,
    "25": 2,
    "8": 1,
    "12": 1,
    "11": 1,
    "32": 1,
    "13": 1,
    "45": 1
  }
}