{
  "schema": 1,
  "name": "bot-36",
  "first_seen": 1778543098.195971,
  "last_seen": 1778623958.84587,
  "episodes": 428,
  "score_total": 48055,
  "score_best": 5022,
  "best_loadout": [
    0,
    0,
    1,
    0,
    0,
    0,
    0
  ],
  "killed_by": {
    "Hornet": 111,
    "Bee": 29,
    "Wasp": 56,
    "Cactus": 25,
    "Mantis": 49,
    "bot-70": 1,
    "Centipede": 11,
    "Bush": 7,
    "bot-111": 1,
    "Beetle": 19,
    "Scorpion": 6,
    "bot-86": 1,
    "Evil Centipede": 2,
    "blossom-v2": 1,
    "gardn": 1,
    "Sandstorm": 4,
    "bot-114": 1,
    "Ladybug": 19,
    "bot-44": 1,
    "bot-125": 1,
    "bot-134": 1,
    "bot-122": 1,
    "a": 1,
    "bot-110": 1,
    "Spider": 9,
    "bot-137": 1,
    "bot-121": 3,
    "Leafbug": 2,
    "bot-139": 1,
    "bot-59": 2,
    "bot-99": 1,
    "flower": 2,
    "root": 1,
    "bot-53": 6,
    "thornbloom": 1,
    "bot-58": 2,
    "bot-147": 1,
    "bot-133": 1,
    "bot-77": 1,
    "bot-112": 1,
    "Rock": 3,
    "bot-25": 2,
    "bot-126": 1,
    "bot-124": 1,
    "florrio": 1,
    "bot-32": 2,
    "bot-34": 2,
    "Worker Ant": 2,
    "bot-119": 1,
    "bot-98": 1,
    "bot-66": 1,
    "bot-63": 1,
    "bot-75": 1,
    "bot-31": 1,
    "bot-95": 1,
    "bot-51": 1,
    "bot-48": 6,
    "bot-54": 1,
    "bot-93": 1,
    "bot-71": 1
  },
  "loadout_history": {
    "0": 377,
    "1": 266,
    "24": 5,
    "9": 8,
    "5": 4,
    "28": 3,
    "14": 6,
    "79": 2,
    "10": 4,
    "116": 1,
    "11": 1,
    "167": 2,
    "6": 3,
    "16": 1,
    "69": 1,
    "7": 5,
    "18": 1,
    "94": 1,
    "15": 1,
    "34": 1,
    "25": 1,
    "86": 1
  }
}