{
  "schema": 1,
  "name": "bot-143",
  "first_seen": 1778543535.476518,
  "last_seen": 1778545624.541037,
  "episodes": 18,
  "score_total": 1814,
  "score_best": 549,
  "best_loadout": [
    0,
    1,
    0,
    0,
    0,
    0
  ],
  "killed_by": {
    "bot-96": 1,
    "Hornet": 5,
    "Wasp": 1,
    "Beetle": 1,
    "bot-108": 2,
    "Mantis": 1,
    "bot-100": 1,
    "bot-40": 2,
    "bot-120": 2
  },
  "loadout_history": {
    "0": 17,
    "1": 12,
    "167": 1,
    "24": 3,
    "39": 1,
    "6": 2,
    "9": 1,
    "14": 3,
    "25": 1,
    "10": 1,
    "5": 1
  }
}