{
  "schema": 1,
  "name": "bot-73",
  "first_seen": 1778543181.8947861,
  "last_seen": 1779316771.210509,
  "episodes": 1391,
  "score_total": 211295,
  "score_best": 5770,
  "best_loadout": [
    1,
    0,
    0,
    0,
    0,
    0,
    0
  ],
  "killed_by": {
    "Wasp": 249,
    "bot-89": 1,
    "bot-64": 3,
    "Mantis": 98,
    "bot-119": 3,
    "Hornet": 349,
    "hello": 3,
    "Desert Centipede": 14,
    "Evil Centipede": 23,
    "Bee": 108,
    "bot-51": 2,
    "Beetle": 67,
    "Cactus": 74,
    "Spider": 48,
    "bot-54": 2,
    "bot-32": 1,
    "bot-25": 2,
    "zorr": 1,
    "Scorpion": 8,
    "florrio": 1,
    "Ladybug": 48,
    "bot-84": 3,
    "Bush": 21,
    "bot-76": 3,
    "bot-103": 2,
    "bot-127": 3,
    "Rock": 12,
    "Leafbug": 22,
    "Centipede": 33,
    "bot-55": 4,
    "bot-111": 2,
    "Baby Ant": 4,
    "Sandstorm": 20,
    "bot-49": 3,
    "bot-58": 6,
    "bot-52": 1,
    "bot-74": 2,
    "bot-107": 2,
    "bot-96": 5,
    "thornbloom": 1,
    "bot-133": 4,
    "bot-123": 1,
    "bot-131": 4,
    "bot-140": 4,
    "bot-31": 1,
    "bot-86": 1,
    "bot-92": 3,
    "bot-145": 2,
    "bot-99": 2,
    "Worker Ant": 7,
    "bot-66": 1,
    "bot-115": 2,
    "bot-121": 1,
    "bloom": 3,
    "bot-128": 2,
    "bot-59": 1,
    "a": 1,
    "Soldier Ant": 11,
    "bot-67": 1,
    "bot-139": 1,
    "bloomy": 1,
    "bot-135": 3,
    "bot-113": 1,
    "bot-141": 2,
    "bot-60": 1,
    "bot-28": 1,
    "bot-90": 2,
    "bot-34": 2,
    "bot-100": 1,
    "bot-48": 2,
    "bot-45": 5,
    "bot-72": 2,
    "bot-88": 1,
    "bot-129": 1,
    "bot-80": 3,
    "bot-50": 2,
    "bot-101": 1,
    "bot-98": 1,
    "bot-37": 1,
    "bot-122": 1,
    "bot-104": 1,
    "thorny": 2,
    "not bot": 1,
    "bot-114": 1,
    "bot-38": 1,
    "bot-53": 1,
    "bot-24": 1,
    "bot-112": 1,
    "bot-56": 1,
    "bot-148": 1,
    "bot-27": 1,
    "bot-125": 1,
    "bot-102": 3,
    "root": 1,
    "leafy": 1,
    "bot-63": 2,
    "bot-136": 1,
    "bot-68": 1,
    "bot-78": 4,
    "bot-43": 1,
    "bot-77": 2,
    "bot-97": 1,
    "bot-30": 1
  },
  "loadout_history": {
    "0": 1203,
    "1": 942,
    "69": 3,
    "24": 15,
    "28": 9,
    "49": 2,
    "34": 2,
    "33": 2,
    "14": 33,
    "11": 4,
    "35": 4,
    "6": 11,
    "7": 3,
    "46": 1,
    "15": 9,
    "19": 8,
    "9": 10,
    "116": 6,
    "23": 3,
    "16": 3,
    "83": 3,
    "84": 1,
    "18": 13,
    "12": 2,
    "62": 1,
    "20": 2,
    "10": 9,
    "27": 1,
    "5": 15,
    "136": 1,
    "25": 10,
    "32": 2,
    "26": 4,
    "56": 1,
    "48": 4,
    "37": 2,
    "8": 3,
    "47": 1,
    "167": 5,
    "29": 4,
    "79": 7,
    "36": 2,
    "21": 1,
    "183": 1,
    "13": 2,
    "17": 1,
    "89": 1,
    "58": 1,
    "204": 1,
    "170": 1,
    "40": 1
  }
}