{
  "schema": 1,
  "name": "bot-29",
  "first_seen": 1778543092.142805,
  "last_seen": 1778556751.181914,
  "episodes": 73,
  "score_total": 4402,
  "score_best": 365,
  "best_loadout": [
    0,
    0,
    0,
    0,
    0,
    0
  ],
  "killed_by": {
    "Sandstorm": 4,
    "Hornet": 18,
    "Beetle": 5,
    "bot-47": 1,
    "bot-75": 1,
    "Wasp": 17,
    "Scorpion": 1,
    "Evil Centipede": 1,
    "bot-141": 1,
    "bot-80": 2,
    "Leafbug": 1,
    "bot-67": 1,
    "Mantis": 4,
    "Bee": 1,
    "Cactus": 2,
    "Ladybug": 2,
    "bot-115": 1,
    "petalpop": 1
  },
  "loadout_history": {
    "0": 68,
    "1": 54,
    "18": 4,
    "28": 1,
    "14": 2,
    "58": 1,
    "11": 1,
    "5": 6,
    "24": 1,
    "167": 1,
    "9": 1,
    "79": 1,
    "46": 1,
    "51": 1,
    "116": 1,
    "15": 1,
    "25": 1
  }
}