{
  "schema": 1,
  "name": "bot-ecog",
  "first_seen": 1778213078.40605,
  "last_seen": 1778213318.4005172,
  "episodes": 54,
  "score_total": 3188,
  "score_best": 257,
  "best_loadout": [
    40,
    25,
    0,
    15,
    1,
    23
  ],
  "killed_by": {
    "Hornet": 28,
    "Soldier Ant": 1,
    "bot-sqrk": 2,
    "Bee": 5,
    "leafy": 1,
    "bot-apai": 3,
    "a": 1,
    "bot-ngyh": 1,
    "not bot": 1,
    "bot-ujxq": 2,
    "67": 2,
    "Centipede": 2,
    "aa": 1,
    "bot-madf": 1,
    "bot-vvsc": 1,
    "Massive Ladybug": 1
  },
  "loadout_history": {
    "8": 1,
    "1": 49,
    "0": 29,
    "11": 1,
    "18": 1,
    "16": 3,
    "14": 9,
    "24": 4,
    "9": 6,
    "5": 4,
    "23": 3,
    "35": 1,
    "63": 1,
    "28": 1,
    "40": 9,
    "55": 1,
    "7": 1,
    "15": 1,
    "25": 2,
    "6": 1,
    "33": 1,
    "26": 1,
    "34": 1,
    "39": 1,
    "17": 1,
    "46": 1
  }
}