{
  "schema": 1,
  "name": "bot-119",
  "first_seen": 1778543486.3239942,
  "last_seen": 1778622463.207492,
  "episodes": 459,
  "score_total": 74080,
  "score_best": 7008,
  "best_loadout": [
    1,
    1,
    1,
    0,
    1,
    0,
    0,
    0
  ],
  "killed_by": {
    "Mantis": 59,
    "bot-52": 1,
    "Hornet": 111,
    "Wasp": 71,
    "Cactus": 30,
    "Beetle": 14,
    "bot-133": 2,
    "Bee": 32,
    "bot-143": 1,
    "Sandstorm": 5,
    "bot-109": 2,
    "bot-142": 1,
    "bot-108": 1,
    "blossom-v2": 1,
    "Scorpion": 11,
    "Rock": 6,
    "Evil Centipede": 4,
    "bot-113": 2,
    "bot-24": 1,
    "Spider": 8,
    "Leafbug": 9,
    "Soldier Ant": 1,
    "Ladybug": 14,
    "Bush": 5,
    "Centipede": 11,
    "aa": 1,
    "bot-41": 2,
    "bot-22": 1,
    "bot-27": 1,
    "bot-53": 1,
    "not bot": 1,
    "bot-98": 4,
    "bot-34": 3,
    "bot-69": 1,
    "bot-76": 1,
    "bot-86": 2,
    "bot-124": 1,
    "bot-112": 1,
    "bot-101": 1,
    "bot-65": 1,
    "bot-87": 1,
    "bot-137": 1,
    "bot-23": 1,
    "bot-106": 1,
    "bot-105": 2,
    "bot-123": 1,
    "Baby Ant": 2,
    "blossom": 1,
    "bot-94": 1,
    "bot-117": 1,
    "bot-32": 1,
    "bot-42": 1,
    "bot-144": 1,
    "bot-145": 1,
    "Worker Ant": 2,
    "bot-74": 1,
    "bot-80": 1,
    "bot-31": 1,
    "bot-51": 1,
    "bot-146": 2
  },
  "loadout_history": {
    "0": 404,
    "1": 299,
    "29": 4,
    "69": 2,
    "14": 9,
    "16": 3,
    "5": 3,
    "23": 1,
    "24": 7,
    "18": 6,
    "15": 12,
    "7": 2,
    "25": 3,
    "34": 2,
    "10": 1,
    "6": 2,
    "9": 3,
    "11": 3,
    "17": 2,
    "8": 3,
    "12": 1,
    "26": 2,
    "32": 1,
    "79": 2,
    "20": 1,
    "33": 1,
    "35": 1,
    "86": 1,
    "115": 1,
    "19": 2
  }
}