{
  "schema": 1,
  "name": "bot-137",
  "first_seen": 1778543574.336104,
  "last_seen": 1778638721.9894998,
  "episodes": 611,
  "score_total": 106517,
  "score_best": 7564,
  "best_loadout": [
    0,
    0,
    0,
    0,
    0,
    0,
    0,
    0
  ],
  "killed_by": {
    "Mantis": 55,
    "Desert Centipede": 7,
    "bot-105": 1,
    "Hornet": 124,
    "bot-31": 3,
    "bot-99": 2,
    "Bee": 58,
    "Wasp": 109,
    "bot-103": 2,
    "Sandstorm": 8,
    "bot-84": 1,
    "bot-91": 5,
    "bot-100": 2,
    "Evil Centipede": 10,
    "prickly": 1,
    "bot-149": 1,
    "Cactus": 43,
    "Worker Ant": 2,
    "bot-108": 1,
    "Baby Ant": 1,
    "bot-24": 2,
    "bot-44": 1,
    "Rock": 6,
    "Beetle": 26,
    "Ladybug": 17,
    "Bush": 6,
    "Centipede": 20,
    "Spider": 9,
    "Leafbug": 10,
    "Scorpion": 8,
    "bot-89": 3,
    "bot-56": 1,
    "bot-142": 1,
    "not bot": 2,
    "bot-109": 2,
    "bot-54": 2,
    "bot-79": 1,
    "bot-29": 1,
    "bot-82": 1,
    "bot-32": 2,
    "bot-90": 1,
    "bot-131": 2,
    "bot-110": 3,
    "bot-50": 1,
    "florrio": 1,
    "bot-125": 1,
    "petalpop": 1,
    "bot-73": 2,
    "bot-58": 1,
    "bot-66": 2,
    "bot-69": 2,
    "blossom-v2": 1,
    "bloomy": 2,
    "bot-92": 1,
    "bot": 1,
    "bot-133": 1,
    "bot-135": 1,
    "bot-122": 1,
    "bot-113": 1,
    "bot-87": 1,
    "bot-101": 1,
    "bot-107": 1,
    "bot-53": 1,
    "bot-46": 1,
    "bot-96": 1,
    "bot-64": 1,
    "bot-77": 5,
    "bot-118": 1,
    "bot-63": 1,
    "hello": 1,
    "leafy": 1,
    "bot-126": 2,
    "bot-57": 2
  },
  "loadout_history": {
    "0": 518,
    "1": 417,
    "49": 3,
    "5": 15,
    "34": 1,
    "11": 3,
    "24": 3,
    "25": 6,
    "14": 8,
    "9": 5,
    "15": 10,
    "18": 3,
    "29": 3,
    "17": 1,
    "23": 2,
    "6": 7,
    "79": 3,
    "97": 1,
    "8": 1,
    "21": 2,
    "13": 2,
    "60": 1,
    "16": 1,
    "51": 1,
    "48": 1,
    "28": 3,
    "19": 4,
    "92": 1,
    "7": 1,
    "117": 1,
    "22": 1,
    "35": 1,
    "10": 1,
    "20": 1
  }
}