{
  "schema": 1,
  "name": "bot-95",
  "first_seen": 1778543125.823444,
  "last_seen": 1779316750.22727,
  "episodes": 1400,
  "score_total": 241548,
  "score_best": 6355,
  "best_loadout": [
    0,
    0,
    0,
    0,
    0,
    0,
    0,
    0
  ],
  "killed_by": {
    "Ladybug": 39,
    "Hornet": 374,
    "Sandstorm": 7,
    "Mantis": 119,
    "Beetle": 60,
    "hello": 1,
    "Wasp": 248,
    "bot-127": 1,
    "bot-59": 1,
    "Bee": 96,
    "bot-131": 3,
    "Evil Centipede": 22,
    "Cactus": 76,
    "Centipede": 38,
    "bot-46": 2,
    "bot-50": 2,
    "bot-126": 1,
    "Worker Ant": 4,
    "bot-55": 2,
    "bot-120": 1,
    "bot-36": 2,
    "Bush": 14,
    "zorr": 3,
    "Spider": 47,
    "bot-124": 1,
    "blossom": 1,
    "bot-105": 2,
    "Leafbug": 18,
    "Baby Ant": 1,
    "flower": 2,
    "bot-100": 3,
    "Rock": 20,
    "bloomy": 13,
    "bot-128": 1,
    "a": 1,
    "bot-82": 1,
    "bot-125": 1,
    "bot-32": 1,
    "bot-149": 3,
    "bot-91": 1,
    "bot-90": 1,
    "bot-75": 1,
    "bot-22": 3,
    "bot-134": 2,
    "bot-111": 1,
    "bot-96": 1,
    "bot-52": 2,
    "Scorpion": 13,
    "thorn": 1,
    "bot-42": 1,
    "bot-60": 1,
    "petalpop": 2,
    "bot-130": 1,
    "bot-121": 1,
    "bot-81": 2,
    "bot-118": 2,
    "bot-138": 1,
    "bot-77": 1,
    "bot-70": 4,
    "bot-108": 2,
    "bot-135": 1,
    "bot-37": 2,
    "bot-80": 1,
    "bot-110": 1,
    "bot-112": 1,
    "bot-148": 2,
    "bot-74": 2,
    "bot-136": 6,
    "bot-30": 1,
    "bot-104": 1,
    "bot-66": 2,
    "bot-113": 2,
    "root": 2,
    "bot-72": 2,
    "bot-57": 2,
    "bot-73": 1,
    "bot-107": 3,
    "bot-137": 4,
    "bot-47": 1,
    "bot-89": 1,
    "bot-48": 3,
    "bot-83": 1,
    "bot-98": 1,
    "bot": 1,
    "bot-145": 3,
    "not bot": 2,
    "bot-88": 1,
    "bot-45": 1,
    "bot-79": 2,
    "bot-122": 1,
    "bot-117": 1,
    "bot-97": 1,
    "bot-78": 4,
    "bot-116": 1,
    "bot-67": 1,
    "bot-142": 2,
    "bot-35": 2,
    "bot-87": 1,
    "bot-93": 1,
    "bot-31": 2,
    "bot-68": 1,
    "bot-84": 1,
    "bot-58": 1,
    "bot-147": 3,
    "67": 8,
    "bot-115": 1,
    "bot-53": 1,
    "bot-103": 1,
    "leafy": 1,
    "bot-92": 1,
    "Soldier Ant": 2,
    "bot-133": 1,
    "bot-143": 2,
    "bot-63": 2,
    "bot-40": 1,
    "Desert Centipede": 3,
    "bot-141": 1
  },
  "loadout_history": {
    "1": 993,
    "14": 30,
    "0": 1227,
    "19": 4,
    "24": 20,
    "46": 5,
    "28": 4,
    "16": 4,
    "33": 3,
    "5": 21,
    "79": 1,
    "69": 5,
    "49": 2,
    "30": 2,
    "15": 15,
    "9": 13,
    "10": 3,
    "25": 8,
    "51": 2,
    "18": 9,
    "26": 2,
    "6": 12,
    "12": 1,
    "23": 1,
    "136": 1,
    "175": 2,
    "116": 1,
    "17": 2,
    "37": 1,
    "8": 4,
    "180": 2,
    "21": 2,
    "13": 2,
    "177": 1,
    "11": 4,
    "34": 4,
    "20": 1,
    "35": 5,
    "167": 1,
    "60": 2,
    "7": 1,
    "48": 2,
    "39": 2,
    "75": 1,
    "47": 1,
    "40": 3,
    "29": 3,
    "32": 1,
    "204": 1,
    "168": 1
  }
}