{
  "schema": 1,
  "name": "bot-prpn",
  "first_seen": 1778122023.061677,
  "last_seen": 1778123047.886323,
  "episodes": 10,
  "score_total": 8780,
  "score_best": 5200,
  "best_loadout": [
    34,
    40,
    40,
    34,
    25,
    38,
    14
  ],
  "killed_by": {
    "leafy": 1,
    "Rock": 1,
    "a": 3,
    "Cactus": 2,
    "sussy": 1,
    "bot-nkes": 1
  },
  "loadout_history": {
    "1": 2,
    "40": 4,
    "34": 8,
    "18": 2,
    "5": 7,
    "38": 2,
    "14": 7,
    "25": 2,
    "9": 3,
    "10": 1,
    "19": 1,
    "23": 2,
    "24": 2,
    "35": 1,
    "41": 1
  }
}