{
  "schema": 1,
  "name": "bot-55",
  "first_seen": 1778543456.409951,
  "last_seen": 1779316415.567028,
  "episodes": 1421,
  "score_total": 226431,
  "score_best": 6007,
  "best_loadout": [
    0,
    16,
    0,
    0,
    0,
    0,
    0
  ],
  "killed_by": {
    "Beetle": 65,
    "Hornet": 316,
    "Mantis": 119,
    "Wasp": 243,
    "Scorpion": 29,
    "Desert Centipede": 12,
    "blossom-v2": 2,
    "bot-50": 2,
    "Bee": 101,
    "bloom": 1,
    "Cactus": 77,
    "bot-115": 2,
    "bot-34": 3,
    "Leafbug": 17,
    "rosie": 5,
    "Centipede": 46,
    "Spider": 39,
    "Evil Centipede": 20,
    "Ladybug": 69,
    "bot-140": 1,
    "bot-78": 2,
    "bot-123": 3,
    "bot-68": 4,
    "bot-65": 3,
    "Sandstorm": 21,
    "bot-23": 2,
    "bot-131": 1,
    "bot-108": 1,
    "bot-122": 1,
    "bot-92": 2,
    "bot-144": 1,
    "Rock": 6,
    "bot-137": 8,
    "bot-97": 1,
    "Worker Ant": 11,
    "gardn": 2,
    "bot-56": 1,
    "bot-94": 1,
    "bot-88": 1,
    "bot-27": 2,
    "bot-114": 1,
    "bot-85": 1,
    "bot-29": 3,
    "bot-127": 1,
    "bot-120": 1,
    "bot-48": 1,
    "Baby Ant": 4,
    "bot-104": 3,
    "bot-136": 2,
    "bot-129": 1,
    "bot-77": 4,
    "bot-69": 2,
    "florrio": 2,
    "bot-53": 1,
    "bot-134": 5,
    "bloomy": 2,
    "bot-79": 1,
    "not bot": 1,
    "Soldier Ant": 16,
    "Bush": 13,
    "bot-81": 2,
    "bot-61": 1,
    "bot-118": 4,
    "bot-51": 1,
    "bot-75": 3,
    "bot-98": 3,
    "bot-95": 2,
    "bot-121": 1,
    "bot-31": 1,
    "bot-59": 1,
    "bot-46": 2,
    "bot-146": 1,
    "bot-102": 2,
    "bot-38": 1,
    "bot-74": 3,
    "bot-145": 11,
    "bot-116": 1,
    "bot-112": 2,
    "bot-84": 3,
    "bot-25": 2,
    "bot-82": 4,
    "bot-49": 1,
    "zorr": 2,
    "leafy": 1,
    "bot-40": 1,
    "bot-96": 2,
    "bot-30": 1,
    "aa": 4,
    "bot-147": 1,
    "bot-60": 1,
    "bot-100": 3,
    "bot-135": 1,
    "bot-103": 1,
    "bot-72": 3,
    "bot-89": 1,
    "bot-107": 1,
    "bot-37": 1,
    "bot-125": 1,
    "petalpop": 2,
    "bot-93": 3,
    "bot-39": 1,
    "bot-111": 1,
    "bot-86": 1,
    "bot-43": 2,
    "root": 2
  },
  "loadout_history": {
    "1": 944,
    "0": 1233,
    "9": 15,
    "5": 24,
    "25": 10,
    "6": 9,
    "8": 4,
    "10": 4,
    "46": 2,
    "18": 5,
    "14": 25,
    "168": 2,
    "49": 2,
    "7": 7,
    "51": 3,
    "83": 1,
    "79": 5,
    "93": 1,
    "15": 16,
    "26": 3,
    "13": 2,
    "61": 1,
    "28": 10,
    "24": 11,
    "23": 4,
    "20": 2,
    "19": 5,
    "116": 1,
    "60": 2,
    "17": 1,
    "167": 1,
    "36": 2,
    "34": 5,
    "11": 3,
    "84": 1,
    "12": 3,
    "56": 1,
    "27": 1,
    "30": 1,
    "35": 3,
    "69": 1,
    "29": 6,
    "16": 6,
    "58": 2,
    "180": 1,
    "205": 1,
    "41": 1,
    "39": 2,
    "40": 1,
    "52": 1,
    "48": 1,
    "62": 1,
    "117": 1
  }
}