{
  "schema": 1,
  "name": "bot-55",
  "first_seen": 1778543456.409951,
  "last_seen": 1778624112.767786,
  "episodes": 400,
  "score_total": 56725,
  "score_best": 5353,
  "best_loadout": [
    0,
    1,
    1,
    0,
    0,
    0,
    0
  ],
  "killed_by": {
    "Beetle": 15,
    "Hornet": 72,
    "Mantis": 47,
    "Wasp": 66,
    "Scorpion": 8,
    "Desert Centipede": 6,
    "blossom-v2": 1,
    "bot-50": 2,
    "Bee": 34,
    "bloom": 1,
    "Cactus": 19,
    "bot-115": 2,
    "bot-34": 2,
    "Leafbug": 6,
    "rosie": 2,
    "Centipede": 22,
    "Spider": 10,
    "Evil Centipede": 3,
    "Ladybug": 21,
    "bot-140": 1,
    "bot-78": 1,
    "bot-123": 2,
    "bot-68": 2,
    "bot-65": 2,
    "Sandstorm": 6,
    "bot-23": 1,
    "bot-131": 1,
    "bot-108": 1,
    "bot-122": 1,
    "bot-92": 1,
    "bot-144": 1,
    "Rock": 3,
    "bot-137": 8,
    "bot-97": 1,
    "Worker Ant": 4,
    "gardn": 2,
    "bot-56": 1,
    "bot-94": 1,
    "bot-88": 1,
    "bot-27": 1,
    "bot-114": 1,
    "bot-85": 1,
    "bot-29": 1,
    "bot-127": 1,
    "bot-120": 1,
    "bot-48": 1,
    "Baby Ant": 1,
    "bot-104": 1,
    "bot-136": 1
  },
  "loadout_history": {
    "1": 233,
    "0": 357,
    "9": 4,
    "5": 7,
    "25": 2,
    "6": 2,
    "8": 1,
    "10": 2,
    "46": 1,
    "18": 3,
    "14": 3,
    "168": 1,
    "49": 1,
    "7": 2,
    "51": 1,
    "83": 1,
    "79": 2,
    "93": 1,
    "15": 4,
    "26": 1,
    "13": 1,
    "61": 1,
    "28": 1,
    "24": 1,
    "23": 1,
    "20": 1,
    "19": 1
  }
}