{
  "schema": 1,
  "name": "bot-tiqq",
  "first_seen": 1778348214.964973,
  "last_seen": 1778352318.044161,
  "episodes": 30,
  "score_total": 1516,
  "score_best": 1049,
  "best_loadout": [
    0,
    1,
    0,
    0,
    0,
    0
  ],
  "killed_by": {
    "Hornet": 21,
    "bot-sozm": 1,
    "bot-jbah": 2,
    "Ladybug": 1,
    "Bee": 1,
    "Spider": 1
  },
  "loadout_history": {
    "1": 22,
    "0": 25,
    "41": 2,
    "9": 2,
    "28": 2,
    "39": 1,
    "5": 3,
    "29": 1,
    "40": 1,
    "14": 2,
    "6": 1,
    "18": 1,
    "23": 1
  }
}