{
  "schema": 1,
  "name": "bot-apai",
  "first_seen": 1778213076.162037,
  "last_seen": 1778213312.555943,
  "episodes": 50,
  "score_total": 6137,
  "score_best": 387,
  "best_loadout": [
    43,
    0,
    14,
    1,
    1,
    0
  ],
  "killed_by": {
    "Hornet": 22,
    "bot-zukg": 3,
    "bot-dvhg": 2,
    "bot-iihq": 2,
    "Ladybug": 2,
    "rosie": 3,
    "Spider": 2,
    "Centipede": 3,
    "Bee": 1,
    "not bot": 3,
    "bot-ecog": 1,
    "bot-pdog": 2,
    "Rock": 2,
    "bot-jjme": 1
  },
  "loadout_history": {
    "0": 29,
    "1": 44,
    "15": 2,
    "23": 1,
    "6": 3,
    "41": 2,
    "7": 1,
    "40": 4,
    "10": 2,
    "14": 13,
    "5": 13,
    "50": 1,
    "36": 1,
    "25": 1,
    "28": 3,
    "43": 1,
    "34": 2,
    "9": 8,
    "18": 8,
    "19": 1,
    "11": 3,
    "77": 1,
    "62": 1,
    "39": 2,
    "35": 1
  }
}