{
  "schema": 1,
  "name": "bot-108",
  "first_seen": 1778364741.45984,
  "last_seen": 1778731815.7415419,
  "episodes": 1228,
  "score_total": 272536,
  "score_best": 12718,
  "best_loadout": [
    1,
    16,
    0,
    1,
    1,
    0,
    1,
    0
  ],
  "killed_by": {
    "Cactus": 85,
    "Hornet": 269,
    "bot-304": 1,
    "Bush": 20,
    "Wasp": 227,
    "Sandstorm": 19,
    "Beetle": 36,
    "bot-56": 2,
    "Leafbug": 15,
    "Mantis": 97,
    "bot": 1,
    "bot-145": 1,
    "flower": 1,
    "Scorpion": 8,
    "bot-146": 1,
    "Bee": 102,
    "bot-86": 3,
    "bot-58": 8,
    "not bot": 1,
    "Desert Centipede": 4,
    "bot-149": 1,
    "Centipede": 31,
    "bot-85": 2,
    "Spider": 34,
    "Ladybug": 48,
    "Rock": 11,
    "aa": 3,
    "bot-113": 2,
    "bot-41": 3,
    "bot-46": 1,
    "bot-75": 1,
    "bot-53": 1,
    "bot-99": 1,
    "bot-130": 1,
    "bot-52": 4,
    "bot-72": 2,
    "bot-38": 2,
    "bot-126": 3,
    "florrio": 1,
    "bot-116": 1,
    "bot-24": 3,
    "bot-109": 2,
    "blossom-v2": 1,
    "Evil Centipede": 18,
    "bot-96": 3,
    "bot-51": 3,
    "bot-131": 2,
    "bloomy": 1,
    "bot-132": 1,
    "bot-37": 2,
    "bot-31": 1,
    "bot-57": 2,
    "bot-125": 1,
    "bot-49": 1,
    "rosie": 3,
    "bot-127": 2,
    "bot-128": 1,
    "bot-133": 2,
    "bot-62": 2,
    "bot-61": 1,
    "bot-134": 1,
    "Worker Ant": 6,
    "bot-87": 1,
    "bot-147": 2,
    "bot-35": 1,
    "leafy": 1,
    "bot-34": 2,
    "bot-83": 2,
    "bot-119": 5,
    "bot-136": 1,
    "bot-98": 1,
    "bot-121": 4,
    "bot-117": 1,
    "bot-118": 2,
    "bot-40": 1,
    "bot-78": 2,
    "bot-80": 2,
    "prickly": 2,
    "bot-107": 1,
    "a": 1,
    "bot-95": 2,
    "Soldier Ant": 10,
    "bot-148": 1,
    "blossom": 3,
    "bot-100": 1,
    "bot-29": 3,
    "bot-74": 2,
    "bot-143": 3,
    "bot-59": 2,
    "bot-90": 1,
    "gardn": 1,
    "bot-92": 1,
    "bot-71": 1,
    "root": 2,
    "bot-140": 1,
    "bot-43": 2,
    "bot-104": 2,
    "bot-82": 2,
    "bot-122": 1,
    "bot-112": 1,
    "bot-32": 1,
    "bot-84": 1,
    "bot-25": 1,
    "bot-142": 1,
    "bot-88": 1,
    "bot-60": 1,
    "petalpop": 1,
    "thorny": 1,
    "bot-22": 1,
    "bot-141": 1,
    "bot-28": 1,
    "bot-67": 2,
    "bot-73": 1,
    "bot-69": 1
  },
  "loadout_history": {
    "1": 852,
    "15": 10,
    "0": 1035,
    "5": 20,
    "14": 24,
    "64": 1,
    "29": 5,
    "25": 8,
    "16": 7,
    "28": 8,
    "11": 5,
    "39": 1,
    "24": 14,
    "6": 11,
    "49": 1,
    "18": 11,
    "20": 2,
    "9": 19,
    "19": 7,
    "26": 1,
    "21": 1,
    "83": 1,
    "181": 1,
    "117": 3,
    "60": 2,
    "10": 4,
    "7": 3,
    "116": 4,
    "167": 7,
    "35": 4,
    "46": 3,
    "8": 1,
    "32": 1,
    "27": 2,
    "17": 2,
    "48": 1,
    "79": 3,
    "180": 1,
    "168": 1,
    "175": 1,
    "169": 1,
    "34": 3,
    "13": 1,
    "176": 1,
    "123": 1,
    "68": 1,
    "22": 1,
    "37": 1
  }
}