{
  "schema": 1,
  "name": "bot-144",
  "first_seen": 1778543568.926228,
  "last_seen": 1778624298.416748,
  "episodes": 451,
  "score_total": 37743,
  "score_best": 5019,
  "best_loadout": [
    0,
    0,
    0,
    0,
    0,
    0,
    0
  ],
  "killed_by": {
    "Centipede": 13,
    "Spider": 10,
    "Hornet": 129,
    "Wasp": 82,
    "Cactus": 27,
    "bot-143": 1,
    "Evil Centipede": 4,
    "bot-98": 2,
    "bot-147": 2,
    "bot-128": 1,
    "Mantis": 27,
    "bot-97": 1,
    "Beetle": 22,
    "bot-61": 1,
    "Bush": 2,
    "Bee": 27,
    "Sandstorm": 4,
    "Scorpion": 2,
    "bot-45": 1,
    "bot-38": 1,
    "bot-127": 2,
    "bot-145": 1,
    "blossom": 2,
    "bot-47": 9,
    "florrio": 4,
    "Desert Centipede": 2,
    "Rock": 3,
    "bot-24": 1,
    "bot-52": 1,
    "bot-95": 2,
    "aa": 3,
    "bot-51": 1,
    "Ladybug": 14,
    "bot-69": 1,
    "bot-35": 2,
    "bot-55": 1,
    "bot-71": 1,
    "Leafbug": 3,
    "bot-104": 9,
    "leafy": 2,
    "Soldier Ant": 1,
    "bot-140": 1,
    "not bot": 1,
    "Worker Ant": 1,
    "bot-22": 2,
    "bot": 1,
    "gardn": 1,
    "bot-130": 1,
    "bot-46": 1,
    "bot-126": 1,
    "bot-107": 1,
    "bot-86": 1,
    "bot-112": 2,
    "bot-136": 1,
    "bot-88": 1,
    "thorny": 1,
    "bot-105": 3,
    "bot-106": 1
  },
  "loadout_history": {
    "0": 394,
    "1": 279,
    "79": 1,
    "6": 4,
    "14": 8,
    "18": 3,
    "24": 5,
    "5": 13,
    "16": 2,
    "29": 1,
    "21": 1,
    "9": 4,
    "33": 1,
    "19": 2,
    "92": 1,
    "167": 1,
    "37": 1,
    "28": 1,
    "10": 3,
    "17": 1,
    "8": 2,
    "15": 3,
    "11": 1,
    "26": 1,
    "25": 1,
    "30": 1
  }
}