{
  "schema": 1,
  "name": "bot-124",
  "first_seen": 1778543499.70433,
  "last_seen": 1778545318.884019,
  "episodes": 22,
  "score_total": 998,
  "score_best": 110,
  "best_loadout": [
    0,
    0,
    0,
    0,
    0
  ],
  "killed_by": {
    "Hornet": 9,
    "Wasp": 5,
    "Mantis": 2,
    "Beetle": 1,
    "bot-52": 1,
    "bot-134": 1,
    "bot-30": 1
  },
  "loadout_history": {
    "0": 20,
    "1": 18,
    "24": 2,
    "35": 1,
    "9": 2,
    "28": 1,
    "167": 1,
    "46": 1,
    "26": 1
  }
}