{
  "schema": 1,
  "name": "bot-139",
  "first_seen": 1778543547.0881379,
  "last_seen": 1778553059.047768,
  "episodes": 35,
  "score_total": 3221,
  "score_best": 873,
  "best_loadout": [
    14,
    9,
    0,
    64,
    0,
    0
  ],
  "killed_by": {
    "Spider": 1,
    "Hornet": 14,
    "Bee": 3,
    "Wasp": 6,
    "bot-74": 1,
    "Mantis": 3,
    "bot-145": 1
  },
  "loadout_history": {
    "24": 1,
    "0": 33,
    "1": 27,
    "9": 4,
    "12": 2,
    "14": 4,
    "64": 1,
    "32": 1,
    "18": 2,
    "5": 1
  }
}