{
  "schema": 1,
  "name": "bot-96",
  "first_seen": 1778543115.258215,
  "last_seen": 1779316397.030619,
  "episodes": 1516,
  "score_total": 197284,
  "score_best": 6031,
  "best_loadout": [
    0,
    0,
    1,
    0,
    0,
    0,
    0
  ],
  "killed_by": {
    "Mantis": 130,
    "Beetle": 77,
    "Wasp": 256,
    "Cactus": 111,
    "Hornet": 345,
    "Evil Centipede": 33,
    "Ladybug": 69,
    "petalpop": 3,
    "bot-63": 1,
    "Leafbug": 18,
    "bot-67": 1,
    "Spider": 55,
    "bot-73": 2,
    "bot-87": 3,
    "bot-32": 3,
    "bot-50": 1,
    "Centipede": 46,
    "bot-127": 2,
    "Bee": 105,
    "bot-74": 3,
    "Desert Centipede": 7,
    "Rock": 14,
    "Bush": 21,
    "Sandstorm": 26,
    "bot-47": 1,
    "bot-111": 2,
    "bot-65": 3,
    "bot-61": 2,
    "bot-104": 2,
    "bot-66": 2,
    "bot-84": 1,
    "bot-46": 4,
    "Baby Ant": 3,
    "bot-115": 2,
    "Soldier Ant": 8,
    "zorr": 3,
    "bot-40": 2,
    "bot-121": 2,
    "bot-147": 1,
    "Worker Ant": 6,
    "bot-38": 1,
    "bot-86": 1,
    "bot-109": 1,
    "bot-133": 3,
    "bot-53": 1,
    "bot-136": 1,
    "bot-99": 1,
    "a": 14,
    "bot-144": 1,
    "bot-58": 1,
    "Scorpion": 11,
    "blossom": 1,
    "bot-23": 1,
    "bot-107": 3,
    "bot-52": 2,
    "bot-131": 2,
    "bot-44": 1,
    "bot-122": 1,
    "bot-56": 1,
    "bot-70": 3,
    "thorny": 6,
    "bot-142": 3,
    "bot-112": 2,
    "bot-149": 1,
    "bot-138": 1,
    "bot-48": 1,
    "bot-137": 3,
    "bot-35": 2,
    "bot-45": 2,
    "bot-64": 1,
    "bot-28": 1,
    "bot-126": 1,
    "bot-72": 1,
    "bot-75": 1,
    "bot-33": 1,
    "bot-25": 4,
    "not bot": 1,
    "bot-55": 2,
    "bot-130": 1,
    "bot-92": 1,
    "bot-120": 1,
    "bot-119": 1,
    "bot-27": 1,
    "bot-36": 1,
    "bot-77": 2,
    "bot-30": 1,
    "bloomy": 1,
    "bot-83": 1,
    "bot-34": 1,
    "bot-85": 1,
    "bot-39": 1,
    "bot-135": 1,
    "bot-100": 1,
    "bot-140": 2,
    "thorn": 1,
    "bot-143": 2,
    "blossom-v2": 1,
    "gardn": 1,
    "bot-146": 1,
    "bot-59": 3,
    "leafy": 2,
    "bot-124": 1,
    "bot-22": 1,
    "rosie": 1,
    "bot-37": 1,
    "Boulder": 2,
    "bot-71": 1
  },
  "loadout_history": {
    "0": 1304,
    "1": 1057,
    "167": 6,
    "24": 18,
    "16": 6,
    "34": 13,
    "9": 18,
    "10": 9,
    "46": 4,
    "15": 13,
    "14": 23,
    "18": 11,
    "5": 27,
    "19": 9,
    "69": 2,
    "116": 1,
    "61": 2,
    "79": 2,
    "25": 8,
    "48": 1,
    "12": 3,
    "6": 8,
    "7": 4,
    "13": 2,
    "30": 2,
    "60": 1,
    "32": 2,
    "20": 2,
    "97": 1,
    "83": 1,
    "86": 2,
    "51": 2,
    "33": 1,
    "8": 1,
    "180": 1,
    "183": 1,
    "208": 1,
    "23": 2,
    "117": 1,
    "89": 1,
    "181": 1,
    "28": 4,
    "11": 2,
    "17": 1,
    "21": 1,
    "58": 1,
    "169": 1,
    "49": 1,
    "40": 9,
    "39": 1,
    "168": 1,
    "29": 2,
    "204": 1
  }
}