{
  "schema": 1,
  "name": "bot-109",
  "first_seen": 1778364741.606845,
  "last_seen": 1778556372.9870179,
  "episodes": 64,
  "score_total": 4808,
  "score_best": 1066,
  "best_loadout": [
    0,
    0,
    0,
    0,
    0,
    0
  ],
  "killed_by": {
    "Sandstorm": 4,
    "Hornet": 21,
    "Evil Centipede": 2,
    "Mantis": 2,
    "Wasp": 6,
    "Scorpion": 2,
    "bot-120": 1,
    "bot-128": 1,
    "Beetle": 3,
    "bot-56": 1,
    "bot-127": 1,
    "Bush": 1,
    "Bee": 1,
    "Spider": 1,
    "bot-76": 1
  },
  "loadout_history": {
    "1": 47,
    "0": 53,
    "10": 2,
    "24": 2,
    "14": 2,
    "49": 1,
    "116": 1,
    "64": 1,
    "15": 1,
    "34": 1,
    "35": 1,
    "79": 1
  }
}