{
  "schema": 1,
  "name": "bot-119",
  "first_seen": 1778543486.3239942,
  "last_seen": 1778638828.590802,
  "episodes": 620,
  "score_total": 97578,
  "score_best": 7008,
  "best_loadout": [
    1,
    1,
    1,
    0,
    1,
    0,
    0,
    0
  ],
  "killed_by": {
    "Mantis": 67,
    "bot-52": 3,
    "Hornet": 140,
    "Wasp": 96,
    "Cactus": 36,
    "Beetle": 23,
    "bot-133": 2,
    "Bee": 48,
    "bot-143": 1,
    "Sandstorm": 8,
    "bot-109": 2,
    "bot-142": 1,
    "bot-108": 1,
    "blossom-v2": 1,
    "Scorpion": 11,
    "Rock": 7,
    "Evil Centipede": 10,
    "bot-113": 2,
    "bot-24": 1,
    "Spider": 17,
    "Leafbug": 11,
    "Soldier Ant": 1,
    "Ladybug": 24,
    "Bush": 12,
    "Centipede": 14,
    "aa": 1,
    "bot-41": 2,
    "bot-22": 1,
    "bot-27": 2,
    "bot-53": 1,
    "not bot": 1,
    "bot-98": 4,
    "bot-34": 3,
    "bot-69": 1,
    "bot-76": 1,
    "bot-86": 2,
    "bot-124": 1,
    "bot-112": 1,
    "bot-101": 1,
    "bot-65": 1,
    "bot-87": 1,
    "bot-137": 3,
    "bot-23": 1,
    "bot-106": 1,
    "bot-105": 2,
    "bot-123": 1,
    "Baby Ant": 2,
    "blossom": 1,
    "bot-94": 1,
    "bot-117": 3,
    "bot-32": 1,
    "bot-42": 1,
    "bot-144": 1,
    "bot-145": 1,
    "Worker Ant": 2,
    "bot-74": 1,
    "bot-80": 1,
    "bot-31": 1,
    "bot-51": 1,
    "bot-146": 2,
    "bot-37": 2,
    "zorr": 1,
    "petalpop": 1,
    "bot-89": 1,
    "bot-135": 1,
    "bot-114": 1,
    "bot-95": 2,
    "bot-131": 1,
    "bot-91": 1,
    "Desert Centipede": 1,
    "bot-49": 1,
    "bot-70": 2,
    "bot-121": 2,
    "rosie": 2
  },
  "loadout_history": {
    "0": 528,
    "1": 431,
    "29": 4,
    "69": 2,
    "14": 16,
    "16": 5,
    "5": 10,
    "23": 2,
    "24": 9,
    "18": 7,
    "15": 16,
    "7": 2,
    "25": 3,
    "34": 2,
    "10": 1,
    "6": 7,
    "9": 4,
    "11": 5,
    "17": 3,
    "8": 3,
    "12": 1,
    "26": 2,
    "32": 1,
    "79": 4,
    "20": 1,
    "33": 2,
    "35": 1,
    "86": 1,
    "115": 1,
    "19": 4,
    "46": 2,
    "13": 1,
    "58": 1,
    "60": 1,
    "54": 1
  }
}