{
  "schema": 1,
  "name": "bot-89",
  "first_seen": 1778543490.895394,
  "last_seen": 1778638546.783235,
  "episodes": 614,
  "score_total": 92129,
  "score_best": 11358,
  "best_loadout": [
    15,
    0,
    0,
    0,
    0,
    0,
    0,
    0
  ],
  "killed_by": {
    "Bush": 6,
    "Hornet": 138,
    "Desert Centipede": 3,
    "Mantis": 58,
    "bot-140": 3,
    "Cactus": 33,
    "blossom": 1,
    "Wasp": 110,
    "bot-86": 1,
    "Worker Ant": 2,
    "bot-67": 1,
    "Beetle": 29,
    "Bee": 58,
    "Centipede": 17,
    "Spider": 11,
    "bot-73": 4,
    "bot-41": 2,
    "Evil Centipede": 4,
    "Sandstorm": 5,
    "Scorpion": 6,
    "Ladybug": 29,
    "bot-132": 3,
    "bot-49": 1,
    "bot-137": 1,
    "bot-23": 1,
    "bot-48": 3,
    "Baby Ant": 1,
    "Leafbug": 12,
    "bot-123": 1,
    "bot-37": 1,
    "bot-142": 1,
    "bot-113": 2,
    "florrio": 3,
    "bot-42": 1,
    "bot-103": 1,
    "bot-61": 1,
    "bot-71": 1,
    "bot-34": 1,
    "bot-87": 1,
    "thorn": 2,
    "Rock": 4,
    "bot-110": 1,
    "gardn": 1,
    "a": 1,
    "bot-83": 2,
    "bloom": 2,
    "bot-141": 4,
    "bot-143": 1,
    "bot-35": 1,
    "bot-79": 3,
    "bot-120": 1,
    "thornbloom": 1,
    "bot-119": 2,
    "bot-33": 2,
    "bot-46": 1,
    "bot-136": 1,
    "bot-146": 1,
    "bot-24": 2,
    "bot-92": 1,
    "bot-39": 1,
    "bot-130": 1,
    "bot-99": 1,
    "bot-52": 1,
    "bot-74": 2,
    "bot-135": 1,
    "bot-36": 1,
    "67": 1,
    "bot-25": 1,
    "bot-55": 1,
    "bot-125": 2,
    "bot-69": 1,
    "hello": 1
  },
  "loadout_history": {
    "0": 526,
    "1": 417,
    "5": 12,
    "69": 1,
    "45": 1,
    "24": 9,
    "29": 3,
    "14": 14,
    "35": 3,
    "9": 8,
    "10": 3,
    "34": 1,
    "32": 1,
    "15": 11,
    "7": 4,
    "79": 1,
    "33": 1,
    "6": 7,
    "25": 2,
    "26": 3,
    "21": 1,
    "31": 1,
    "30": 2,
    "51": 1,
    "48": 1,
    "60": 1,
    "84": 1,
    "107": 1,
    "11": 3,
    "18": 2,
    "16": 1,
    "12": 2,
    "58": 1,
    "17": 1,
    "167": 1,
    "36": 1
  }
}