{
  "schema": 1,
  "name": "bot-fvhg",
  "first_seen": 1778124098.55165,
  "last_seen": 1778126289.391246,
  "episodes": 21,
  "score_total": 1030,
  "score_best": 132,
  "best_loadout": [
    7,
    9,
    18,
    18,
    18
  ],
  "killed_by": {
    "bot-sbyu": 2,
    "bot": 1,
    "bot-jmqj": 1,
    "bot-buqb": 1,
    "a": 2,
    "bot-bcrt": 1,
    "bot-qusm": 1,
    "Rock": 1,
    "Centipede": 2,
    "Hornet": 5,
    "bot-jpeh": 1
  },
  "loadout_history": {
    "1": 17,
    "6": 3,
    "23": 1,
    "24": 2,
    "9": 3,
    "48": 1,
    "41": 2,
    "25": 2,
    "10": 1,
    "19": 1,
    "79": 1,
    "5": 2,
    "14": 2,
    "28": 1,
    "18": 2,
    "7": 1,
    "34": 1,
    "16": 2,
    "26": 1,
    "15": 1,
    "42": 1,
    "35": 1
  }
}