{
  "schema": 1,
  "name": "bot-44",
  "first_seen": 1778543471.38784,
  "last_seen": 1778624174.353343,
  "episodes": 477,
  "score_total": 70867,
  "score_best": 6206,
  "best_loadout": [
    0,
    1,
    0,
    0,
    0,
    0,
    0
  ],
  "killed_by": {
    "Hornet": 125,
    "Sandstorm": 8,
    "Rock": 6,
    "Mantis": 44,
    "Wasp": 103,
    "Cactus": 21,
    "bot-61": 1,
    "bot-56": 2,
    "bot-86": 1,
    "bot-33": 1,
    "bot-53": 1,
    "Centipede": 13,
    "bot-93": 1,
    "Evil Centipede": 3,
    "bot-39": 2,
    "Spider": 11,
    "Desert Centipede": 5,
    "Beetle": 13,
    "bot-146": 1,
    "zorr": 2,
    "bot-100": 1,
    "Bee": 25,
    "bot-26": 2,
    "bot-119": 1,
    "Scorpion": 5,
    "Ladybug": 12,
    "bot-127": 1,
    "Bush": 3,
    "bot-48": 1,
    "bot-111": 1,
    "Leafbug": 7,
    "bot-54": 1,
    "bot-34": 1,
    "prickly": 1,
    "bot-59": 1,
    "bot-141": 1,
    "bot-125": 1,
    "Soldier Ant": 1,
    "blossom-v2": 1,
    "bot-117": 1,
    "bot-75": 2,
    "bot-57": 1,
    "bot-133": 2,
    "bot-135": 1,
    "leafy": 1,
    "bot-87": 2,
    "bot-144": 2,
    "Worker Ant": 1,
    "bot-66": 1,
    "bot-31": 1,
    "bot-126": 1,
    "bot-123": 5,
    "bot-92": 1,
    "bot-41": 1,
    "bot-143": 1,
    "bot-45": 1,
    "bot-94": 1,
    "bloomy": 1,
    "bot-32": 2,
    "bot-70": 1,
    "thornbloom": 1,
    "bot-116": 1,
    "bot-72": 1,
    "thorny": 1,
    "bot-23": 1,
    "bot-52": 1
  },
  "loadout_history": {
    "0": 418,
    "1": 318,
    "46": 2,
    "9": 8,
    "14": 9,
    "5": 5,
    "49": 2,
    "167": 3,
    "15": 8,
    "21": 1,
    "19": 5,
    "18": 6,
    "24": 4,
    "23": 1,
    "69": 1,
    "34": 1,
    "10": 4,
    "168": 1,
    "30": 1,
    "6": 6,
    "29": 1,
    "11": 2,
    "13": 1,
    "62": 1,
    "7": 1,
    "25": 1,
    "28": 1,
    "54": 1,
    "58": 1,
    "16": 1,
    "79": 1
  }
}