{
  "schema": 1,
  "name": "bot-101",
  "first_seen": 1778364740.6258051,
  "last_seen": 1779316527.9449742,
  "episodes": 1551,
  "score_total": 181693,
  "score_best": 5547,
  "best_loadout": [
    1,
    1,
    14,
    1,
    0,
    1,
    0
  ],
  "killed_by": {
    "Beetle": 90,
    "Spider": 44,
    "Hornet": 356,
    "Cactus": 77,
    "Rock": 15,
    "Sandstorm": 19,
    "bot-602": 2,
    "Centipede": 48,
    "Worker Ant": 13,
    "bot-407": 1,
    "Ladybug": 68,
    "Evil Centipede": 20,
    "bot-202": 1,
    "Soldier Ant": 7,
    "Boulder": 1,
    "bot-112": 2,
    "bot-103": 2,
    "bot": 4,
    "Wasp": 260,
    "bot-500": 1,
    "Mantis": 129,
    "bot-60": 1,
    "rosie": 2,
    "bot-41": 1,
    "Scorpion": 9,
    "hello": 2,
    "Desert Centipede": 14,
    "Bee": 109,
    "aa": 2,
    "bot-114": 4,
    "Leafbug": 22,
    "bot-74": 1,
    "bot-56": 1,
    "bloom": 1,
    "bot-71": 2,
    "bot-25": 1,
    "bot-142": 3,
    "bot-123": 1,
    "bot-63": 1,
    "bot-42": 1,
    "bot-131": 2,
    "bot-138": 3,
    "bot-81": 2,
    "bot-97": 2,
    "bot-66": 3,
    "bot-149": 1,
    "bot-90": 1,
    "bot-57": 2,
    "bot-93": 2,
    "bot-31": 2,
    "bot-105": 2,
    "bot-137": 8,
    "bot-95": 3,
    "bot-22": 1,
    "bot-89": 1,
    "bot-126": 2,
    "leafy": 2,
    "bot-75": 2,
    "bot-27": 1,
    "zorr": 4,
    "a": 1,
    "bot-34": 2,
    "bot-28": 2,
    "bot-85": 1,
    "bot-88": 1,
    "bot-98": 1,
    "bot-45": 1,
    "bot-120": 2,
    "Bush": 14,
    "bot-80": 2,
    "thorn": 2,
    "bot-43": 4,
    "bot-76": 2,
    "bot-68": 2,
    "bot-48": 2,
    "bot-92": 4,
    "bot-61": 4,
    "67": 2,
    "bot-70": 2,
    "bot-91": 2,
    "bot-49": 3,
    "bot-121": 7,
    "bot-96": 3,
    "bot-47": 1,
    "bot-133": 1,
    "bot-139": 3,
    "bot-29": 4,
    "bot-118": 1,
    "bot-33": 1,
    "bot-69": 2,
    "bot-73": 1,
    "bot-111": 3,
    "bot-84": 2,
    "bot-104": 1,
    "bot-52": 3,
    "bot-144": 1,
    "bot-146": 2,
    "bot-122": 3,
    "bot-107": 1,
    "bot-135": 1,
    "bot-119": 1,
    "bot-115": 5,
    "thornbloom": 1,
    "bot-129": 2,
    "bot-86": 4,
    "bot-55": 3,
    "bot-82": 1,
    "bot-38": 2,
    "bot-106": 1,
    "bot-79": 1,
    "root": 3,
    "bot-110": 1,
    "bot-23": 1,
    "flower": 1,
    "bot-132": 2,
    "bot-130": 2,
    "bot-145": 1,
    "Queen Ant": 1,
    "Baby Ant": 2,
    "bot-39": 1,
    "bot-127": 1,
    "bot-128": 1,
    "bot-113": 2,
    "bot-50": 1,
    "prickly": 1,
    "blossom-v2": 1,
    "bot-125": 1
  },
  "loadout_history": {
    "0": 1346,
    "1": 1093,
    "79": 4,
    "29": 6,
    "7": 5,
    "5": 18,
    "15": 19,
    "9": 23,
    "30": 1,
    "34": 7,
    "26": 3,
    "18": 13,
    "49": 2,
    "10": 7,
    "25": 4,
    "6": 9,
    "24": 11,
    "28": 12,
    "14": 22,
    "12": 1,
    "17": 2,
    "135": 1,
    "181": 1,
    "32": 1,
    "39": 1,
    "86": 2,
    "97": 2,
    "23": 3,
    "16": 5,
    "20": 4,
    "167": 2,
    "19": 6,
    "33": 1,
    "147": 1,
    "11": 3,
    "60": 2,
    "22": 1,
    "51": 5,
    "116": 1,
    "21": 2,
    "107": 1,
    "35": 5,
    "38": 1,
    "27": 1,
    "13": 1,
    "113": 1,
    "118": 1,
    "136": 1,
    "56": 1,
    "48": 1,
    "46": 3,
    "73": 1,
    "36": 1,
    "117": 2,
    "47": 1,
    "41": 1
  }
}