{
  "schema": 1,
  "name": "bot-117",
  "first_seen": 1778364742.580827,
  "last_seen": 1778713210.50093,
  "episodes": 1200,
  "score_total": 205055,
  "score_best": 5354,
  "best_loadout": [
    0,
    1,
    1,
    1,
    0,
    0,
    0
  ],
  "killed_by": {
    "Hornet": 284,
    "Worker Ant": 7,
    "Wasp": 191,
    "Mantis": 115,
    "Scorpion": 6,
    "Centipede": 34,
    "bot-99": 1,
    "Sandstorm": 16,
    "Cactus": 73,
    "bot-126": 2,
    "Beetle": 43,
    "Bee": 100,
    "bot-101": 3,
    "bot-37": 3,
    "bot-108": 3,
    "bot-32": 1,
    "bot-146": 1,
    "Ladybug": 57,
    "Spider": 32,
    "Rock": 12,
    "Leafbug": 17,
    "Bush": 17,
    "flower": 4,
    "bot-114": 1,
    "bot-64": 2,
    "bot-27": 2,
    "bot-90": 2,
    "Desert Centipede": 9,
    "bot-73": 1,
    "rosie": 2,
    "bot-106": 1,
    "bot-46": 1,
    "bot-80": 1,
    "bot-125": 1,
    "petalpop": 3,
    "blossom-v2": 3,
    "bot-145": 1,
    "bot-28": 4,
    "bot-83": 2,
    "bot-143": 2,
    "bot-51": 4,
    "bot-35": 1,
    "Evil Centipede": 7,
    "bot-63": 1,
    "bot-70": 2,
    "Baby Ant": 2,
    "bot-87": 4,
    "bot-96": 1,
    "bot-98": 3,
    "bot-109": 2,
    "bloomy": 2,
    "bot-81": 2,
    "bot-62": 2,
    "bot-121": 11,
    "bot-134": 2,
    "bot-52": 1,
    "bot-50": 2,
    "bot-116": 2,
    "bot-34": 1,
    "blossom": 6,
    "bot-149": 1,
    "bot-53": 2,
    "bot-45": 1,
    "leafy": 2,
    "bot-56": 2,
    "bot-139": 2,
    "bot": 3,
    "bot-147": 1,
    "bot-33": 2,
    "bot-97": 4,
    "bot-95": 3,
    "bot-123": 2,
    "bot-77": 2,
    "bot-133": 2,
    "bot-100": 1,
    "bot-24": 2,
    "bot-26": 1,
    "bot-122": 1,
    "bot-41": 1,
    "bot-82": 1,
    "bot-130": 1,
    "bot-113": 3,
    "67": 1,
    "bot-86": 1,
    "bot-23": 1,
    "bot-120": 1,
    "bot-137": 1,
    "thorn": 2,
    "bot-135": 1,
    "bot-72": 1,
    "bot-85": 2,
    "bot-138": 2,
    "bot-74": 1,
    "bot-38": 1,
    "bot-49": 1,
    "bot-60": 1,
    "bot-47": 1,
    "bot-78": 1,
    "bot-29": 1,
    "bot-76": 1,
    "prickly": 1,
    "bot-69": 1,
    "bot-118": 1,
    "aa": 1,
    "bot-94": 1
  },
  "loadout_history": {
    "1": 848,
    "0": 1010,
    "16": 7,
    "9": 8,
    "18": 14,
    "34": 8,
    "10": 9,
    "5": 12,
    "79": 4,
    "49": 3,
    "39": 2,
    "19": 6,
    "6": 11,
    "24": 8,
    "15": 11,
    "14": 16,
    "167": 1,
    "20": 2,
    "17": 6,
    "58": 1,
    "35": 3,
    "181": 1,
    "51": 1,
    "7": 4,
    "83": 1,
    "36": 2,
    "33": 3,
    "64": 1,
    "180": 1,
    "13": 2,
    "60": 1,
    "116": 1,
    "8": 2,
    "62": 1,
    "29": 1,
    "168": 2,
    "23": 2,
    "68": 1,
    "25": 2,
    "28": 1,
    "11": 3,
    "86": 1,
    "32": 1,
    "30": 1
  }
}