{
  "schema": 1,
  "name": "bot-94",
  "first_seen": 1778543122.142706,
  "last_seen": 1778552131.6688151,
  "episodes": 37,
  "score_total": 2902,
  "score_best": 564,
  "best_loadout": [
    0,
    0,
    0,
    0,
    1,
    0
  ],
  "killed_by": {
    "Sandstorm": 1,
    "Hornet": 11,
    "Centipede": 1,
    "bot-34": 2,
    "Mantis": 3,
    "Wasp": 5,
    "bot-131": 1,
    "Bee": 2,
    "Cactus": 1,
    "bot-36": 1,
    "bot-133": 1
  },
  "loadout_history": {
    "0": 32,
    "1": 23,
    "35": 1,
    "14": 1,
    "28": 1,
    "79": 1,
    "10": 3,
    "6": 1,
    "24": 2,
    "204": 1,
    "15": 1,
    "9": 1,
    "16": 1
  }
}