{
  "schema": 1,
  "name": "bot-144",
  "first_seen": 1778543568.926228,
  "last_seen": 1778713031.294473,
  "episodes": 1131,
  "score_total": 214166,
  "score_best": 7637,
  "best_loadout": [
    0,
    0,
    0,
    0,
    0,
    0,
    0,
    0
  ],
  "killed_by": {
    "Centipede": 25,
    "Spider": 45,
    "Hornet": 280,
    "Wasp": 184,
    "Cactus": 73,
    "bot-143": 1,
    "Evil Centipede": 12,
    "bot-98": 2,
    "bot-147": 4,
    "bot-128": 2,
    "Mantis": 73,
    "bot-97": 3,
    "Beetle": 65,
    "bot-61": 1,
    "Bush": 6,
    "Bee": 91,
    "Sandstorm": 9,
    "Scorpion": 2,
    "bot-45": 3,
    "bot-38": 3,
    "bot-127": 2,
    "bot-145": 1,
    "blossom": 3,
    "bot-47": 10,
    "florrio": 5,
    "Desert Centipede": 6,
    "Rock": 9,
    "bot-24": 2,
    "bot-52": 1,
    "bot-95": 4,
    "aa": 4,
    "bot-51": 2,
    "Ladybug": 41,
    "bot-69": 2,
    "bot-35": 2,
    "bot-55": 1,
    "bot-71": 1,
    "Leafbug": 25,
    "bot-104": 9,
    "leafy": 4,
    "Soldier Ant": 1,
    "bot-140": 1,
    "not bot": 1,
    "Worker Ant": 5,
    "bot-22": 3,
    "bot": 1,
    "gardn": 3,
    "bot-130": 2,
    "bot-46": 1,
    "bot-126": 1,
    "bot-107": 1,
    "bot-86": 3,
    "bot-112": 3,
    "bot-136": 2,
    "bot-88": 1,
    "thorny": 1,
    "bot-105": 4,
    "bot-106": 2,
    "67": 1,
    "bot-120": 1,
    "thornbloom": 1,
    "bot-121": 1,
    "bot-29": 2,
    "bot-134": 1,
    "bot-148": 3,
    "bot-73": 2,
    "bot-125": 1,
    "bot-57": 3,
    "bot-23": 1,
    "bot-142": 1,
    "bot-44": 1,
    "bot-60": 1,
    "bot-37": 1,
    "rosie": 2,
    "bot-66": 1,
    "bot-102": 2,
    "bot-70": 2,
    "bot-74": 2,
    "bot-133": 2,
    "bot-59": 1,
    "bot-76": 1,
    "bot-141": 1,
    "thorn": 1,
    "bot-89": 1,
    "bot-30": 1,
    "bot-146": 1,
    "bot-49": 1,
    "bot-68": 1,
    "bot-103": 1,
    "bot-129": 2,
    "a": 1,
    "bot-41": 1,
    "bot-92": 1,
    "bot-39": 6,
    "bot-122": 1,
    "Baby Ant": 1,
    "bot-117": 1,
    "bot-36": 1,
    "bot-72": 1,
    "bot-109": 1,
    "bot-100": 1,
    "bot-131": 4,
    "bot-50": 1,
    "bloom": 2,
    "bot-116": 1,
    "bot-110": 1
  },
  "loadout_history": {
    "0": 963,
    "1": 752,
    "79": 5,
    "6": 9,
    "14": 11,
    "18": 4,
    "24": 8,
    "5": 23,
    "16": 4,
    "29": 1,
    "21": 2,
    "9": 7,
    "33": 1,
    "19": 4,
    "92": 1,
    "167": 3,
    "37": 1,
    "28": 1,
    "10": 4,
    "17": 1,
    "8": 2,
    "15": 9,
    "11": 2,
    "26": 1,
    "25": 3,
    "30": 1,
    "204": 1,
    "168": 1,
    "7": 3,
    "86": 2,
    "58": 1,
    "32": 1,
    "13": 1,
    "176": 1,
    "20": 3,
    "51": 1,
    "116": 1,
    "12": 1,
    "49": 1,
    "124": 1,
    "89": 1,
    "62": 1,
    "27": 1
  }
}