{
  "schema": 1,
  "name": "bot-110",
  "first_seen": 1778364742.798528,
  "last_seen": 1778552131.6537101,
  "episodes": 57,
  "score_total": 1974,
  "score_best": 114,
  "best_loadout": [
    0,
    0,
    0,
    0,
    0
  ],
  "killed_by": {
    "Spider": 2,
    "Hornet": 12,
    "Cactus": 3,
    "Leafbug": 2,
    "Bush": 2,
    "Mantis": 6,
    "Wasp": 8,
    "flower": 1,
    "Ladybug": 2,
    "Beetle": 2,
    "gardn": 1,
    "Bee": 1,
    "bot-73": 1
  },
  "loadout_history": {
    "0": 49,
    "1": 43,
    "18": 2,
    "30": 1,
    "49": 1,
    "23": 1,
    "24": 1,
    "5": 1,
    "14": 2,
    "15": 1,
    "7": 1,
    "9": 1,
    "79": 2,
    "204": 1,
    "39": 1,
    "28": 1,
    "19": 1,
    "16": 1
  }
}