{
  "schema": 1,
  "name": "bot-80",
  "first_seen": 1778543161.361644,
  "last_seen": 1779316762.642611,
  "episodes": 1472,
  "score_total": 217775,
  "score_best": 5886,
  "best_loadout": [
    0,
    0,
    0,
    0,
    0,
    0,
    0
  ],
  "killed_by": {
    "Beetle": 55,
    "Hornet": 399,
    "bot-130": 2,
    "Cactus": 80,
    "bot-108": 3,
    "Mantis": 135,
    "Wasp": 228,
    "Centipede": 60,
    "Sandstorm": 21,
    "bot-51": 2,
    "Evil Centipede": 16,
    "bot-141": 5,
    "Spider": 54,
    "Ladybug": 49,
    "Bee": 104,
    "Desert Centipede": 12,
    "bot-82": 1,
    "bot-137": 3,
    "bot-71": 3,
    "Rock": 10,
    "bot-56": 2,
    "Bush": 14,
    "bot-138": 2,
    "bot-93": 7,
    "bot-101": 3,
    "bot-127": 1,
    "bot-123": 1,
    "bot-41": 2,
    "bot": 2,
    "bot-147": 1,
    "Scorpion": 5,
    "bot-72": 4,
    "bot-140": 2,
    "bot-47": 2,
    "bot-134": 2,
    "bot-49": 1,
    "bot-119": 2,
    "bot-98": 1,
    "bot-24": 1,
    "blossom-v2": 1,
    "bot-26": 3,
    "bot-85": 1,
    "bot-35": 1,
    "bot-50": 2,
    "bot-132": 1,
    "bot-29": 1,
    "bot-81": 2,
    "bot-28": 3,
    "bot-39": 1,
    "not bot": 1,
    "bot-115": 3,
    "bot-62": 1,
    "Worker Ant": 2,
    "rosie": 1,
    "bot-117": 3,
    "bot-122": 2,
    "bot-135": 1,
    "Leafbug": 17,
    "bot-110": 1,
    "bot-99": 1,
    "bot-60": 1,
    "bot-65": 3,
    "blossom": 3,
    "bot-33": 1,
    "bot-128": 1,
    "bot-74": 2,
    "bot-121": 5,
    "bot-143": 1,
    "bot-133": 1,
    "bot-125": 3,
    "bot-38": 2,
    "bot-48": 2,
    "bot-42": 2,
    "bot-109": 1,
    "petalpop": 2,
    "Baby Ant": 2,
    "bot-54": 2,
    "bot-120": 1,
    "bot-91": 4,
    "bot-46": 1,
    "bot-25": 1,
    "bot-145": 3,
    "thorn": 1,
    "bot-31": 1,
    "bot-76": 3,
    "bot-92": 1,
    "bot-77": 1,
    "thornbloom": 1,
    "bot-97": 1,
    "bot-63": 2,
    "bot-34": 3,
    "root": 2,
    "bot-144": 2,
    "bot-40": 2,
    "bot-57": 3,
    "bloomy": 1,
    "bot-126": 2,
    "bot-118": 1,
    "bot-112": 2,
    "bot-69": 1,
    "bot-142": 1,
    "bot-30": 1,
    "bot-96": 1,
    "bot-111": 1,
    "bot-23": 1,
    "Soldier Ant": 8,
    "bot-64": 1,
    "bot-67": 1,
    "hello": 1,
    "florrio": 2,
    "Boulder": 8,
    "zorr": 1,
    "bot-105": 1,
    "bot-36": 1
  },
  "loadout_history": {
    "0": 1271,
    "1": 1031,
    "28": 3,
    "25": 4,
    "9": 24,
    "34": 9,
    "15": 9,
    "5": 21,
    "14": 17,
    "48": 2,
    "24": 8,
    "117": 2,
    "6": 9,
    "10": 3,
    "204": 1,
    "17": 2,
    "16": 7,
    "12": 2,
    "8": 1,
    "19": 7,
    "11": 3,
    "32": 1,
    "51": 3,
    "89": 1,
    "29": 1,
    "18": 10,
    "180": 3,
    "23": 1,
    "7": 3,
    "86": 1,
    "49": 2,
    "69": 1,
    "20": 1,
    "79": 3,
    "136": 1,
    "21": 1,
    "33": 2,
    "46": 2,
    "22": 1,
    "26": 2,
    "56": 1,
    "35": 3,
    "116": 2,
    "39": 1,
    "169": 1,
    "13": 1,
    "167": 2,
    "40": 8,
    "54": 1,
    "63": 1,
    "41": 2,
    "50": 1
  }
}