{
  "schema": 1,
  "name": "bot-38",
  "first_seen": 1778543153.680154,
  "last_seen": 1778727576.522121,
  "episodes": 1252,
  "score_total": 273263,
  "score_best": 10020,
  "best_loadout": [
    1,
    1,
    0,
    0,
    0,
    0,
    0,
    0
  ],
  "killed_by": {
    "Hornet": 288,
    "Mantis": 96,
    "Bee": 109,
    "Beetle": 54,
    "Centipede": 43,
    "Ladybug": 47,
    "bot-24": 5,
    "bot-107": 2,
    "Wasp": 210,
    "Cactus": 77,
    "bot-143": 1,
    "bot-60": 6,
    "bloomy": 1,
    "not bot": 2,
    "bot-124": 1,
    "bot-58": 1,
    "Sandstorm": 16,
    "bot-59": 3,
    "Leafbug": 18,
    "Spider": 39,
    "Worker Ant": 4,
    "bot-42": 3,
    "Bush": 19,
    "bot-85": 1,
    "bot-118": 3,
    "bot-96": 1,
    "Rock": 20,
    "Desert Centipede": 7,
    "Scorpion": 9,
    "bot-43": 6,
    "blossom-v2": 1,
    "bot-48": 3,
    "bot-64": 2,
    "bot-73": 1,
    "Baby Ant": 4,
    "bot-132": 1,
    "bot-99": 2,
    "bot-149": 2,
    "bot-109": 1,
    "Evil Centipede": 8,
    "bot-102": 2,
    "bot-127": 1,
    "bot-76": 7,
    "bot-125": 1,
    "gardn": 2,
    "bot-68": 3,
    "rosie": 3,
    "bot-49": 1,
    "bot-98": 2,
    "bot-91": 2,
    "bot-88": 1,
    "bot-116": 1,
    "bot-65": 1,
    "bot-83": 1,
    "bot-94": 1,
    "petalpop": 2,
    "bot-146": 1,
    "bot-54": 3,
    "bot-128": 4,
    "Soldier Ant": 8,
    "bot-90": 5,
    "bot-77": 1,
    "bot-30": 1,
    "hello": 2,
    "bot-69": 3,
    "bot-86": 1,
    "bot-144": 2,
    "bot-136": 2,
    "bot-89": 4,
    "bot-103": 2,
    "bot-117": 1,
    "bot-45": 5,
    "bot-51": 1,
    "bot-119": 3,
    "bot-57": 2,
    "bot-75": 2,
    "bot-121": 1,
    "bot-106": 1,
    "bot-130": 1,
    "bot-61": 3,
    "bot-74": 1,
    "bot-101": 2,
    "bot-26": 1,
    "bot-140": 1,
    "bot-138": 3,
    "thorn": 1,
    "bot-44": 2,
    "bot-53": 1,
    "bot-137": 1,
    "leafy": 2,
    "bot-145": 2,
    "bot-62": 1,
    "bot-63": 1,
    "bot-67": 1,
    "florrio": 1,
    "root": 2,
    "bot-134": 1,
    "bot-22": 1,
    "Queen Ant": 1,
    "sussy": 1,
    "bot-114": 1,
    "bot-41": 1
  },
  "loadout_history": {
    "0": 1051,
    "1": 868,
    "9": 22,
    "5": 22,
    "19": 7,
    "15": 14,
    "24": 14,
    "14": 25,
    "34": 5,
    "181": 1,
    "79": 5,
    "18": 10,
    "10": 10,
    "205": 1,
    "83": 3,
    "7": 8,
    "28": 2,
    "21": 1,
    "46": 1,
    "20": 2,
    "25": 2,
    "97": 1,
    "33": 1,
    "49": 3,
    "29": 2,
    "11": 3,
    "13": 3,
    "58": 5,
    "6": 7,
    "51": 2,
    "31": 1,
    "8": 5,
    "12": 3,
    "61": 2,
    "169": 1,
    "62": 1,
    "17": 1,
    "36": 1,
    "16": 1,
    "118": 1,
    "37": 1,
    "26": 4,
    "27": 1,
    "116": 3,
    "35": 3,
    "86": 2,
    "167": 1,
    "204": 1,
    "47": 1
  }
}