{
  "schema": 1,
  "name": "bot-61",
  "first_seen": 1778543183.323554,
  "last_seen": 1778638800.9777138,
  "episodes": 621,
  "score_total": 101535,
  "score_best": 8519,
  "best_loadout": [
    1,
    1,
    0,
    0,
    0,
    0,
    0,
    0
  ],
  "killed_by": {
    "Hornet": 160,
    "thornbloom": 3,
    "Beetle": 19,
    "Spider": 18,
    "Mantis": 58,
    "Bee": 50,
    "Desert Centipede": 4,
    "Cactus": 39,
    "Ladybug": 27,
    "Wasp": 94,
    "Centipede": 14,
    "bot-36": 1,
    "bot-125": 1,
    "Evil Centipede": 8,
    "bot-53": 1,
    "bot-93": 1,
    "Bush": 6,
    "bot-44": 3,
    "bot-145": 1,
    "Rock": 3,
    "bot-71": 1,
    "bot-118": 2,
    "Worker Ant": 4,
    "bot-57": 1,
    "bot-121": 1,
    "Sandstorm": 10,
    "bot-80": 4,
    "Leafbug": 8,
    "bot-24": 1,
    "bot-82": 1,
    "Scorpion": 6,
    "bot-68": 2,
    "thorn": 3,
    "bot-33": 5,
    "bot-95": 2,
    "bot-50": 1,
    "bot-39": 1,
    "florrio": 4,
    "bot-91": 2,
    "bot-45": 2,
    "bot-47": 1,
    "bot-138": 3,
    "bot-119": 3,
    "flower": 2,
    "bot": 1,
    "rosie": 3,
    "bot-51": 2,
    "bot-144": 2,
    "bot-73": 2,
    "bot-23": 1,
    "bot-139": 2,
    "bot-49": 1,
    "bot-86": 1,
    "bot-141": 1,
    "bot-142": 1,
    "bot-31": 1,
    "bot-127": 2,
    "Baby Ant": 2,
    "bot-54": 1,
    "bot-111": 2,
    "bot-26": 1,
    "bot-97": 2,
    "bot-130": 2,
    "bot-128": 1,
    "bot-83": 1
  },
  "loadout_history": {
    "0": 523,
    "1": 417,
    "14": 18,
    "9": 14,
    "48": 1,
    "10": 6,
    "46": 1,
    "24": 8,
    "116": 5,
    "28": 1,
    "5": 9,
    "23": 2,
    "20": 5,
    "19": 4,
    "25": 6,
    "17": 3,
    "7": 4,
    "15": 2,
    "6": 5,
    "18": 3,
    "29": 1,
    "34": 3,
    "55": 1,
    "16": 3,
    "51": 1,
    "35": 2,
    "11": 2,
    "8": 1,
    "26": 1,
    "86": 1,
    "83": 1,
    "13": 1,
    "183": 1
  }
}