{
  "schema": 1,
  "name": "bot-148",
  "first_seen": 1778543177.00911,
  "last_seen": 1778623490.70803,
  "episodes": 427,
  "score_total": 50548,
  "score_best": 5151,
  "best_loadout": [
    15,
    0,
    0,
    14,
    1,
    0,
    0
  ],
  "killed_by": {
    "bot-51": 3,
    "Wasp": 93,
    "Hornet": 98,
    "Mantis": 39,
    "Cactus": 25,
    "Bee": 23,
    "bot-121": 2,
    "bot-93": 1,
    "Spider": 9,
    "Beetle": 21,
    "bot-52": 2,
    "Centipede": 18,
    "Evil Centipede": 2,
    "bot-112": 1,
    "bot-80": 1,
    "Bush": 8,
    "Rock": 6,
    "bot-36": 1,
    "a": 2,
    "bot-123": 1,
    "bot-46": 1,
    "Ladybug": 14,
    "bot-132": 1,
    "bot-106": 2,
    "bot-28": 2,
    "bot-31": 1,
    "aa": 1,
    "bot-72": 1,
    "bot-81": 1,
    "blossom-v2": 1,
    "bot-146": 3,
    "Sandstorm": 5,
    "bot-61": 1,
    "bot-66": 1,
    "flower": 1,
    "bot-47": 2,
    "bot-65": 1,
    "bot-78": 1,
    "Desert Centipede": 1,
    "bot-64": 1,
    "bot-107": 1,
    "bot-114": 1,
    "bot-109": 1,
    "bot-100": 1,
    "Scorpion": 2,
    "bot-104": 2,
    "Leafbug": 3,
    "bot-144": 1,
    "bot-22": 1,
    "bot-97": 1,
    "root": 1,
    "bot-113": 1,
    "bot-73": 1,
    "not bot": 1,
    "bot-53": 1,
    "bot-127": 1,
    "bot-62": 1
  },
  "loadout_history": {
    "0": 378,
    "9": 7,
    "1": 285,
    "10": 2,
    "14": 7,
    "18": 7,
    "19": 5,
    "24": 8,
    "5": 3,
    "39": 1,
    "34": 2,
    "79": 3,
    "25": 1,
    "11": 1,
    "52": 1,
    "6": 6,
    "23": 1,
    "15": 2,
    "16": 2,
    "13": 2,
    "7": 5,
    "61": 1,
    "29": 2,
    "89": 1,
    "35": 1,
    "26": 2,
    "84": 1,
    "56": 1,
    "32": 1,
    "58": 1
  }
}