{
  "schema": 1,
  "name": "bot-88",
  "first_seen": 1778543147.864508,
  "last_seen": 1778620411.843141,
  "episodes": 436,
  "score_total": 56096,
  "score_best": 5306,
  "best_loadout": [
    0,
    0,
    0,
    0,
    0,
    0,
    0
  ],
  "killed_by": {
    "Hornet": 98,
    "Mantis": 36,
    "bot-135": 1,
    "Evil Centipede": 5,
    "Ladybug": 12,
    "bot-109": 1,
    "Bee": 35,
    "bot-61": 1,
    "Wasp": 90,
    "bot-149": 1,
    "Beetle": 16,
    "Sandstorm": 3,
    "bot-132": 1,
    "bot-139": 1,
    "Cactus": 18,
    "bot-72": 1,
    "bot-76": 2,
    "bot-53": 1,
    "bot-24": 1,
    "bot-141": 1,
    "bot-29": 1,
    "blossom-v2": 2,
    "Spider": 19,
    "petalpop": 1,
    "Bush": 2,
    "Centipede": 15,
    "gardn": 1,
    "Leafbug": 7,
    "bot-128": 1,
    "bot-42": 1,
    "bot-78": 2,
    "bot-119": 1,
    "bot-94": 1,
    "bot-52": 2,
    "bot-73": 1,
    "Desert Centipede": 3,
    "bot-50": 1,
    "Scorpion": 2,
    "bot-47": 1,
    "bot-148": 2,
    "Rock": 1,
    "bot-34": 1,
    "bot-130": 1,
    "bot-143": 1,
    "bot-45": 1,
    "leafy": 1,
    "bot-142": 1,
    "bot-108": 2,
    "bot-117": 2,
    "bot-100": 1,
    "bot-122": 2,
    "bot-134": 1,
    "bot-85": 1,
    "bot-82": 1,
    "bot-111": 1,
    "not bot": 1,
    "bot-54": 2,
    "bot-118": 1,
    "bot-64": 1,
    "bot-74": 2,
    "Worker Ant": 2,
    "bot-102": 1,
    "bot-83": 1,
    "bot-69": 3,
    "Baby Ant": 1,
    "bot-124": 1,
    "bot-96": 1
  },
  "loadout_history": {
    "0": 367,
    "1": 294,
    "116": 2,
    "10": 2,
    "5": 2,
    "14": 7,
    "9": 4,
    "33": 1,
    "49": 1,
    "69": 1,
    "79": 2,
    "46": 1,
    "16": 1,
    "29": 1,
    "17": 1,
    "47": 1,
    "18": 2,
    "12": 1,
    "15": 1,
    "30": 1,
    "7": 1,
    "25": 1,
    "60": 1,
    "180": 1,
    "11": 1,
    "83": 1
  }
}