{
  "schema": 1,
  "name": "bot-26",
  "first_seen": 1778543455.120498,
  "last_seen": 1779316395.9355252,
  "episodes": 1565,
  "score_total": 156104,
  "score_best": 6864,
  "best_loadout": [
    0,
    0,
    0,
    0,
    0,
    0,
    0,
    0
  ],
  "killed_by": {
    "Hornet": 396,
    "Scorpion": 12,
    "Wasp": 294,
    "Beetle": 85,
    "Mantis": 134,
    "bot-114": 4,
    "bot-41": 6,
    "Cactus": 95,
    "Bee": 126,
    "bot-105": 3,
    "Sandstorm": 17,
    "Bush": 12,
    "bot-57": 1,
    "Ladybug": 61,
    "bot-101": 1,
    "Centipede": 28,
    "bot-55": 2,
    "bot-97": 2,
    "Spider": 45,
    "bot-68": 3,
    "Leafbug": 14,
    "florrio": 3,
    "bot-58": 3,
    "bot-36": 3,
    "bot-149": 4,
    "bot-51": 2,
    "Rock": 17,
    "bot-24": 1,
    "bot-109": 2,
    "bot-31": 1,
    "67": 3,
    "Desert Centipede": 9,
    "bot-94": 1,
    "bot-83": 1,
    "bot-47": 2,
    "Soldier Ant": 6,
    "bot-128": 2,
    "bot-44": 2,
    "bot-130": 2,
    "leafy": 6,
    "bot-132": 1,
    "bot-86": 1,
    "bot-102": 1,
    "bot-87": 3,
    "bot-27": 1,
    "bot-32": 1,
    "bot-34": 1,
    "Worker Ant": 3,
    "bot-39": 4,
    "bot-134": 1,
    "bot-56": 1,
    "bot-98": 1,
    "zorr": 2,
    "bot-85": 2,
    "bot-46": 2,
    "bot-148": 2,
    "bot-29": 1,
    "bot-146": 1,
    "bot-124": 1,
    "bloomy": 3,
    "bot-35": 2,
    "bot-75": 1,
    "bot-133": 5,
    "bot-70": 2,
    "bot-111": 1,
    "bot-147": 2,
    "hello": 1,
    "aa": 2,
    "bot-43": 4,
    "bot-107": 2,
    "bot-106": 1,
    "bot-131": 2,
    "bot-136": 1,
    "bot-59": 1,
    "bot-38": 1,
    "bot-116": 3,
    "Evil Centipede": 21,
    "bot-80": 1,
    "Baby Ant": 4,
    "bot-92": 1,
    "bot-23": 1,
    "bot-118": 1,
    "bot-135": 1,
    "bot-49": 1,
    "bot-79": 1,
    "bot-37": 1,
    "bot-81": 2,
    "thorny": 1,
    "bot-77": 1,
    "bot-78": 1,
    "bot-40": 1,
    "bot-138": 1,
    "bot-129": 1,
    "bot-122": 1,
    "bot-143": 1,
    "bot-48": 1,
    "sussy": 2,
    "bot-66": 1,
    "bot-103": 1,
    "bot-95": 1,
    "flower": 1,
    "bot-53": 1,
    "bot-89": 1,
    "bot-117": 1,
    "bot-76": 1,
    "bot-64": 3
  },
  "loadout_history": {
    "0": 1332,
    "1": 1122,
    "28": 7,
    "47": 2,
    "24": 21,
    "14": 21,
    "18": 11,
    "49": 3,
    "10": 12,
    "51": 5,
    "5": 26,
    "46": 3,
    "25": 3,
    "29": 7,
    "9": 20,
    "48": 1,
    "19": 6,
    "167": 3,
    "34": 4,
    "15": 19,
    "6": 13,
    "8": 4,
    "55": 1,
    "149": 1,
    "37": 1,
    "83": 2,
    "16": 4,
    "11": 4,
    "79": 3,
    "116": 5,
    "33": 2,
    "20": 3,
    "7": 2,
    "13": 2,
    "181": 2,
    "45": 1,
    "17": 4,
    "26": 2,
    "35": 3,
    "58": 1,
    "92": 1,
    "180": 1,
    "30": 3,
    "61": 1,
    "12": 1,
    "27": 1,
    "168": 2,
    "39": 2,
    "40": 4,
    "69": 3,
    "52": 1,
    "205": 2,
    "50": 1,
    "41": 1,
    "56": 1,
    "23": 1,
    "204": 1,
    "32": 1
  }
}