{
  "schema": 1,
  "name": "bot-116",
  "first_seen": 1778364742.0010629,
  "last_seen": 1778470906.372386,
  "episodes": 20,
  "score_total": 1343,
  "score_best": 1049,
  "best_loadout": [
    68,
    0,
    0,
    0,
    0,
    0
  ],
  "killed_by": {
    "Ladybug": 1,
    "Hornet": 5,
    "Beetle": 4,
    "Bee": 1,
    "Mantis": 2
  },
  "loadout_history": {
    "0": 14,
    "1": 16,
    "68": 1,
    "116": 1
  }
}