{
  "schema": 1,
  "name": "bot-123",
  "first_seen": 1778543584.912252,
  "last_seen": 1778556755.958016,
  "episodes": 59,
  "score_total": 2559,
  "score_best": 224,
  "best_loadout": [
    0,
    0,
    0,
    0,
    0,
    0
  ],
  "killed_by": {
    "Hornet": 16,
    "Cactus": 4,
    "Wasp": 12,
    "bot-73": 1,
    "Beetle": 2,
    "bot-120": 2,
    "Desert Centipede": 2,
    "bot-80": 1,
    "bot-102": 1,
    "Mantis": 3,
    "bot-45": 1,
    "Sandstorm": 1,
    "Spider": 1,
    "Bee": 1,
    "Scorpion": 1
  },
  "loadout_history": {
    "0": 56,
    "1": 41,
    "14": 5,
    "46": 1,
    "24": 2,
    "62": 1,
    "18": 1,
    "116": 2,
    "168": 1,
    "5": 3,
    "9": 2,
    "23": 1,
    "28": 1
  }
}