{
  "schema": 1,
  "name": "bot-74",
  "first_seen": 1778543473.4266272,
  "last_seen": 1779316705.257917,
  "episodes": 1422,
  "score_total": 174152,
  "score_best": 5267,
  "best_loadout": [
    0,
    24,
    18,
    0,
    0,
    0,
    0
  ],
  "killed_by": {
    "Beetle": 102,
    "Wasp": 242,
    "Hornet": 332,
    "bot-46": 2,
    "Cactus": 81,
    "Sandstorm": 15,
    "bot-129": 1,
    "Mantis": 123,
    "petalpop": 1,
    "bot-137": 3,
    "bloom": 1,
    "Bee": 99,
    "bot-145": 1,
    "gardn": 4,
    "bot-108": 1,
    "bot-121": 5,
    "Ladybug": 59,
    "Centipede": 41,
    "Spider": 43,
    "bot-146": 3,
    "Desert Centipede": 10,
    "Scorpion": 6,
    "Rock": 16,
    "Evil Centipede": 23,
    "bot-147": 3,
    "Bush": 17,
    "bot-79": 1,
    "bot-144": 2,
    "bot-92": 3,
    "Soldier Ant": 3,
    "Worker Ant": 3,
    "67": 1,
    "bot-71": 1,
    "bot-130": 1,
    "bot-30": 3,
    "bot-117": 2,
    "bot-113": 1,
    "flower": 3,
    "aa": 2,
    "bot-101": 2,
    "bot-35": 2,
    "bot-83": 1,
    "bot-131": 2,
    "bot-114": 3,
    "thornbloom": 2,
    "bot-77": 4,
    "bot-123": 1,
    "bot-44": 4,
    "Leafbug": 7,
    "bot-98": 1,
    "zorr": 7,
    "florrio": 2,
    "bot-148": 1,
    "thorn": 1,
    "bot-88": 2,
    "bot-70": 1,
    "Baby Ant": 6,
    "leafy": 2,
    "bot-97": 1,
    "bot-103": 9,
    "bot-127": 1,
    "bot-134": 3,
    "bot-39": 1,
    "bot-89": 2,
    "bot-58": 3,
    "bot-139": 2,
    "bot-34": 3,
    "bot-84": 3,
    "bot-62": 1,
    "bot-94": 1,
    "bot-149": 2,
    "bot-100": 1,
    "bot-50": 2,
    "thorny": 1,
    "bot-26": 1,
    "bot-128": 2,
    "bot-82": 1,
    "rosie": 1,
    "bot-75": 1,
    "bot-120": 2,
    "bot-31": 3,
    "bot-124": 5,
    "bot-24": 1,
    "bot-56": 2,
    "bot": 1,
    "bot-141": 1,
    "bot-96": 1,
    "bot-107": 1,
    "bot-55": 1,
    "bot-73": 1,
    "bot-28": 1,
    "bot-126": 2,
    "bloomy": 1,
    "bot-38": 1,
    "bot-57": 2,
    "bot-86": 2,
    "bot-51": 1,
    "bot-109": 1,
    "bot-78": 1,
    "not bot": 5,
    "bot-52": 1,
    "root": 1,
    "bot-48": 1,
    "bot-85": 1,
    "bot-37": 2,
    "bot-32": 1,
    "blossom-v2": 1,
    "bot-118": 1,
    "bot-91": 4
  },
  "loadout_history": {
    "0": 1214,
    "1": 980,
    "45": 3,
    "25": 10,
    "7": 7,
    "10": 11,
    "24": 16,
    "62": 1,
    "15": 15,
    "34": 4,
    "19": 11,
    "5": 25,
    "9": 19,
    "39": 1,
    "12": 5,
    "79": 8,
    "20": 2,
    "23": 3,
    "6": 16,
    "14": 18,
    "18": 7,
    "17": 5,
    "60": 2,
    "30": 1,
    "167": 2,
    "180": 1,
    "33": 3,
    "16": 5,
    "48": 2,
    "29": 2,
    "49": 1,
    "35": 3,
    "27": 1,
    "108": 1,
    "69": 2,
    "11": 2,
    "123": 1,
    "55": 3,
    "51": 1,
    "8": 4,
    "170": 1,
    "86": 1,
    "97": 1,
    "168": 1,
    "161": 1,
    "41": 1,
    "46": 2,
    "50": 2,
    "117": 2,
    "40": 2,
    "116": 2
  }
}