{
  "schema": 1,
  "name": "bot-143",
  "first_seen": 1778543535.476518,
  "last_seen": 1778556510.163351,
  "episodes": 54,
  "score_total": 3541,
  "score_best": 549,
  "best_loadout": [
    0,
    1,
    0,
    0,
    0,
    0
  ],
  "killed_by": {
    "bot-96": 1,
    "Hornet": 17,
    "Wasp": 5,
    "Beetle": 4,
    "bot-108": 2,
    "Mantis": 3,
    "bot-100": 1,
    "bot-40": 2,
    "bot-120": 2,
    "Cactus": 1,
    "bloom": 1,
    "Evil Centipede": 1,
    "rosie": 1,
    "Bee": 2,
    "Scorpion": 1,
    "bot-38": 1,
    "Centipede": 1,
    "bot-130": 1
  },
  "loadout_history": {
    "0": 51,
    "1": 34,
    "167": 3,
    "24": 3,
    "39": 1,
    "6": 3,
    "9": 2,
    "14": 4,
    "25": 1,
    "10": 1,
    "5": 2,
    "19": 1,
    "68": 1,
    "204": 1,
    "46": 1
  }
}