{
  "schema": 1,
  "name": "bot-101",
  "first_seen": 1778364740.6258051,
  "last_seen": 1778624201.570035,
  "episodes": 534,
  "score_total": 41231,
  "score_best": 1625,
  "best_loadout": [
    0,
    0,
    0,
    0,
    0,
    0,
    0
  ],
  "killed_by": {
    "Beetle": 32,
    "Spider": 17,
    "Hornet": 119,
    "Cactus": 31,
    "Rock": 7,
    "Sandstorm": 9,
    "bot-602": 2,
    "Centipede": 16,
    "Worker Ant": 10,
    "bot-407": 1,
    "Ladybug": 24,
    "Evil Centipede": 8,
    "bot-202": 1,
    "Soldier Ant": 4,
    "Boulder": 1,
    "bot-112": 1,
    "bot-103": 2,
    "bot": 1,
    "Wasp": 83,
    "bot-500": 1,
    "Mantis": 33,
    "bot-60": 1,
    "rosie": 2,
    "bot-41": 1,
    "Scorpion": 4,
    "hello": 1,
    "Desert Centipede": 1,
    "Bee": 27,
    "aa": 1,
    "bot-114": 3,
    "Leafbug": 10,
    "bot-74": 1,
    "bot-56": 1,
    "bloom": 1,
    "bot-71": 1,
    "bot-25": 1,
    "bot-142": 2,
    "bot-123": 1,
    "bot-63": 1,
    "bot-42": 1,
    "bot-131": 1,
    "bot-138": 1,
    "bot-81": 1,
    "bot-97": 1,
    "bot-66": 1,
    "bot-149": 1,
    "bot-90": 1,
    "bot-57": 1,
    "bot-93": 2,
    "bot-31": 1,
    "bot-105": 1,
    "bot-137": 5,
    "bot-95": 1,
    "bot-22": 1,
    "bot-89": 1,
    "bot-126": 1,
    "leafy": 2,
    "bot-75": 2,
    "bot-27": 1,
    "zorr": 4,
    "a": 1,
    "bot-34": 1,
    "bot-28": 1,
    "bot-85": 1,
    "bot-88": 1,
    "bot-98": 1,
    "bot-45": 1,
    "bot-120": 1,
    "Bush": 2,
    "bot-80": 1,
    "thorn": 1,
    "bot-43": 3,
    "bot-76": 1,
    "bot-68": 1,
    "bot-48": 2,
    "bot-92": 4,
    "bot-61": 1
  },
  "loadout_history": {
    "0": 469,
    "1": 337,
    "79": 2,
    "29": 4,
    "7": 2,
    "5": 4,
    "15": 3,
    "9": 4,
    "30": 1,
    "34": 1,
    "26": 1,
    "18": 4,
    "49": 1,
    "10": 2,
    "25": 1,
    "6": 3,
    "24": 3,
    "28": 1,
    "14": 6,
    "12": 1,
    "17": 1,
    "135": 1,
    "181": 1,
    "32": 1,
    "39": 1,
    "86": 1,
    "97": 1,
    "23": 1,
    "16": 1
  }
}