{
  "schema": 1,
  "name": "bot-34",
  "first_seen": 1778543100.295371,
  "last_seen": 1778623785.027026,
  "episodes": 423,
  "score_total": 49923,
  "score_best": 5506,
  "best_loadout": [
    1,
    1,
    0,
    1,
    0,
    0,
    0
  ],
  "killed_by": {
    "bot-100": 2,
    "Cactus": 26,
    "Wasp": 67,
    "Hornet": 107,
    "Mantis": 48,
    "bot-96": 2,
    "thorny": 3,
    "Beetle": 13,
    "Bee": 26,
    "Spider": 6,
    "bot-147": 1,
    "bot-107": 1,
    "bot-40": 2,
    "bot-31": 1,
    "Centipede": 6,
    "bot-56": 1,
    "Evil Centipede": 2,
    "bot-28": 2,
    "bot-124": 1,
    "bot": 1,
    "Ladybug": 23,
    "zorr": 2,
    "Rock": 11,
    "Sandstorm": 4,
    "Bush": 3,
    "not bot": 1,
    "bot-33": 2,
    "Leafbug": 9,
    "bot-141": 1,
    "bot-54": 1,
    "Scorpion": 3,
    "bot-92": 2,
    "bot-58": 1,
    "Desert Centipede": 3,
    "bot-55": 1,
    "bot-116": 1,
    "bot-50": 1,
    "bot-29": 1,
    "bot-89": 3,
    "bot-71": 1,
    "prickly": 1,
    "bot-145": 1,
    "bot-76": 1,
    "bot-119": 1,
    "bot-85": 1,
    "bot-106": 1,
    "petalpop": 1,
    "bot-108": 1,
    "bot-148": 1,
    "Worker Ant": 1,
    "bot-142": 1,
    "bot-57": 1,
    "bot-123": 1,
    "bot-46": 1,
    "blossom": 1,
    "bot-65": 1,
    "bot-87": 1,
    "bot-134": 1
  },
  "loadout_history": {
    "0": 362,
    "1": 272,
    "14": 4,
    "49": 1,
    "28": 2,
    "5": 4,
    "24": 4,
    "25": 2,
    "9": 2,
    "6": 2,
    "23": 1,
    "47": 2,
    "34": 2,
    "10": 2,
    "51": 1,
    "19": 1,
    "15": 2,
    "62": 1,
    "84": 1,
    "16": 1,
    "8": 1,
    "26": 1,
    "35": 1
  }
}