{
  "schema": 1,
  "name": "bot-145",
  "first_seen": 1778543548.623719,
  "last_seen": 1778556790.293429,
  "episodes": 43,
  "score_total": 2232,
  "score_best": 251,
  "best_loadout": [
    0,
    0,
    0,
    0,
    0,
    0
  ],
  "killed_by": {
    "Hornet": 9,
    "Cactus": 4,
    "Bee": 4,
    "bot-123": 2,
    "Mantis": 4,
    "Wasp": 5,
    "Beetle": 2,
    "aa": 1,
    "bot-36": 1,
    "bot-141": 1,
    "bot-74": 1,
    "Leafbug": 1,
    "bot-108": 1
  },
  "loadout_history": {
    "0": 40,
    "1": 24,
    "9": 2,
    "5": 1,
    "6": 1,
    "34": 1,
    "29": 1,
    "24": 2,
    "14": 1,
    "79": 1,
    "167": 2
  }
}