{
  "schema": 1,
  "name": "bot-141",
  "first_seen": 1778543160.7167108,
  "last_seen": 1779316772.446482,
  "episodes": 1530,
  "score_total": 254475,
  "score_best": 10515,
  "best_loadout": [
    1,
    1,
    1,
    0,
    1,
    0,
    0,
    0
  ],
  "killed_by": {
    "Hornet": 382,
    "Mantis": 129,
    "Wasp": 274,
    "Cactus": 114,
    "Desert Centipede": 9,
    "Evil Centipede": 26,
    "Scorpion": 6,
    "Beetle": 63,
    "bot-23": 3,
    "blossom": 4,
    "Bee": 97,
    "bot-94": 4,
    "bot-79": 3,
    "Centipede": 44,
    "bot-128": 2,
    "bot-30": 1,
    "bot-42": 3,
    "bot-36": 4,
    "bot-99": 1,
    "Ladybug": 63,
    "bot-33": 1,
    "bot-54": 3,
    "Spider": 44,
    "Leafbug": 20,
    "bot-97": 1,
    "bot-131": 2,
    "bot-120": 2,
    "petalpop": 3,
    "Bush": 17,
    "bot-22": 2,
    "bot-102": 3,
    "bot-75": 3,
    "Sandstorm": 21,
    "bot-103": 2,
    "florrio": 1,
    "bot-76": 4,
    "Rock": 10,
    "bot-26": 2,
    "bot-111": 2,
    "Baby Ant": 2,
    "bot-73": 2,
    "bot-80": 3,
    "bot-83": 3,
    "bot-92": 2,
    "bot-58": 2,
    "bot-139": 2,
    "bot-56": 7,
    "bot-53": 1,
    "bot-105": 2,
    "bot-41": 1,
    "bot-35": 3,
    "bot-71": 2,
    "aa": 1,
    "bot-34": 3,
    "bot-57": 4,
    "bot-89": 4,
    "rosie": 2,
    "bot-126": 1,
    "bot-37": 3,
    "bot-87": 1,
    "bot-108": 1,
    "bot-101": 3,
    "bot-146": 1,
    "Worker Ant": 2,
    "bot-43": 2,
    "bot-136": 2,
    "bot-113": 1,
    "bot-64": 1,
    "bloom": 2,
    "bot-140": 3,
    "bot-52": 2,
    "bot-39": 1,
    "bot-68": 1,
    "bot-59": 5,
    "blossom-v2": 1,
    "bot-51": 1,
    "not bot": 3,
    "bot-119": 1,
    "flower": 2,
    "bot-145": 2,
    "thorn": 5,
    "leafy": 4,
    "bot-88": 2,
    "hello": 1,
    "bot-124": 1,
    "bot-77": 2,
    "bot-95": 1,
    "bot-147": 1,
    "bot-84": 1,
    "bot-138": 1,
    "bot-49": 1,
    "bot-45": 2,
    "bot-82": 1,
    "bot-148": 1,
    "bot-25": 2,
    "bot-117": 1,
    "bot-142": 1,
    "bot-137": 1,
    "bot-98": 1,
    "bot-133": 1,
    "bot-44": 1,
    "a": 1,
    "bot-40": 1,
    "bot": 1,
    "bot-122": 1,
    "bot-149": 1,
    "bot-130": 1,
    "bot-116": 1,
    "bot-47": 1,
    "Soldier Ant": 3,
    "Boulder": 1
  },
  "loadout_history": {
    "0": 1303,
    "1": 1105,
    "15": 20,
    "167": 3,
    "33": 3,
    "5": 32,
    "64": 1,
    "16": 6,
    "18": 7,
    "79": 2,
    "6": 15,
    "116": 6,
    "62": 2,
    "34": 8,
    "10": 3,
    "14": 17,
    "25": 7,
    "24": 6,
    "180": 2,
    "37": 1,
    "9": 11,
    "7": 7,
    "181": 2,
    "55": 1,
    "20": 3,
    "19": 4,
    "86": 1,
    "11": 4,
    "28": 4,
    "49": 2,
    "8": 4,
    "123": 1,
    "204": 1,
    "26": 2,
    "30": 1,
    "29": 2,
    "84": 1,
    "83": 2,
    "35": 1,
    "68": 1,
    "22": 1,
    "60": 1,
    "135": 1,
    "107": 2,
    "12": 1,
    "27": 1,
    "21": 1,
    "117": 1,
    "36": 1,
    "23": 1,
    "39": 1,
    "40": 3,
    "46": 2,
    "69": 1,
    "41": 1,
    "50": 1
  }
}