{
  "schema": 1,
  "name": "bot-77",
  "first_seen": 1778543134.0063858,
  "last_seen": 1779316408.331655,
  "episodes": 1445,
  "score_total": 224290,
  "score_best": 9045,
  "best_loadout": [
    0,
    0,
    0,
    0,
    0,
    0,
    0,
    0
  ],
  "killed_by": {
    "Wasp": 265,
    "Hornet": 365,
    "prickly": 1,
    "Beetle": 71,
    "Evil Centipede": 18,
    "Mantis": 114,
    "Bee": 102,
    "Ladybug": 54,
    "bot-85": 1,
    "root": 3,
    "Cactus": 76,
    "Spider": 50,
    "bot-101": 2,
    "bot-120": 3,
    "bot-100": 1,
    "bot-149": 2,
    "Rock": 12,
    "bot-67": 1,
    "bot-116": 2,
    "bot-27": 1,
    "bot-22": 2,
    "bot-24": 2,
    "Centipede": 38,
    "Worker Ant": 4,
    "bot-137": 2,
    "bot-55": 1,
    "bot-141": 3,
    "bot-62": 1,
    "Sandstorm": 19,
    "Desert Centipede": 6,
    "bot-133": 3,
    "Leafbug": 11,
    "bot-124": 2,
    "thorny": 2,
    "bot-142": 3,
    "bot-84": 3,
    "bot-35": 3,
    "bot-30": 3,
    "bot-88": 3,
    "bot-47": 2,
    "bot-33": 3,
    "Bush": 15,
    "bot-91": 1,
    "bot-130": 2,
    "bot-26": 3,
    "bot-78": 2,
    "bot-132": 9,
    "Scorpion": 22,
    "bot-93": 2,
    "thorn": 2,
    "bot-122": 3,
    "bot-140": 4,
    "bot-45": 2,
    "bot-81": 2,
    "bot-107": 2,
    "bot-135": 1,
    "bot-61": 1,
    "bot-57": 2,
    "bot-76": 2,
    "bot-131": 4,
    "bloom": 1,
    "zorr": 2,
    "bot": 3,
    "Soldier Ant": 2,
    "hello": 1,
    "bot-138": 4,
    "bot-129": 2,
    "bot-113": 1,
    "bot-49": 1,
    "bot-145": 3,
    "bot-71": 1,
    "bot-146": 3,
    "blossom-v2": 2,
    "florrio": 1,
    "bot-106": 1,
    "bot-147": 1,
    "leafy": 4,
    "bot-39": 2,
    "bot-70": 1,
    "bot-102": 2,
    "bot-86": 1,
    "bot-34": 2,
    "bot-48": 1,
    "bot-92": 1,
    "bot-51": 2,
    "bot-117": 1,
    "bot-73": 1,
    "bot-121": 1,
    "bot-134": 1,
    "bot-52": 1,
    "thornbloom": 2,
    "bot-112": 2,
    "Baby Ant": 2,
    "bot-38": 1,
    "bot-75": 2,
    "bot-136": 1,
    "bot-108": 1,
    "bot-128": 2,
    "67": 1,
    "bot-104": 2,
    "bot-111": 1,
    "bot-95": 2,
    "aa": 1,
    "bot-98": 2,
    "bot-83": 1,
    "bot-74": 1,
    "bot-28": 2,
    "bot-41": 2,
    "bot-60": 1,
    "bot-65": 1,
    "blossom": 1,
    "bot-36": 2,
    "bot-87": 1,
    "bot-97": 2
  },
  "loadout_history": {
    "1": 1013,
    "5": 19,
    "9": 13,
    "0": 1247,
    "24": 18,
    "79": 5,
    "47": 1,
    "19": 4,
    "15": 18,
    "28": 9,
    "25": 10,
    "35": 5,
    "14": 23,
    "62": 1,
    "18": 8,
    "7": 7,
    "10": 10,
    "23": 1,
    "168": 3,
    "11": 5,
    "8": 2,
    "58": 1,
    "34": 17,
    "20": 3,
    "13": 3,
    "61": 1,
    "68": 2,
    "83": 3,
    "33": 1,
    "48": 3,
    "167": 6,
    "6": 16,
    "160": 1,
    "75": 1,
    "12": 2,
    "16": 4,
    "36": 2,
    "29": 3,
    "89": 1,
    "92": 1,
    "169": 1,
    "46": 2,
    "181": 1,
    "116": 2,
    "107": 1,
    "17": 2,
    "27": 1,
    "123": 1,
    "204": 1,
    "26": 1,
    "50": 3,
    "40": 4,
    "117": 2,
    "73": 1,
    "42": 1
  }
}