{
  "schema": 1,
  "name": "bot-33",
  "first_seen": 1778543101.679935,
  "last_seen": 1779316450.751076,
  "episodes": 1496,
  "score_total": 259906,
  "score_best": 7668,
  "best_loadout": [
    0,
    0,
    0,
    0,
    0,
    0,
    0,
    0
  ],
  "killed_by": {
    "Cactus": 95,
    "Mantis": 134,
    "Hornet": 352,
    "Wasp": 246,
    "Bee": 88,
    "bot-95": 1,
    "Rock": 12,
    "bot-148": 2,
    "Spider": 34,
    "Beetle": 84,
    "bot-98": 5,
    "Centipede": 52,
    "Evil Centipede": 29,
    "bot-31": 3,
    "blossom-v2": 1,
    "Scorpion": 11,
    "bot-70": 1,
    "Sandstorm": 15,
    "Ladybug": 47,
    "Leafbug": 15,
    "bot-25": 1,
    "bot-114": 3,
    "bot-78": 1,
    "bot-34": 1,
    "bot-132": 2,
    "bot-142": 5,
    "bot-29": 4,
    "bot-49": 2,
    "bot-44": 1,
    "Soldier Ant": 11,
    "bot-112": 3,
    "Bush": 12,
    "bot-90": 2,
    "bot-75": 5,
    "Desert Centipede": 13,
    "zorr": 2,
    "bot-74": 1,
    "bot-99": 2,
    "bot-134": 2,
    "bot-62": 6,
    "bot-136": 5,
    "bot-47": 1,
    "bot-145": 4,
    "bot-111": 1,
    "bot-24": 2,
    "bot-108": 2,
    "leafy": 1,
    "bot-35": 2,
    "bot-48": 1,
    "bot-83": 3,
    "Worker Ant": 7,
    "bot-124": 2,
    "petalpop": 1,
    "bot-77": 1,
    "bot-110": 1,
    "flower": 5,
    "bot-84": 2,
    "bot-27": 2,
    "Baby Ant": 1,
    "bot-82": 2,
    "bot-113": 3,
    "bot-131": 1,
    "bot-93": 1,
    "bot-57": 4,
    "bot-28": 2,
    "bot-72": 3,
    "prickly": 1,
    "bot-109": 2,
    "bot-135": 1,
    "bot-140": 1,
    "bot-81": 2,
    "gardn": 2,
    "bot-91": 3,
    "bot-45": 4,
    "bot-94": 1,
    "67": 2,
    "bot-138": 2,
    "bot-88": 1,
    "bot-76": 2,
    "bot-130": 1,
    "aa": 2,
    "bot-26": 1,
    "bot-38": 1,
    "bot-87": 2,
    "bot-79": 2,
    "bot-96": 1,
    "bot-39": 1,
    "bot-105": 1,
    "bot-118": 5,
    "bot-42": 3,
    "bot-126": 1,
    "bot-59": 1,
    "blossom": 1,
    "bot-46": 3,
    "bot-52": 2,
    "bot-104": 1,
    "bot-61": 1,
    "bot-128": 1,
    "bot-139": 3,
    "a": 1,
    "bot-119": 2,
    "bot-65": 1,
    "bloom": 1,
    "bot-123": 1,
    "bot-127": 1,
    "bot-116": 1,
    "bot-58": 1,
    "bot-66": 1,
    "bot-106": 5,
    "not bot": 1,
    "hello": 1,
    "bloomy": 2,
    "bot-121": 1,
    "bot": 1,
    "root": 1,
    "bot-97": 1,
    "bot-53": 1,
    "thornbloom": 2,
    "florrio": 1,
    "Boulder": 4,
    "bot-32": 6,
    "bot-102": 1
  },
  "loadout_history": {
    "0": 1296,
    "1": 1078,
    "5": 24,
    "14": 28,
    "15": 14,
    "79": 7,
    "6": 12,
    "25": 6,
    "10": 10,
    "18": 7,
    "28": 11,
    "35": 3,
    "34": 9,
    "26": 3,
    "16": 4,
    "60": 3,
    "168": 1,
    "9": 16,
    "37": 1,
    "24": 14,
    "51": 4,
    "29": 5,
    "48": 2,
    "17": 4,
    "116": 3,
    "7": 4,
    "49": 3,
    "12": 1,
    "8": 2,
    "167": 2,
    "69": 2,
    "204": 2,
    "54": 2,
    "58": 1,
    "19": 3,
    "135": 1,
    "13": 2,
    "123": 1,
    "32": 1,
    "38": 1,
    "11": 1,
    "20": 1,
    "21": 1,
    "63": 1,
    "23": 3,
    "205": 2,
    "30": 1,
    "50": 1,
    "40": 3,
    "56": 1,
    "33": 1,
    "46": 1
  }
}