{
  "schema": 1,
  "name": "bot-31",
  "first_seen": 1778543460.086347,
  "last_seen": 1778624126.467919,
  "episodes": 488,
  "score_total": 67757,
  "score_best": 5169,
  "best_loadout": [
    1,
    0,
    0,
    0,
    0,
    0,
    0
  ],
  "killed_by": {
    "Scorpion": 3,
    "bot-63": 2,
    "Hornet": 119,
    "Wasp": 68,
    "Cactus": 29,
    "bot-71": 2,
    "Beetle": 19,
    "Rock": 7,
    "bot-137": 1,
    "Spider": 11,
    "Sandstorm": 5,
    "Mantis": 52,
    "Centipede": 19,
    "bot-131": 1,
    "flower": 1,
    "bot-43": 1,
    "bot-70": 2,
    "67": 1,
    "Evil Centipede": 5,
    "Bee": 42,
    "bot-120": 1,
    "bot-40": 1,
    "bloomy": 1,
    "bot-55": 1,
    "Ladybug": 18,
    "bot-25": 1,
    "bot-73": 1,
    "blossom-v2": 1,
    "bot-29": 1,
    "Leafbug": 9,
    "bot-123": 1,
    "Bush": 3,
    "bot-64": 1,
    "gardn": 1,
    "bot-98": 2,
    "bot-100": 1,
    "bot-145": 1,
    "bot-90": 6,
    "bot-102": 2,
    "bot-97": 3,
    "bot-82": 1,
    "bot-80": 1,
    "bot-42": 3,
    "bot-49": 1,
    "bot-132": 2,
    "bot-38": 1,
    "bot-112": 1,
    "bot-121": 1,
    "bot-134": 1,
    "rosie": 1,
    "bot-46": 1,
    "bot-126": 1,
    "bot-88": 1,
    "bot-86": 1,
    "bot-78": 1,
    "bot-95": 1,
    "thorn": 1,
    "bot-22": 1,
    "bot-28": 1,
    "bot-91": 1,
    "a": 1,
    "bot-115": 1,
    "bot-141": 1,
    "bot-87": 1,
    "bot-96": 1,
    "bot-139": 1,
    "bot-119": 1,
    "bot-66": 1
  },
  "loadout_history": {
    "0": 416,
    "1": 324,
    "49": 3,
    "5": 6,
    "14": 7,
    "23": 1,
    "15": 2,
    "28": 4,
    "79": 3,
    "46": 1,
    "9": 4,
    "24": 3,
    "167": 1,
    "34": 3,
    "39": 1,
    "6": 3,
    "29": 1,
    "51": 1,
    "8": 1,
    "36": 1,
    "12": 2,
    "7": 1,
    "61": 1,
    "11": 1,
    "18": 2,
    "182": 1,
    "32": 1
  }
}