{
  "schema": 1,
  "name": "bot-26",
  "first_seen": 1778543455.120498,
  "last_seen": 1778624122.243115,
  "episodes": 478,
  "score_total": 42904,
  "score_best": 1275,
  "best_loadout": [
    24,
    0,
    0,
    1,
    1,
    0
  ],
  "killed_by": {
    "Hornet": 131,
    "Scorpion": 4,
    "Wasp": 82,
    "Beetle": 18,
    "Mantis": 48,
    "bot-114": 1,
    "bot-41": 3,
    "Cactus": 24,
    "Bee": 35,
    "bot-105": 1,
    "Sandstorm": 3,
    "Bush": 7,
    "bot-57": 1,
    "Ladybug": 18,
    "bot-101": 1,
    "Centipede": 7,
    "bot-55": 1,
    "bot-97": 1,
    "Spider": 16,
    "bot-68": 2,
    "Leafbug": 6,
    "florrio": 2,
    "bot-58": 2,
    "bot-36": 1,
    "bot-149": 3,
    "bot-51": 1,
    "Rock": 6,
    "bot-24": 1,
    "bot-109": 1,
    "bot-31": 1,
    "67": 1,
    "Desert Centipede": 1,
    "bot-94": 1,
    "bot-83": 1,
    "bot-47": 2,
    "Soldier Ant": 2,
    "bot-128": 1,
    "bot-44": 2,
    "bot-130": 2,
    "leafy": 4,
    "bot-132": 1,
    "bot-86": 1,
    "bot-102": 1,
    "bot-87": 1,
    "bot-27": 1,
    "bot-32": 1,
    "bot-34": 1,
    "Worker Ant": 3,
    "bot-39": 2,
    "bot-134": 1,
    "bot-56": 1,
    "bot-98": 1,
    "zorr": 1,
    "bot-85": 1,
    "bot-46": 1,
    "bot-148": 1,
    "bot-29": 1
  },
  "loadout_history": {
    "0": 421,
    "1": 318,
    "28": 1,
    "47": 1,
    "24": 9,
    "14": 5,
    "18": 5,
    "49": 2,
    "10": 3,
    "51": 2,
    "5": 9,
    "46": 2,
    "25": 1,
    "29": 5,
    "9": 4,
    "48": 1,
    "19": 2,
    "167": 2,
    "34": 1,
    "15": 4,
    "6": 4,
    "8": 2,
    "55": 1,
    "149": 1,
    "37": 1,
    "83": 2,
    "16": 1,
    "11": 1,
    "79": 1
  }
}