{
  "schema": 1,
  "name": "bot-104",
  "first_seen": 1778364741.737202,
  "last_seen": 1778713167.73781,
  "episodes": 1280,
  "score_total": 209018,
  "score_best": 10023,
  "best_loadout": [
    1,
    1,
    0,
    1,
    0,
    0,
    0,
    0
  ],
  "killed_by": {
    "Hornet": 326,
    "Evil Centipede": 14,
    "Beetle": 46,
    "Centipede": 32,
    "Baby Ant": 7,
    "bot-509": 2,
    "Cactus": 85,
    "Soldier Ant": 3,
    "bot-107": 3,
    "bot-205": 1,
    "Boulder": 3,
    "Bee": 90,
    "Spider": 40,
    "Scorpion": 7,
    "Ladybug": 43,
    "bot-406": 1,
    "bot-706": 2,
    "Worker Ant": 9,
    "bot-517": 1,
    "Mantis": 110,
    "Wasp": 215,
    "gardn": 3,
    "bot-123": 3,
    "bot-62": 4,
    "bot-103": 2,
    "Sandstorm": 15,
    "bot-59": 1,
    "bot-149": 1,
    "bot-121": 2,
    "bot-99": 1,
    "bot-54": 1,
    "bot-109": 1,
    "Bush": 11,
    "bot-37": 3,
    "bot-110": 2,
    "bot-70": 1,
    "Desert Centipede": 9,
    "bot-146": 3,
    "bot-41": 6,
    "bot-129": 2,
    "Leafbug": 14,
    "bot-108": 1,
    "bot-144": 1,
    "Rock": 14,
    "bot-36": 2,
    "bot-147": 2,
    "bot-94": 2,
    "bot-28": 3,
    "thornbloom": 2,
    "bloomy": 1,
    "bot-125": 1,
    "bot-68": 1,
    "bot-86": 1,
    "thorny": 2,
    "bot-29": 2,
    "bot-131": 3,
    "bot-26": 1,
    "bot-124": 2,
    "bot-118": 3,
    "bot-34": 2,
    "bot-119": 2,
    "root": 2,
    "bot-142": 1,
    "bot-111": 2,
    "bot-35": 1,
    "bot-47": 1,
    "bot-100": 1,
    "leafy": 3,
    "bot-48": 3,
    "bot-141": 2,
    "bot-136": 1,
    "bot-80": 1,
    "bot-145": 2,
    "bot-30": 3,
    "bot-95": 2,
    "bot-66": 3,
    "bot-63": 1,
    "flower": 3,
    "bot-69": 1,
    "bot-71": 1,
    "bot-114": 2,
    "prickly": 1,
    "blossom-v2": 3,
    "bot-27": 1,
    "bot-106": 5,
    "bot-148": 1,
    "bot-43": 2,
    "bot-126": 2,
    "bot-88": 3,
    "bot-40": 1,
    "thorn": 2,
    "bot-97": 1,
    "bot-128": 1,
    "bot-112": 1,
    "bot-42": 1,
    "bot-92": 1,
    "bot-55": 3,
    "hello": 1,
    "bot-60": 1,
    "bot-22": 3,
    "bot-130": 1,
    "bot-138": 1,
    "bot-58": 2,
    "bot-115": 1,
    "bot-91": 1,
    "bot-120": 1,
    "bot-44": 1,
    "bot-132": 1,
    "bot-64": 2,
    "bot-139": 1,
    "bot-77": 1
  },
  "loadout_history": {
    "1": 913,
    "0": 1066,
    "25": 5,
    "5": 17,
    "7": 3,
    "14": 19,
    "9": 17,
    "79": 4,
    "36": 1,
    "28": 4,
    "18": 3,
    "24": 8,
    "11": 4,
    "33": 1,
    "6": 6,
    "48": 1,
    "92": 2,
    "15": 12,
    "10": 6,
    "46": 3,
    "116": 3,
    "19": 5,
    "167": 3,
    "49": 1,
    "135": 1,
    "117": 2,
    "114": 1,
    "8": 3,
    "23": 1,
    "32": 1,
    "161": 1,
    "29": 2,
    "13": 2,
    "21": 2,
    "16": 4,
    "20": 2,
    "30": 2,
    "113": 1,
    "83": 2,
    "35": 2,
    "124": 2,
    "68": 1,
    "180": 2,
    "22": 1,
    "12": 1,
    "26": 1,
    "58": 1,
    "168": 1,
    "84": 1
  }
}