{
  "schema": 1,
  "name": "bot-fvwy",
  "first_seen": 1778278967.536261,
  "last_seen": 1778280049.083881,
  "episodes": 24,
  "score_total": 1458,
  "score_best": 262,
  "best_loadout": [
    9,
    1,
    1,
    1,
    0,
    0
  ],
  "killed_by": {
    "Hornet": 15,
    "Bee": 3,
    "Beetle": 2,
    "Cactus": 1,
    "Spider": 2
  },
  "loadout_history": {
    "40": 3,
    "0": 22,
    "9": 5,
    "1": 14,
    "34": 3,
    "24": 3,
    "23": 3,
    "5": 2,
    "6": 2,
    "10": 1,
    "14": 1,
    "79": 1,
    "18": 1
  }
}