{
  "schema": 1,
  "name": "bot-417",
  "first_seen": 1778364747.199444,
  "last_seen": 1778542978.580792,
  "episodes": 20,
  "score_total": 458,
  "score_best": 124,
  "best_loadout": [
    28,
    0,
    69,
    0,
    0
  ],
  "killed_by": {
    "Hornet": 8,
    "Beetle": 6,
    "bot-410": 1,
    "Rock": 1
  },
  "loadout_history": {
    "0": 16,
    "1": 16,
    "28": 1,
    "69": 1
  }
}