{
  "schema": 1,
  "name": "bot-100",
  "first_seen": 1778364740.804471,
  "last_seen": 1778713194.7681432,
  "episodes": 1292,
  "score_total": 179343,
  "score_best": 10089,
  "best_loadout": [
    0,
    0,
    0,
    0,
    0,
    0,
    0,
    0
  ],
  "killed_by": {
    "Hornet": 286,
    "Spider": 36,
    "Beetle": 66,
    "Cactus": 76,
    "Rock": 13,
    "Soldier Ant": 7,
    "Worker Ant": 6,
    "Evil Centipede": 15,
    "a": 2,
    "bot-602": 1,
    "Centipede": 59,
    "bot-203": 4,
    "Queen Ant": 1,
    "bot-304": 1,
    "Bee": 74,
    "bot-106": 2,
    "Sandstorm": 19,
    "Desert Centipede": 8,
    "Ladybug": 83,
    "Baby Ant": 3,
    "Wasp": 218,
    "Bush": 11,
    "Mantis": 99,
    "bot-115": 1,
    "bot-70": 1,
    "Leafbug": 21,
    "bot-118": 1,
    "florrio": 2,
    "Scorpion": 5,
    "hello": 2,
    "bot-43": 2,
    "bot-104": 3,
    "bot-41": 2,
    "bot-127": 4,
    "bot-28": 2,
    "bloom": 4,
    "bot-92": 6,
    "bot-53": 1,
    "bot-86": 3,
    "bot-67": 4,
    "not bot": 2,
    "bot-23": 1,
    "bot-58": 1,
    "aa": 2,
    "bot-76": 2,
    "bot-64": 1,
    "bot-148": 3,
    "bot-49": 1,
    "bot-90": 2,
    "bot-39": 5,
    "bot-73": 2,
    "bot-32": 1,
    "bot-26": 1,
    "bot-60": 1,
    "bot-66": 1,
    "root": 2,
    "bot-125": 4,
    "bot-99": 1,
    "rosie": 1,
    "bot-131": 1,
    "petalpop": 8,
    "bot-108": 1,
    "bot-110": 2,
    "bot-83": 2,
    "bot-29": 1,
    "bot-139": 3,
    "67": 1,
    "bot-69": 2,
    "bot-74": 4,
    "blossom-v2": 1,
    "bot-130": 1,
    "thorn": 3,
    "bot-98": 2,
    "bot-46": 4,
    "bot-88": 1,
    "bot-132": 1,
    "bot-138": 3,
    "bot-47": 2,
    "bot-103": 1,
    "bot-144": 4,
    "bot-140": 2,
    "bot-107": 3,
    "bot-84": 2,
    "bot-34": 2,
    "leafy": 2,
    "bot-129": 2,
    "bot": 1,
    "bot-134": 1,
    "bot-45": 1,
    "bot-136": 2,
    "bot-137": 1,
    "bot-71": 1,
    "flower": 1,
    "bot-61": 1,
    "bot-44": 1,
    "bot-95": 1,
    "bot-40": 1,
    "bot-77": 1,
    "gardn": 6,
    "bot-87": 1,
    "bot-123": 1,
    "bot-114": 1
  },
  "loadout_history": {
    "0": 1101,
    "1": 925,
    "10": 8,
    "18": 6,
    "15": 12,
    "40": 1,
    "5": 10,
    "14": 13,
    "20": 2,
    "48": 2,
    "28": 7,
    "167": 5,
    "69": 3,
    "39": 1,
    "35": 3,
    "24": 10,
    "49": 3,
    "9": 6,
    "79": 2,
    "29": 1,
    "45": 1,
    "11": 2,
    "25": 10,
    "6": 8,
    "68": 1,
    "51": 1,
    "83": 2,
    "8": 2,
    "37": 2,
    "137": 1,
    "19": 4,
    "17": 1,
    "7": 5,
    "21": 1,
    "180": 1,
    "12": 2,
    "16": 2,
    "36": 2,
    "30": 1,
    "56": 1,
    "23": 1,
    "55": 1,
    "181": 1,
    "165": 1,
    "182": 1,
    "60": 1,
    "13": 1,
    "119": 2,
    "33": 1,
    "116": 1
  }
}