{
  "schema": 1,
  "name": "bot-bddb",
  "first_seen": 1778123359.1260102,
  "last_seen": 1778123960.2315588,
  "episodes": 8,
  "score_total": 492,
  "score_best": 147,
  "best_loadout": [
    26,
    40,
    25,
    40,
    24
  ],
  "killed_by": {
    "aa": 1,
    "sussy": 2,
    "root": 1,
    "rosie": 1,
    "Rock": 1,
    "bot-pimn": 1
  },
  "loadout_history": {
    "40": 5,
    "9": 3,
    "14": 2,
    "1": 3,
    "5": 1,
    "34": 2,
    "41": 2,
    "10": 1,
    "24": 4,
    "25": 2,
    "18": 2,
    "20": 1,
    "26": 2
  }
}