{
  "schema": 1,
  "name": "bot-116",
  "first_seen": 1778364742.0010629,
  "last_seen": 1778624261.403723,
  "episodes": 491,
  "score_total": 58227,
  "score_best": 5149,
  "best_loadout": [
    0,
    0,
    0,
    0,
    0,
    0,
    0
  ],
  "killed_by": {
    "Ladybug": 18,
    "Hornet": 130,
    "Beetle": 27,
    "Bee": 45,
    "Mantis": 39,
    "Wasp": 86,
    "Centipede": 16,
    "bot-414": 1,
    "Cactus": 26,
    "Evil Centipede": 5,
    "Sandstorm": 3,
    "bot-32": 3,
    "bot-88": 1,
    "hello": 1,
    "bot-90": 1,
    "Spider": 13,
    "Scorpion": 4,
    "Soldier Ant": 1,
    "bot-51": 2,
    "bot-111": 1,
    "Baby Ant": 1,
    "bot-136": 2,
    "bot-85": 1,
    "bot-54": 1,
    "bot-71": 1,
    "Worker Ant": 2,
    "bot-110": 1,
    "bot-124": 1,
    "Leafbug": 4,
    "bot-142": 2,
    "bot-34": 1,
    "Bush": 2,
    "flower": 4,
    "bot-84": 1,
    "bot-40": 3,
    "bot-77": 1,
    "bot-42": 1,
    "bot-131": 2,
    "Rock": 2,
    "bot-35": 1,
    "bot-105": 1,
    "bot-100": 1,
    "bot-125": 1,
    "bot-129": 1,
    "bot-120": 2,
    "bot-53": 1,
    "bot-50": 1,
    "bot-65": 1,
    "bot-43": 1,
    "aa": 2,
    "bot-78": 1,
    "bot-149": 1,
    "bot-66": 1,
    "bot-109": 1,
    "bot-58": 1
  },
  "loadout_history": {
    "0": 431,
    "1": 310,
    "68": 1,
    "116": 1,
    "14": 3,
    "5": 8,
    "9": 3,
    "167": 1,
    "7": 1,
    "18": 5,
    "15": 6,
    "10": 2,
    "20": 2,
    "24": 1,
    "26": 1,
    "35": 2,
    "37": 1,
    "25": 3,
    "79": 3,
    "51": 1,
    "29": 2,
    "8": 1,
    "60": 1,
    "19": 3,
    "11": 1,
    "27": 1,
    "83": 1
  }
}