{
  "schema": 1,
  "name": "bot-72",
  "first_seen": 1778543134.410288,
  "last_seen": 1779316406.274165,
  "episodes": 1388,
  "score_total": 302798,
  "score_best": 10015,
  "best_loadout": [
    1,
    1,
    1,
    1,
    1,
    0,
    0,
    0
  ],
  "killed_by": {
    "Wasp": 244,
    "Mantis": 110,
    "Sandstorm": 23,
    "Hornet": 308,
    "bot-48": 3,
    "flower": 2,
    "bot-131": 3,
    "bot-125": 2,
    "Rock": 11,
    "Cactus": 82,
    "Beetle": 67,
    "prickly": 2,
    "Evil Centipede": 27,
    "Bee": 113,
    "bot-78": 3,
    "bot": 5,
    "Spider": 40,
    "bot-43": 2,
    "Ladybug": 58,
    "bot-89": 1,
    "gardn": 1,
    "bot-30": 2,
    "bot-139": 1,
    "bot-80": 3,
    "bot-46": 1,
    "bot-145": 1,
    "Leafbug": 15,
    "Worker Ant": 6,
    "bot-56": 2,
    "bot-40": 1,
    "Centipede": 43,
    "bot-148": 2,
    "bot-53": 1,
    "Desert Centipede": 6,
    "leafy": 1,
    "bot-44": 3,
    "bloom": 4,
    "bot-120": 5,
    "bot-149": 4,
    "bot-135": 2,
    "bot-27": 2,
    "bot-32": 4,
    "bot-36": 3,
    "bot-26": 1,
    "bot-23": 1,
    "rosie": 4,
    "bot-142": 4,
    "bot-24": 3,
    "bot-69": 1,
    "not bot": 2,
    "bot-81": 2,
    "bot-59": 7,
    "bot-122": 1,
    "bot-130": 4,
    "bot-86": 1,
    "bot-107": 2,
    "bot-100": 1,
    "bot-66": 1,
    "bot-61": 1,
    "aa": 1,
    "bot-79": 1,
    "bot-114": 2,
    "bot-73": 2,
    "bot-91": 4,
    "bot-111": 1,
    "Baby Ant": 4,
    "Bush": 6,
    "a": 3,
    "bot-112": 1,
    "bot-60": 4,
    "bot-85": 1,
    "bot-71": 4,
    "Soldier Ant": 9,
    "bot-75": 1,
    "bot-98": 2,
    "bot-143": 1,
    "bot-52": 1,
    "blossom": 4,
    "bot-29": 1,
    "Scorpion": 7,
    "bot-95": 1,
    "blossom-v2": 1,
    "bot-37": 2,
    "bot-93": 1,
    "bot-42": 2,
    "bot-35": 3,
    "bot-39": 1,
    "bot-28": 5,
    "bot-118": 4,
    "bot-141": 1,
    "bot-146": 1,
    "bot-57": 2,
    "bot-63": 4,
    "hello": 1,
    "bot-102": 1,
    "thorn": 1,
    "bot-55": 1,
    "bot-119": 2,
    "zorr": 1,
    "bot-45": 1,
    "bot-134": 1,
    "bot-132": 1,
    "bot-62": 2,
    "bot-113": 1,
    "florrio": 1,
    "bot-96": 2,
    "root": 1,
    "bloomy": 1,
    "bot-117": 1,
    "bot-124": 1,
    "bot-76": 2,
    "bot-22": 2,
    "bot-41": 1
  },
  "loadout_history": {
    "0": 1204,
    "1": 954,
    "14": 25,
    "5": 23,
    "20": 2,
    "79": 6,
    "34": 4,
    "25": 7,
    "15": 20,
    "24": 13,
    "47": 2,
    "167": 4,
    "19": 5,
    "9": 15,
    "29": 3,
    "17": 2,
    "6": 11,
    "7": 2,
    "28": 4,
    "35": 4,
    "18": 6,
    "26": 1,
    "83": 1,
    "37": 1,
    "22": 1,
    "51": 2,
    "10": 13,
    "11": 5,
    "16": 1,
    "23": 2,
    "21": 1,
    "89": 1,
    "60": 2,
    "8": 2,
    "61": 1,
    "39": 2,
    "142": 1,
    "12": 2,
    "84": 1,
    "27": 2,
    "54": 1,
    "48": 1,
    "55": 2,
    "116": 1,
    "30": 1,
    "68": 1,
    "33": 1,
    "40": 2,
    "46": 1
  }
}