{
  "schema": 1,
  "name": "bot-71",
  "first_seen": 1778543490.302591,
  "last_seen": 1779316453.4176772,
  "episodes": 1435,
  "score_total": 221826,
  "score_best": 6811,
  "best_loadout": [
    0,
    0,
    0,
    0,
    0,
    0,
    1,
    0
  ],
  "killed_by": {
    "Wasp": 239,
    "Ladybug": 64,
    "Hornet": 344,
    "Bee": 71,
    "Centipede": 40,
    "bot-144": 4,
    "Beetle": 83,
    "Spider": 50,
    "Soldier Ant": 25,
    "Evil Centipede": 30,
    "root": 7,
    "Rock": 14,
    "Mantis": 127,
    "bot-133": 2,
    "Cactus": 68,
    "bot-68": 3,
    "thorn": 4,
    "petalpop": 2,
    "bot-77": 1,
    "bot-131": 2,
    "Scorpion": 7,
    "bot-61": 1,
    "bot-149": 2,
    "bot-43": 1,
    "zorr": 2,
    "Worker Ant": 9,
    "bot-138": 2,
    "bot-42": 6,
    "Leafbug": 9,
    "bot-106": 2,
    "Bush": 9,
    "Desert Centipede": 6,
    "bloomy": 5,
    "bot-23": 1,
    "bot-121": 3,
    "bot-137": 3,
    "Sandstorm": 13,
    "bot-24": 6,
    "bot-56": 1,
    "bot-32": 1,
    "bot-147": 3,
    "bot-31": 3,
    "bot-25": 1,
    "bot-84": 2,
    "bot-87": 2,
    "bot-102": 2,
    "bot-107": 4,
    "bot-89": 1,
    "bot-30": 1,
    "bot-47": 2,
    "bot-79": 1,
    "bot-135": 2,
    "bot-105": 2,
    "bot-92": 1,
    "bot-115": 2,
    "67": 2,
    "bot-45": 3,
    "bot-143": 1,
    "bot-35": 2,
    "bloom": 1,
    "bot-99": 1,
    "leafy": 2,
    "bot-139": 2,
    "bot-29": 2,
    "gardn": 1,
    "bot-69": 1,
    "bot-67": 3,
    "bot-72": 2,
    "bot-46": 3,
    "Baby Ant": 3,
    "bot-85": 4,
    "bot-148": 3,
    "bot-34": 2,
    "bot-65": 2,
    "rosie": 6,
    "bot-48": 1,
    "bot-44": 2,
    "prickly": 2,
    "bot-38": 2,
    "blossom-v2": 2,
    "bot-136": 1,
    "bot-120": 1,
    "bot-36": 2,
    "bot-125": 2,
    "bot-118": 1,
    "bot-76": 2,
    "bot-81": 3,
    "bot-60": 2,
    "bot-93": 3,
    "bot-26": 1,
    "bot-49": 2,
    "bot-75": 1,
    "bot-126": 2,
    "bot-122": 3,
    "bot-37": 1,
    "bot-129": 1,
    "bot-74": 1,
    "bot-52": 1,
    "bot-141": 1,
    "bot-108": 1,
    "bot-130": 1,
    "bot-57": 1,
    "bot-104": 2,
    "not bot": 1,
    "bot-83": 2,
    "bot-39": 1,
    "bot-101": 1,
    "bot-146": 1,
    "bot-132": 1,
    "hello": 1,
    "bot-127": 3,
    "bot-109": 2,
    "bot-59": 2,
    "bot-66": 1,
    "bot-140": 1,
    "Massive Beetle": 1,
    "bot": 2,
    "florrio": 1,
    "bot-33": 1,
    "bot-103": 1
  },
  "loadout_history": {
    "0": 1226,
    "1": 989,
    "5": 29,
    "18": 11,
    "9": 13,
    "24": 17,
    "10": 9,
    "15": 15,
    "6": 15,
    "23": 4,
    "11": 5,
    "34": 9,
    "35": 8,
    "167": 6,
    "14": 15,
    "16": 3,
    "36": 5,
    "7": 3,
    "25": 7,
    "8": 1,
    "83": 1,
    "86": 2,
    "180": 1,
    "28": 10,
    "117": 2,
    "33": 2,
    "19": 10,
    "204": 1,
    "32": 2,
    "51": 1,
    "168": 2,
    "56": 1,
    "12": 1,
    "116": 1,
    "20": 2,
    "31": 3,
    "26": 2,
    "29": 4,
    "17": 3,
    "48": 2,
    "58": 1,
    "37": 1,
    "60": 1,
    "49": 1,
    "54": 1,
    "46": 2,
    "69": 1,
    "39": 1,
    "205": 2,
    "30": 2,
    "40": 2,
    "79": 1
  }
}