{
  "schema": 1,
  "name": "bot-120",
  "first_seen": 1778543185.1745331,
  "last_seen": 1778624278.701893,
  "episodes": 444,
  "score_total": 61657,
  "score_best": 10055,
  "best_loadout": [
    0,
    0,
    0,
    0,
    0,
    0,
    0,
    0
  ],
  "killed_by": {
    "Hornet": 115,
    "Wasp": 80,
    "Beetle": 17,
    "Mantis": 38,
    "bot-58": 1,
    "Rock": 4,
    "Bee": 30,
    "bot-95": 2,
    "Evil Centipede": 3,
    "bot-53": 1,
    "thorn": 1,
    "Scorpion": 4,
    "Spider": 9,
    "prickly": 2,
    "bot-106": 1,
    "Desert Centipede": 5,
    "Cactus": 28,
    "bot-91": 1,
    "thorny": 2,
    "bot-135": 1,
    "Baby Ant": 1,
    "Centipede": 14,
    "Ladybug": 19,
    "bot-85": 2,
    "bot-83": 1,
    "gardn": 2,
    "petalpop": 1,
    "bot-77": 2,
    "Leafbug": 2,
    "Bush": 2,
    "bot-94": 2,
    "bot-49": 1,
    "bot-105": 1,
    "bot-128": 1,
    "bot-32": 1,
    "bot-137": 1,
    "bot-36": 1,
    "bot-86": 1,
    "bot-125": 1,
    "bot": 2,
    "bot-43": 1,
    "bot-130": 1,
    "bot-31": 1,
    "Soldier Ant": 1,
    "leafy": 1,
    "bot-104": 1,
    "bot-24": 1,
    "bot-42": 2,
    "bot-126": 1,
    "bot-46": 1,
    "bot-37": 1,
    "bot-111": 1,
    "thornbloom": 1,
    "bot-123": 1,
    "bot-116": 1,
    "bot-110": 1,
    "bot-147": 1,
    "bot-134": 1,
    "bot-59": 1,
    "a": 1,
    "bot-117": 1,
    "bot-73": 1,
    "67": 1,
    "bot-146": 2,
    "bot-79": 2,
    "bot-81": 1,
    "Sandstorm": 1,
    "bot-27": 1,
    "bot-97": 1,
    "bot-65": 1
  },
  "loadout_history": {
    "0": 391,
    "1": 281,
    "34": 1,
    "14": 6,
    "28": 2,
    "19": 3,
    "18": 4,
    "5": 6,
    "25": 2,
    "6": 4,
    "39": 1,
    "15": 6,
    "24": 5,
    "11": 1,
    "10": 3,
    "21": 1,
    "16": 1,
    "7": 2,
    "17": 2,
    "20": 1,
    "51": 1,
    "97": 1,
    "172": 1,
    "69": 1,
    "29": 2,
    "37": 1,
    "35": 1
  }
}