{
  "schema": 1,
  "name": "bot-fhtb",
  "first_seen": 1778278948.643114,
  "last_seen": 1778280049.083027,
  "episodes": 30,
  "score_total": 3170,
  "score_best": 817,
  "best_loadout": [
    7,
    14,
    1,
    0,
    62,
    24
  ],
  "killed_by": {
    "Hornet": 21,
    "sussy": 1,
    "bot-gmxk": 1,
    "Spider": 2,
    "Bee": 1,
    "bot-sgzx": 1,
    "bot-ndrj": 2
  },
  "loadout_history": {
    "0": 30,
    "1": 24,
    "28": 3,
    "14": 3,
    "34": 1,
    "6": 1,
    "9": 1,
    "18": 1,
    "7": 1,
    "24": 1,
    "62": 1,
    "10": 1,
    "35": 1,
    "29": 1,
    "5": 4,
    "16": 1,
    "15": 2
  }
}