{
  "schema": 1,
  "name": "bot-80",
  "first_seen": 1778543161.361644,
  "last_seen": 1778552131.680884,
  "episodes": 38,
  "score_total": 2493,
  "score_best": 279,
  "best_loadout": [
    1,
    0,
    0,
    0,
    0,
    0
  ],
  "killed_by": {
    "Beetle": 3,
    "Hornet": 9,
    "bot-130": 1,
    "Cactus": 4,
    "bot-108": 1,
    "Mantis": 3,
    "Wasp": 6,
    "Centipede": 1,
    "Sandstorm": 1,
    "bot-51": 1,
    "Evil Centipede": 1,
    "bot-141": 1
  },
  "loadout_history": {
    "0": 35,
    "1": 31,
    "28": 2,
    "25": 1,
    "9": 1,
    "34": 1,
    "15": 1,
    "5": 1,
    "14": 2,
    "48": 1,
    "24": 1,
    "117": 1
  }
}