{
  "schema": 1,
  "name": "bot-139",
  "first_seen": 1778543547.0881379,
  "last_seen": 1778624206.8949661,
  "episodes": 467,
  "score_total": 68472,
  "score_best": 7770,
  "best_loadout": [
    0,
    0,
    0,
    0,
    0,
    0,
    0,
    0
  ],
  "killed_by": {
    "Spider": 20,
    "Hornet": 116,
    "Bee": 34,
    "Wasp": 78,
    "bot-74": 2,
    "Mantis": 49,
    "bot-145": 2,
    "Evil Centipede": 7,
    "Cactus": 19,
    "Sandstorm": 3,
    "Scorpion": 6,
    "Beetle": 18,
    "bot-113": 1,
    "Ladybug": 22,
    "bot-101": 1,
    "Baby Ant": 2,
    "Bush": 4,
    "bot-69": 1,
    "Desert Centipede": 7,
    "bot-26": 2,
    "Rock": 9,
    "rosie": 1,
    "Leafbug": 8,
    "bot-130": 1,
    "bot-73": 1,
    "bot-137": 1,
    "Centipede": 4,
    "bot-144": 1,
    "bot-72": 1,
    "67": 1,
    "bot-48": 2,
    "bot-142": 1,
    "bot-149": 1,
    "bot-38": 2,
    "bloom": 1,
    "bot-67": 1,
    "blossom": 1,
    "bot-109": 1,
    "bot-23": 2,
    "gardn": 1,
    "bot-70": 1,
    "bot-43": 2,
    "bot-131": 1,
    "bot-62": 1,
    "bot-87": 1,
    "bot-76": 1,
    "bot-86": 1,
    "bot-66": 1,
    "bot-45": 1,
    "bot-111": 1,
    "bot-56": 1,
    "a": 1,
    "bot-97": 1,
    "bot-119": 1,
    "bot-124": 1,
    "bot-84": 1,
    "bot-30": 1,
    "bot-96": 1,
    "bot-64": 1,
    "bot-34": 1,
    "bot-93": 1,
    "bot-53": 1
  },
  "loadout_history": {
    "24": 4,
    "0": 408,
    "1": 315,
    "9": 10,
    "12": 2,
    "14": 8,
    "64": 2,
    "32": 1,
    "18": 3,
    "5": 6,
    "15": 4,
    "19": 2,
    "10": 2,
    "39": 1,
    "30": 1,
    "11": 3,
    "6": 2,
    "17": 1,
    "60": 2,
    "34": 1,
    "26": 2,
    "167": 1,
    "23": 1,
    "16": 1,
    "84": 1,
    "46": 1
  }
}