{
  "schema": 1,
  "name": "bot-ydzo",
  "first_seen": 1778280094.2666829,
  "last_seen": 1778282523.64517,
  "episodes": 52,
  "score_total": 2859,
  "score_best": 289,
  "best_loadout": [
    24,
    10,
    0,
    0,
    0,
    0
  ],
  "killed_by": {
    "Hornet": 35,
    "Ladybug": 2,
    "Bee": 2,
    "Centipede": 3,
    "hello": 1,
    "bot-ozny": 4,
    "bot-ltcr": 2,
    "bot-grut": 1
  },
  "loadout_history": {
    "0": 52,
    "1": 38,
    "14": 4,
    "18": 2,
    "40": 1,
    "41": 1,
    "25": 1,
    "32": 1,
    "5": 2,
    "23": 1,
    "48": 1,
    "24": 2,
    "10": 1,
    "16": 1,
    "34": 2,
    "8": 1,
    "9": 1
  }
}