{
  "schema": 1,
  "name": "bot-134",
  "first_seen": 1778543541.314962,
  "last_seen": 1778556799.7162912,
  "episodes": 62,
  "score_total": 4088,
  "score_best": 214,
  "best_loadout": [
    0,
    0,
    0,
    0,
    0,
    0
  ],
  "killed_by": {
    "Beetle": 6,
    "Bee": 3,
    "Wasp": 13,
    "rosie": 2,
    "Hornet": 16,
    "Evil Centipede": 1,
    "Mantis": 5,
    "bot-116": 1,
    "Scorpion": 1,
    "Desert Centipede": 1,
    "Ladybug": 2,
    "bloomy": 1,
    "Cactus": 1,
    "bot-56": 1
  },
  "loadout_history": {
    "0": 55,
    "1": 47,
    "69": 1,
    "79": 2,
    "28": 4,
    "9": 2,
    "14": 2,
    "167": 1,
    "15": 3,
    "6": 2,
    "29": 1,
    "18": 1,
    "25": 1,
    "11": 2,
    "24": 1,
    "204": 1,
    "5": 1
  }
}