{
  "schema": 1,
  "name": "bot-48",
  "first_seen": 1778543455.3588312,
  "last_seen": 1778638704.8974788,
  "episodes": 688,
  "score_total": 112960,
  "score_best": 7751,
  "best_loadout": [
    0,
    0,
    0,
    1,
    0,
    1,
    0,
    0
  ],
  "killed_by": {
    "Beetle": 30,
    "Wasp": 123,
    "Hornet": 152,
    "Bush": 6,
    "bot-22": 1,
    "Mantis": 59,
    "Cactus": 48,
    "blossom": 1,
    "bot-141": 2,
    "Bee": 69,
    "Sandstorm": 4,
    "Soldier Ant": 3,
    "bot-33": 2,
    "Desert Centipede": 12,
    "bot-28": 1,
    "Evil Centipede": 8,
    "Centipede": 19,
    "bot-82": 1,
    "Spider": 15,
    "Scorpion": 2,
    "Ladybug": 42,
    "bot-100": 3,
    "Worker Ant": 1,
    "bot-145": 2,
    "bot-35": 1,
    "Rock": 9,
    "bot-85": 1,
    "bot-148": 1,
    "bot-40": 1,
    "bot-89": 2,
    "bot-64": 2,
    "not bot": 1,
    "bot-24": 1,
    "Leafbug": 16,
    "bot-128": 1,
    "bot-61": 1,
    "bot-84": 1,
    "Baby Ant": 1,
    "bot-124": 2,
    "bot-37": 1,
    "bot-98": 2,
    "bot-27": 1,
    "prickly": 2,
    "bot-119": 1,
    "bot-52": 2,
    "bot-139": 1,
    "bot-26": 1,
    "bot-91": 1,
    "florrio": 1,
    "bot-32": 1,
    "bot-46": 1,
    "bot-38": 2,
    "bot-129": 2,
    "bot-127": 1,
    "bot-49": 1,
    "bot-36": 1,
    "zorr": 1,
    "thornbloom": 1,
    "bot-74": 2,
    "bot-60": 1,
    "bot-102": 1,
    "bot-65": 1,
    "bot-113": 1
  },
  "loadout_history": {
    "0": 578,
    "1": 495,
    "5": 12,
    "116": 3,
    "18": 5,
    "167": 3,
    "16": 4,
    "10": 5,
    "14": 5,
    "46": 1,
    "9": 6,
    "15": 6,
    "48": 2,
    "19": 4,
    "28": 4,
    "29": 1,
    "51": 3,
    "33": 2,
    "92": 1,
    "6": 4,
    "11": 2,
    "60": 1,
    "7": 1,
    "13": 1,
    "58": 1,
    "23": 1,
    "34": 1,
    "25": 1,
    "83": 1,
    "84": 1,
    "24": 2,
    "8": 2,
    "35": 1,
    "20": 1
  }
}