{
  "schema": 1,
  "name": "bot-131",
  "first_seen": 1778543543.0287948,
  "last_seen": 1778718426.739867,
  "episodes": 1265,
  "score_total": 231971,
  "score_best": 10073,
  "best_loadout": [
    0,
    0,
    15,
    1,
    1,
    5,
    0,
    0
  ],
  "killed_by": {
    "bot-29": 3,
    "Hornet": 299,
    "Mantis": 91,
    "Beetle": 66,
    "Evil Centipede": 13,
    "Cactus": 65,
    "bot-138": 2,
    "Spider": 36,
    "bot-139": 1,
    "bot-80": 3,
    "Wasp": 222,
    "Centipede": 34,
    "bot-71": 1,
    "Bee": 97,
    "bot-51": 2,
    "Rock": 15,
    "Worker Ant": 7,
    "Scorpion": 7,
    "bot-37": 1,
    "bot-74": 1,
    "Ladybug": 63,
    "Leafbug": 22,
    "Bush": 16,
    "bot-93": 1,
    "bot-27": 4,
    "bot-127": 1,
    "bot-116": 3,
    "67": 5,
    "bot-135": 1,
    "bot-104": 3,
    "Soldier Ant": 3,
    "Sandstorm": 10,
    "bot-55": 1,
    "flower": 1,
    "bot-144": 5,
    "bot-47": 2,
    "bot-72": 1,
    "bot-44": 2,
    "blossom": 4,
    "bot-109": 3,
    "bot-35": 1,
    "bot-61": 3,
    "not bot": 1,
    "bot-66": 1,
    "bot-68": 1,
    "Desert Centipede": 7,
    "bot-33": 1,
    "bot-106": 1,
    "thorny": 4,
    "bot-108": 2,
    "bot-53": 3,
    "bot-96": 5,
    "bot-134": 1,
    "hello": 2,
    "bot-40": 1,
    "bot-32": 2,
    "bot-84": 4,
    "bot-148": 2,
    "bot-34": 3,
    "bot-136": 5,
    "bot-92": 1,
    "bot-137": 7,
    "bot-98": 1,
    "bot-112": 2,
    "bot-82": 3,
    "bot-76": 3,
    "aa": 2,
    "blossom-v2": 1,
    "bot-126": 1,
    "bot-45": 1,
    "petalpop": 3,
    "bot-41": 3,
    "bot-63": 1,
    "Baby Ant": 5,
    "bot-87": 1,
    "bot-78": 4,
    "bot-28": 2,
    "bot-100": 1,
    "bot": 3,
    "bot-119": 2,
    "bot-99": 1,
    "bot-79": 1,
    "bot-88": 2,
    "bot-50": 2,
    "bot-58": 1,
    "leafy": 4,
    "bot-24": 2,
    "bot-77": 1,
    "bot-97": 1,
    "bot-133": 3,
    "a": 1,
    "bot-67": 1,
    "bot-62": 1,
    "bot-46": 1,
    "bot-39": 1,
    "bot-89": 2,
    "bot-94": 1,
    "bot-147": 1,
    "bot-129": 1,
    "thornbloom": 1,
    "bot-107": 1,
    "bot-65": 1,
    "bot-121": 1,
    "Ant Hole": 1,
    "bot-25": 1,
    "bot-95": 1,
    "bot-145": 1,
    "florrio": 1,
    "sussy": 3,
    "bot-113": 1,
    "bloomy": 1
  },
  "loadout_history": {
    "0": 1050,
    "1": 918,
    "5": 13,
    "14": 15,
    "15": 15,
    "31": 2,
    "10": 5,
    "33": 4,
    "9": 10,
    "7": 4,
    "25": 9,
    "6": 9,
    "19": 6,
    "116": 3,
    "18": 10,
    "26": 1,
    "60": 2,
    "35": 1,
    "167": 2,
    "24": 7,
    "117": 1,
    "8": 3,
    "20": 3,
    "69": 1,
    "64": 1,
    "16": 1,
    "84": 1,
    "48": 1,
    "11": 2,
    "13": 1,
    "79": 3,
    "182": 1,
    "61": 1,
    "168": 1,
    "46": 2,
    "21": 1,
    "135": 1,
    "58": 1,
    "29": 1,
    "51": 2,
    "112": 1,
    "56": 1,
    "34": 1,
    "36": 1,
    "92": 1,
    "28": 1,
    "30": 1,
    "12": 1,
    "17": 1,
    "55": 1,
    "49": 1
  }
}