{
  "schema": 1,
  "name": "bot-148",
  "first_seen": 1778543177.00911,
  "last_seen": 1778638362.728241,
  "episodes": 578,
  "score_total": 64337,
  "score_best": 5151,
  "best_loadout": [
    15,
    0,
    0,
    14,
    1,
    0,
    0
  ],
  "killed_by": {
    "bot-51": 3,
    "Wasp": 124,
    "Hornet": 128,
    "Mantis": 48,
    "Cactus": 34,
    "Bee": 32,
    "bot-121": 2,
    "bot-93": 1,
    "Spider": 14,
    "Beetle": 27,
    "bot-52": 2,
    "Centipede": 21,
    "Evil Centipede": 3,
    "bot-112": 1,
    "bot-80": 1,
    "Bush": 11,
    "Rock": 6,
    "bot-36": 6,
    "a": 2,
    "bot-123": 1,
    "bot-46": 1,
    "Ladybug": 26,
    "bot-132": 1,
    "bot-106": 2,
    "bot-28": 2,
    "bot-31": 1,
    "aa": 1,
    "bot-72": 1,
    "bot-81": 1,
    "blossom-v2": 1,
    "bot-146": 3,
    "Sandstorm": 9,
    "bot-61": 1,
    "bot-66": 1,
    "flower": 1,
    "bot-47": 2,
    "bot-65": 1,
    "bot-78": 1,
    "Desert Centipede": 4,
    "bot-64": 1,
    "bot-107": 1,
    "bot-114": 1,
    "bot-109": 2,
    "bot-100": 1,
    "Scorpion": 3,
    "bot-104": 2,
    "Leafbug": 9,
    "bot-144": 1,
    "bot-22": 1,
    "bot-97": 1,
    "root": 1,
    "bot-113": 1,
    "bot-73": 1,
    "not bot": 1,
    "bot-53": 1,
    "bot-127": 1,
    "bot-62": 1,
    "bot-128": 1,
    "bot-25": 1,
    "bot-116": 2,
    "bot-30": 1,
    "bot-48": 2,
    "bot-142": 1,
    "Soldier Ant": 1,
    "bot-39": 1,
    "Worker Ant": 2
  },
  "loadout_history": {
    "0": 495,
    "9": 8,
    "1": 405,
    "10": 3,
    "14": 7,
    "18": 10,
    "19": 9,
    "24": 8,
    "5": 5,
    "39": 1,
    "34": 2,
    "79": 3,
    "25": 1,
    "11": 2,
    "52": 1,
    "6": 8,
    "23": 1,
    "15": 3,
    "16": 2,
    "13": 2,
    "7": 5,
    "61": 1,
    "29": 2,
    "89": 1,
    "35": 2,
    "26": 3,
    "84": 1,
    "56": 1,
    "32": 1,
    "58": 2,
    "30": 2,
    "46": 1,
    "116": 1,
    "167": 1
  }
}