{
  "schema": 1,
  "name": "bot-40",
  "first_seen": 1778543185.6563919,
  "last_seen": 1778731800.237352,
  "episodes": 1403,
  "score_total": 187560,
  "score_best": 5628,
  "best_loadout": [
    0,
    0,
    0,
    0,
    0,
    0,
    0
  ],
  "killed_by": {
    "Hornet": 337,
    "bot-90": 1,
    "Wasp": 287,
    "Cactus": 82,
    "Mantis": 100,
    "Ladybug": 57,
    "Bee": 108,
    "Evil Centipede": 17,
    "Beetle": 57,
    "Centipede": 44,
    "67": 3,
    "bot-28": 3,
    "Spider": 43,
    "Sandstorm": 16,
    "Rock": 14,
    "prickly": 9,
    "bot-36": 1,
    "bot-109": 2,
    "bot-53": 3,
    "zorr": 1,
    "Scorpion": 6,
    "Leafbug": 17,
    "Desert Centipede": 9,
    "bot-88": 1,
    "bot-74": 2,
    "bot-122": 3,
    "bot-107": 2,
    "bot-106": 1,
    "bot-46": 2,
    "bot-132": 5,
    "bot-96": 1,
    "a": 1,
    "bot-98": 1,
    "bot-48": 1,
    "bot-142": 1,
    "bot-66": 1,
    "hello": 2,
    "bot-42": 1,
    "bot-60": 1,
    "bot-113": 1,
    "bot-31": 2,
    "bot-139": 2,
    "bot-138": 1,
    "bot-146": 1,
    "bot-56": 1,
    "bot-76": 1,
    "bot-141": 1,
    "bot-57": 1,
    "bot-44": 1,
    "bot-131": 2,
    "bot-100": 1,
    "bot-70": 2,
    "florrio": 1,
    "bot-25": 4,
    "bot-148": 1,
    "bot-120": 2,
    "Bush": 7,
    "bot-75": 6,
    "bot-126": 1,
    "bot-83": 2,
    "bot-73": 1,
    "bot-86": 1,
    "thorn": 2,
    "bot-108": 3,
    "bot-105": 3,
    "Baby Ant": 3,
    "bot-79": 1,
    "bot-29": 2,
    "bot-103": 2,
    "bot-137": 3,
    "bot-51": 1,
    "bot-134": 3,
    "blossom-v2": 1,
    "bot-110": 1,
    "bot-115": 1,
    "bot-145": 2,
    "bot-104": 3,
    "bot-38": 2,
    "bot-133": 3,
    "bot-140": 1,
    "bot-41": 3,
    "bot-121": 4,
    "bot-92": 2,
    "bot-30": 1,
    "bot-112": 1,
    "bot-89": 1,
    "bot-63": 2,
    "leafy": 1,
    "thornbloom": 1,
    "bot-129": 1,
    "Worker Ant": 2,
    "bot-78": 1,
    "bot-37": 3,
    "bot-49": 1,
    "bot-116": 1,
    "bot-67": 1,
    "bot-61": 1,
    "bot-45": 2,
    "gardn": 1,
    "bot-27": 1,
    "bot-50": 1,
    "bot-85": 2,
    "petalpop": 1,
    "bot-99": 1,
    "bot-84": 1,
    "flower": 1,
    "bot-144": 1,
    "bot-69": 1,
    "bot-87": 1,
    "bot-24": 1,
    "aa": 3,
    "bot-123": 3,
    "thorny": 1,
    "Queen Ant": 1,
    "bot-23": 1,
    "bot-58": 1,
    "bloomy": 2,
    "bot-82": 1
  },
  "loadout_history": {
    "0": 1156,
    "1": 1023,
    "16": 6,
    "48": 4,
    "14": 22,
    "59": 1,
    "18": 4,
    "9": 18,
    "24": 19,
    "15": 14,
    "28": 1,
    "5": 14,
    "116": 2,
    "20": 1,
    "6": 13,
    "51": 3,
    "10": 9,
    "25": 5,
    "8": 1,
    "12": 2,
    "11": 3,
    "32": 2,
    "13": 2,
    "45": 1,
    "167": 4,
    "7": 1,
    "58": 3,
    "37": 1,
    "83": 2,
    "35": 2,
    "204": 1,
    "23": 1,
    "26": 1,
    "79": 4,
    "180": 3,
    "175": 1,
    "17": 1,
    "107": 1,
    "36": 3,
    "123": 1,
    "86": 2,
    "169": 1,
    "19": 2,
    "21": 1,
    "84": 1,
    "147": 1,
    "92": 1,
    "75": 1,
    "29": 2,
    "181": 1
  }
}