{
  "schema": 1,
  "name": "bot-67",
  "first_seen": 1778543575.9812841,
  "last_seen": 1779316393.213227,
  "episodes": 1437,
  "score_total": 237540,
  "score_best": 10060,
  "best_loadout": [
    0,
    1,
    0,
    0,
    0,
    0,
    0,
    0
  ],
  "killed_by": {
    "Sandstorm": 22,
    "Mantis": 117,
    "Beetle": 78,
    "Bee": 99,
    "Cactus": 85,
    "Ladybug": 61,
    "Wasp": 240,
    "Evil Centipede": 33,
    "Centipede": 36,
    "bot-133": 1,
    "bot-109": 4,
    "bot-55": 1,
    "Hornet": 356,
    "flower": 4,
    "Desert Centipede": 8,
    "bot-115": 2,
    "bot-90": 2,
    "Leafbug": 17,
    "Worker Ant": 9,
    "bot-105": 2,
    "Spider": 32,
    "Bush": 18,
    "blossom-v2": 3,
    "bot-44": 1,
    "bot-135": 2,
    "bot-33": 3,
    "bot-45": 4,
    "bot-52": 4,
    "Rock": 21,
    "bot-35": 1,
    "bot-81": 2,
    "bot-119": 1,
    "bot-59": 3,
    "bot-113": 2,
    "petalpop": 1,
    "Scorpion": 10,
    "thorny": 2,
    "bot-61": 4,
    "bot-79": 1,
    "bot-136": 2,
    "bot-30": 3,
    "bot-63": 4,
    "bot-80": 1,
    "bot-134": 5,
    "67": 2,
    "bloomy": 2,
    "bot-88": 1,
    "bloom": 1,
    "bot-125": 2,
    "thorn": 1,
    "bot-106": 1,
    "bot-46": 3,
    "bot-31": 3,
    "bot-97": 2,
    "bot-64": 1,
    "bot-82": 1,
    "aa": 1,
    "bot-48": 1,
    "bot-27": 1,
    "bot-74": 4,
    "bot-47": 4,
    "bot-24": 1,
    "bot-138": 3,
    "bot-89": 2,
    "bot-121": 2,
    "bot-117": 1,
    "bot-39": 2,
    "bot-32": 2,
    "bot-76": 1,
    "bot-110": 1,
    "bot-120": 1,
    "bot-126": 1,
    "bot-98": 1,
    "bot-108": 3,
    "blossom": 3,
    "bot-34": 3,
    "Baby Ant": 4,
    "bot-37": 2,
    "bot-62": 1,
    "bot-141": 1,
    "bot-111": 1,
    "bot-87": 2,
    "bot-53": 1,
    "bot-107": 1,
    "bot-70": 2,
    "bot-50": 1,
    "bot-56": 1,
    "bot-131": 1,
    "bot-147": 1,
    "bot-42": 2,
    "bot-146": 1,
    "rosie": 1,
    "bot-72": 1,
    "bot-112": 1,
    "bot-57": 1,
    "bot-41": 1,
    "bot-78": 1,
    "not bot": 1,
    "leafy": 1,
    "bot-95": 1,
    "bot-25": 3,
    "bot-101": 1,
    "bot-60": 1,
    "bot-99": 1,
    "Soldier Ant": 1,
    "bot-54": 3,
    "bot-132": 1,
    "bot-84": 1,
    "a": 1,
    "root": 1,
    "bot-129": 1,
    "bot-114": 1,
    "bot-69": 2,
    "bot-145": 1,
    "bot-51": 1,
    "bot-71": 1
  },
  "loadout_history": {
    "0": 1245,
    "1": 996,
    "29": 4,
    "5": 20,
    "167": 3,
    "20": 3,
    "9": 16,
    "6": 15,
    "117": 1,
    "14": 20,
    "10": 9,
    "69": 2,
    "18": 19,
    "28": 5,
    "204": 2,
    "23": 3,
    "15": 16,
    "7": 7,
    "25": 10,
    "8": 3,
    "19": 7,
    "118": 1,
    "46": 5,
    "35": 6,
    "24": 17,
    "39": 1,
    "11": 3,
    "49": 1,
    "30": 3,
    "94": 1,
    "17": 3,
    "135": 2,
    "116": 2,
    "22": 1,
    "13": 1,
    "79": 2,
    "26": 2,
    "83": 1,
    "27": 1,
    "38": 1,
    "54": 1,
    "107": 1,
    "34": 3,
    "12": 2,
    "16": 3,
    "51": 2,
    "58": 1,
    "37": 1,
    "45": 2,
    "40": 3,
    "41": 1,
    "62": 1
  }
}