{
  "schema": 1,
  "name": "bot-90",
  "first_seen": 1778543621.4822998,
  "last_seen": 1779316725.530952,
  "episodes": 1530,
  "score_total": 215090,
  "score_best": 6222,
  "best_loadout": [
    1,
    1,
    1,
    0,
    0,
    0,
    0
  ],
  "killed_by": {
    "Hornet": 346,
    "bot-72": 1,
    "Wasp": 304,
    "Desert Centipede": 2,
    "Mantis": 142,
    "Sandstorm": 18,
    "bot-32": 1,
    "bot-149": 1,
    "Cactus": 80,
    "Beetle": 66,
    "Evil Centipede": 24,
    "bot-113": 3,
    "Bee": 104,
    "Ladybug": 60,
    "bot-88": 1,
    "bot-148": 2,
    "Leafbug": 24,
    "Spider": 57,
    "bot-46": 3,
    "bot-49": 3,
    "bot-56": 1,
    "hello": 1,
    "rosie": 1,
    "bot-34": 3,
    "Baby Ant": 2,
    "Centipede": 39,
    "Bush": 16,
    "bot-124": 1,
    "bot-43": 5,
    "Soldier Ant": 2,
    "Rock": 14,
    "bot-65": 2,
    "Scorpion": 10,
    "bot-38": 6,
    "bot-134": 4,
    "bot-121": 4,
    "bot-45": 1,
    "flower": 1,
    "bot-138": 1,
    "bot-132": 2,
    "bot-117": 1,
    "bot-110": 1,
    "bot-115": 3,
    "bot-103": 3,
    "bot-119": 2,
    "bot-60": 1,
    "bot-99": 1,
    "Worker Ant": 7,
    "bot-98": 5,
    "bot-144": 3,
    "thorny": 1,
    "bot-47": 4,
    "bot-44": 2,
    "petalpop": 3,
    "bot-83": 2,
    "bot-116": 3,
    "bot-85": 3,
    "bot-74": 1,
    "zorr": 1,
    "thornbloom": 1,
    "bot-91": 1,
    "bot-127": 4,
    "bot-118": 4,
    "blossom": 4,
    "bot-136": 4,
    "bot-95": 1,
    "bot-137": 2,
    "bot-140": 2,
    "bot-24": 3,
    "bot-68": 2,
    "bot-106": 1,
    "bot-25": 1,
    "bot-120": 2,
    "bot-86": 3,
    "bot-80": 3,
    "prickly": 3,
    "bot-57": 3,
    "florrio": 1,
    "bot-66": 4,
    "bot-33": 1,
    "bot-104": 2,
    "bot-62": 1,
    "bot-97": 2,
    "bot-108": 2,
    "bot-76": 3,
    "bot-130": 1,
    "bot-142": 2,
    "blossom-v2": 3,
    "a": 3,
    "bot-63": 2,
    "bot-55": 2,
    "67": 1,
    "bot-73": 1,
    "bot-40": 1,
    "bot-123": 1,
    "bot-139": 2,
    "bot-133": 1,
    "bot-100": 3,
    "bot-28": 2,
    "root": 1,
    "bot-107": 2,
    "bot-67": 1,
    "bot-77": 1,
    "leafy": 1,
    "bot-48": 1,
    "bot-105": 1,
    "bot-129": 3,
    "bot-126": 1,
    "bot-23": 1,
    "bot-71": 1,
    "bot-93": 1,
    "bot-53": 1,
    "bot-59": 1,
    "bot-114": 2,
    "sussy": 2,
    "bot-125": 1,
    "bot-81": 1
  },
  "loadout_history": {
    "0": 1296,
    "1": 1080,
    "14": 21,
    "47": 2,
    "25": 8,
    "51": 4,
    "69": 1,
    "15": 20,
    "29": 3,
    "9": 16,
    "19": 4,
    "24": 15,
    "5": 23,
    "18": 18,
    "16": 9,
    "49": 2,
    "6": 15,
    "7": 5,
    "20": 2,
    "35": 6,
    "28": 8,
    "10": 7,
    "11": 4,
    "26": 2,
    "117": 1,
    "23": 4,
    "167": 2,
    "168": 1,
    "12": 2,
    "113": 1,
    "30": 1,
    "34": 9,
    "36": 2,
    "79": 2,
    "60": 1,
    "48": 2,
    "13": 2,
    "17": 1,
    "8": 2,
    "182": 1,
    "58": 2,
    "142": 1,
    "32": 2,
    "40": 3,
    "41": 1,
    "46": 1,
    "204": 1,
    "205": 1
  }
}