{
  "schema": 1,
  "name": "bot-84",
  "first_seen": 1778543489.42082,
  "last_seen": 1778556770.509342,
  "episodes": 63,
  "score_total": 6053,
  "score_best": 1087,
  "best_loadout": [
    0,
    1,
    0,
    0,
    1,
    0
  ],
  "killed_by": {
    "bot-62": 1,
    "Hornet": 21,
    "Beetle": 3,
    "Worker Ant": 2,
    "Mantis": 9,
    "bot-81": 1,
    "Wasp": 7,
    "a": 1,
    "Bee": 1,
    "Bush": 1,
    "bot-68": 1,
    "bot-63": 1,
    "bot-45": 1,
    "Spider": 1,
    "Cactus": 1,
    "bot-141": 1,
    "bot-26": 1
  },
  "loadout_history": {
    "0": 60,
    "1": 48,
    "24": 5,
    "19": 1,
    "5": 5,
    "14": 8,
    "9": 9,
    "39": 1,
    "23": 2,
    "18": 1,
    "37": 1,
    "7": 2,
    "10": 1,
    "34": 1
  }
}