{
  "schema": 1,
  "name": "bot-138",
  "first_seen": 1778543714.037844,
  "last_seen": 1778623185.069205,
  "episodes": 455,
  "score_total": 66047,
  "score_best": 5117,
  "best_loadout": [
    0,
    0,
    0,
    0,
    0,
    0,
    0
  ],
  "killed_by": {
    "Sandstorm": 8,
    "Beetle": 18,
    "Wasp": 92,
    "Scorpion": 5,
    "Hornet": 110,
    "bot-110": 1,
    "Bee": 25,
    "Mantis": 38,
    "Spider": 13,
    "bot-117": 1,
    "Evil Centipede": 4,
    "gardn": 2,
    "Cactus": 22,
    "bot-140": 1,
    "bot-42": 1,
    "Baby Ant": 2,
    "bot-96": 1,
    "thorny": 1,
    "bot-134": 2,
    "bot-72": 1,
    "bot-146": 1,
    "bot-139": 1,
    "Centipede": 10,
    "bot-76": 1,
    "bot-71": 2,
    "Ladybug": 15,
    "bot-28": 3,
    "bot-148": 1,
    "bot-109": 2,
    "Soldier Ant": 1,
    "bot-89": 1,
    "Desert Centipede": 1,
    "Leafbug": 6,
    "Worker Ant": 3,
    "blossom": 2,
    "bot-54": 2,
    "bot-101": 1,
    "zorr": 2,
    "Rock": 3,
    "bot-35": 1,
    "bot-106": 1,
    "bot-115": 1,
    "Bush": 6,
    "bot-82": 2,
    "bot-125": 1,
    "bot-127": 1,
    "bot-79": 1,
    "bot-90": 1,
    "bot-135": 1,
    "bot-67": 1,
    "bot-38": 1,
    "bot-124": 1,
    "bot-75": 3,
    "bot-24": 1,
    "bot-137": 1,
    "bot-32": 1,
    "bot-94": 1,
    "bot-80": 1,
    "leafy": 1,
    "bot-130": 1,
    "bot-47": 1,
    "bot-126": 1,
    "bot-144": 1,
    "bot-31": 1,
    "bot-95": 1,
    "bot-136": 1,
    "root": 1,
    "bot-97": 1,
    "bot-56": 1,
    "bot-61": 1
  },
  "loadout_history": {
    "0": 395,
    "1": 305,
    "79": 2,
    "5": 7,
    "10": 2,
    "18": 4,
    "6": 3,
    "29": 2,
    "69": 1,
    "9": 3,
    "34": 2,
    "24": 4,
    "49": 2,
    "14": 4,
    "167": 1,
    "16": 1,
    "8": 1,
    "12": 2,
    "83": 1,
    "7": 2,
    "35": 1,
    "28": 1,
    "23": 1,
    "15": 2,
    "25": 1
  }
}