{
  "schema": 1,
  "name": "bot-qexb",
  "first_seen": 1778118826.506728,
  "last_seen": 1778119523.521798,
  "episodes": 6,
  "score_total": 641,
  "score_best": 310,
  "best_loadout": [
    40,
    40,
    40,
    34,
    25,
    23
  ],
  "killed_by": {
    "buddy": 1,
    "rhizome": 1,
    "Bee": 1,
    "bramble": 2
  },
  "loadout_history": {
    "40": 6,
    "9": 4,
    "34": 3,
    "35": 1,
    "1": 3,
    "14": 2,
    "48": 1,
    "19": 1,
    "41": 1,
    "25": 2,
    "29": 1,
    "23": 1
  }
}