{
  "schema": 1,
  "name": "bot-32",
  "first_seen": 1778543121.295475,
  "last_seen": 1779316415.5791261,
  "episodes": 1503,
  "score_total": 219878,
  "score_best": 5470,
  "best_loadout": [
    0,
    1,
    1,
    1,
    0,
    1,
    0
  ],
  "killed_by": {
    "Wasp": 252,
    "Beetle": 80,
    "bot-111": 2,
    "Hornet": 383,
    "Mantis": 102,
    "bot-95": 5,
    "Bee": 127,
    "Spider": 50,
    "Ladybug": 65,
    "bot-52": 1,
    "Scorpion": 8,
    "Sandstorm": 18,
    "bot-45": 2,
    "bot-115": 2,
    "bot-73": 3,
    "thorn": 2,
    "Evil Centipede": 24,
    "Cactus": 74,
    "root": 2,
    "Centipede": 35,
    "bot-46": 1,
    "Leafbug": 15,
    "bot-23": 1,
    "bot-76": 3,
    "hello": 3,
    "bot-59": 2,
    "bot-50": 4,
    "bot-82": 1,
    "Worker Ant": 5,
    "thorny": 3,
    "bot-137": 5,
    "bot-108": 1,
    "Bush": 13,
    "bot-65": 1,
    "bot-58": 1,
    "Desert Centipede": 4,
    "a": 2,
    "bot-128": 1,
    "bot-119": 1,
    "bot-24": 1,
    "bot-145": 1,
    "leafy": 2,
    "Rock": 16,
    "bot-147": 2,
    "not bot": 1,
    "thornbloom": 2,
    "bot-36": 3,
    "bot-99": 3,
    "bot-135": 1,
    "bot-68": 2,
    "bot-127": 3,
    "bot-104": 3,
    "bot-63": 1,
    "rosie": 1,
    "bot-84": 2,
    "bot-96": 3,
    "bot-113": 2,
    "Soldier Ant": 8,
    "bot-54": 3,
    "bot-98": 1,
    "bot-91": 5,
    "bot-123": 1,
    "bot-66": 2,
    "bot-51": 1,
    "bot-140": 2,
    "bot-27": 2,
    "bot-146": 3,
    "bot-33": 2,
    "bot-134": 1,
    "bot-67": 2,
    "bot-120": 2,
    "bot-125": 1,
    "bot-122": 3,
    "bot-74": 2,
    "bot-42": 3,
    "bot-131": 2,
    "bloom": 1,
    "bot-72": 2,
    "bot-48": 1,
    "Baby Ant": 2,
    "bot-28": 5,
    "bot-136": 2,
    "bot-75": 4,
    "bot-49": 2,
    "bot-87": 2,
    "bot-103": 2,
    "bot-64": 3,
    "petalpop": 5,
    "bot-102": 2,
    "bot-89": 4,
    "bot-31": 1,
    "bot-26": 3,
    "bot-93": 1,
    "zorr": 1,
    "bot-138": 1,
    "bot-37": 3,
    "bot-143": 1,
    "bot-81": 1,
    "bot-62": 1,
    "bot-92": 1,
    "bloomy": 3,
    "bot-107": 1,
    "bot-88": 1,
    "bot-106": 1,
    "bot-116": 1,
    "bot-40": 1,
    "bot-39": 1,
    "bot-53": 1,
    "aa": 1,
    "bot-22": 1,
    "bot-117": 1,
    "bot-70": 1,
    "blossom": 3,
    "bot-43": 1,
    "bot-61": 2,
    "bot-97": 1,
    "bot-90": 1,
    "bot-105": 1,
    "bot-85": 2,
    "bot-79": 1
  },
  "loadout_history": {
    "0": 1298,
    "1": 1067,
    "28": 9,
    "18": 14,
    "14": 26,
    "45": 1,
    "79": 9,
    "49": 9,
    "39": 2,
    "24": 17,
    "35": 7,
    "175": 1,
    "33": 2,
    "11": 4,
    "10": 5,
    "46": 4,
    "5": 18,
    "167": 2,
    "15": 10,
    "51": 2,
    "116": 5,
    "30": 2,
    "6": 14,
    "25": 5,
    "16": 5,
    "34": 6,
    "112": 2,
    "7": 7,
    "9": 11,
    "8": 3,
    "12": 3,
    "26": 1,
    "137": 1,
    "13": 1,
    "32": 2,
    "19": 3,
    "20": 2,
    "29": 2,
    "17": 1,
    "180": 1,
    "181": 1,
    "21": 1,
    "48": 1,
    "23": 2,
    "50": 2,
    "40": 2,
    "75": 1,
    "204": 1
  }
}