{
  "schema": 1,
  "name": "bot-80",
  "first_seen": 1778543161.361644,
  "last_seen": 1778548780.094197,
  "episodes": 19,
  "score_total": 1045,
  "score_best": 157,
  "best_loadout": [
    1,
    5,
    14,
    0,
    0
  ],
  "killed_by": {
    "Beetle": 2,
    "Hornet": 2,
    "bot-130": 1,
    "Cactus": 4,
    "bot-108": 1,
    "Mantis": 2,
    "Wasp": 2,
    "Centipede": 1
  },
  "loadout_history": {
    "0": 17,
    "1": 16,
    "28": 2,
    "25": 1,
    "9": 1,
    "34": 1,
    "15": 1,
    "5": 1,
    "14": 2,
    "48": 1
  }
}