{
  "schema": 1,
  "name": "bot-32",
  "first_seen": 1778543121.295475,
  "last_seen": 1778556776.512446,
  "episodes": 59,
  "score_total": 4103,
  "score_best": 226,
  "best_loadout": [
    0,
    0,
    0,
    0,
    0,
    0
  ],
  "killed_by": {
    "Wasp": 9,
    "Beetle": 4,
    "bot-111": 1,
    "Hornet": 13,
    "Mantis": 8,
    "bot-95": 2,
    "Bee": 2,
    "Spider": 2,
    "Ladybug": 1,
    "bot-52": 1,
    "Scorpion": 1,
    "Sandstorm": 1,
    "bot-45": 1,
    "bot-115": 1,
    "bot-73": 1,
    "thorn": 1,
    "Evil Centipede": 1
  },
  "loadout_history": {
    "0": 54,
    "1": 44,
    "28": 3,
    "18": 3,
    "14": 3,
    "45": 1,
    "79": 1,
    "49": 2,
    "39": 1,
    "24": 1,
    "35": 1,
    "175": 1,
    "33": 1,
    "11": 1,
    "10": 1,
    "46": 1
  }
}