{
  "schema": 1,
  "name": "bot-43",
  "first_seen": 1778543460.6414669,
  "last_seen": 1778638690.6921139,
  "episodes": 616,
  "score_total": 113098,
  "score_best": 7813,
  "best_loadout": [
    0,
    0,
    0,
    0,
    0,
    0,
    0,
    0
  ],
  "killed_by": {
    "Spider": 23,
    "bot-55": 1,
    "bot-67": 1,
    "Wasp": 94,
    "Beetle": 26,
    "Hornet": 134,
    "Bee": 47,
    "bot-103": 1,
    "Mantis": 73,
    "bot-59": 1,
    "bot-119": 4,
    "Ladybug": 35,
    "bot-144": 2,
    "bot-147": 1,
    "bot-117": 1,
    "bot-33": 1,
    "blossom": 1,
    "bot-78": 1,
    "Evil Centipede": 10,
    "Sandstorm": 6,
    "bot-91": 1,
    "Desert Centipede": 3,
    "bot-62": 1,
    "Cactus": 31,
    "Centipede": 21,
    "Bush": 3,
    "Scorpion": 6,
    "bot-88": 3,
    "bot-83": 2,
    "bot-58": 2,
    "bot-52": 1,
    "bot-38": 2,
    "bot-68": 2,
    "not bot": 1,
    "Leafbug": 7,
    "bot-125": 1,
    "bot-64": 3,
    "bot-69": 1,
    "Soldier Ant": 1,
    "bot-132": 1,
    "bot-107": 1,
    "bot-26": 2,
    "bot-76": 1,
    "bot-82": 1,
    "bot-44": 1,
    "bot-42": 1,
    "bot-139": 1,
    "bot-80": 1,
    "bot-46": 3,
    "Rock": 5,
    "bot-113": 1,
    "bot-77": 1,
    "bot-135": 1,
    "root": 1,
    "bot-121": 3,
    "bot-131": 1,
    "bot-28": 2,
    "bot-22": 1,
    "bot-99": 1,
    "bot-30": 1,
    "bot-98": 1,
    "bot-141": 1,
    "rosie": 1,
    "bot-35": 1,
    "bot-47": 2,
    "bot-48": 1,
    "bot-54": 2,
    "bot-97": 2,
    "flower": 3,
    "bot-63": 1,
    "bot-94": 2,
    "bot-114": 1,
    "bot-142": 1,
    "bot-31": 1
  },
  "loadout_history": {
    "0": 519,
    "1": 424,
    "24": 6,
    "167": 2,
    "19": 4,
    "14": 6,
    "28": 3,
    "15": 6,
    "5": 12,
    "6": 3,
    "10": 7,
    "18": 3,
    "7": 2,
    "26": 3,
    "9": 5,
    "16": 2,
    "79": 2,
    "51": 2,
    "8": 5,
    "83": 3,
    "32": 1,
    "11": 2,
    "35": 2,
    "94": 1,
    "25": 2,
    "58": 1,
    "49": 1,
    "13": 1,
    "34": 1
  }
}