{
  "schema": 1,
  "name": "bot-72",
  "first_seen": 1778543134.410288,
  "last_seen": 1778727417.619367,
  "episodes": 1172,
  "score_total": 295709,
  "score_best": 10015,
  "best_loadout": [
    1,
    1,
    1,
    1,
    1,
    0,
    0,
    0
  ],
  "killed_by": {
    "Wasp": 214,
    "Mantis": 94,
    "Sandstorm": 18,
    "Hornet": 248,
    "bot-48": 3,
    "flower": 2,
    "bot-131": 3,
    "bot-125": 2,
    "Rock": 11,
    "Cactus": 74,
    "Beetle": 35,
    "prickly": 2,
    "Evil Centipede": 14,
    "Bee": 101,
    "bot-78": 3,
    "bot": 5,
    "Spider": 36,
    "bot-43": 2,
    "Ladybug": 56,
    "bot-89": 1,
    "gardn": 1,
    "bot-30": 2,
    "bot-139": 1,
    "bot-80": 3,
    "bot-46": 1,
    "bot-145": 1,
    "Leafbug": 15,
    "Worker Ant": 4,
    "bot-56": 2,
    "bot-40": 1,
    "Centipede": 40,
    "bot-148": 2,
    "bot-53": 1,
    "Desert Centipede": 5,
    "leafy": 1,
    "bot-44": 3,
    "bloom": 4,
    "bot-120": 5,
    "bot-149": 3,
    "bot-135": 2,
    "bot-27": 2,
    "bot-32": 4,
    "bot-36": 1,
    "bot-26": 1,
    "bot-23": 1,
    "rosie": 4,
    "bot-142": 2,
    "bot-24": 3,
    "bot-69": 1,
    "not bot": 2,
    "bot-81": 2,
    "bot-59": 7,
    "bot-122": 1,
    "bot-130": 4,
    "bot-86": 1,
    "bot-107": 2,
    "bot-100": 1,
    "bot-66": 1,
    "bot-61": 1,
    "aa": 1,
    "bot-79": 1,
    "bot-114": 2,
    "bot-73": 1,
    "bot-91": 4,
    "bot-111": 1,
    "Baby Ant": 4,
    "Bush": 5,
    "a": 3,
    "bot-112": 1,
    "bot-60": 4,
    "bot-85": 1,
    "bot-71": 4,
    "Soldier Ant": 2,
    "bot-75": 1,
    "bot-98": 2,
    "bot-143": 1,
    "bot-52": 1,
    "blossom": 4,
    "bot-29": 1,
    "Scorpion": 7,
    "bot-95": 1,
    "blossom-v2": 1,
    "bot-37": 2,
    "bot-93": 1,
    "bot-42": 2,
    "bot-35": 3,
    "bot-39": 1,
    "bot-28": 4,
    "bot-118": 4,
    "bot-141": 1,
    "bot-146": 1,
    "bot-57": 2,
    "bot-63": 4,
    "hello": 1,
    "bot-102": 1,
    "thorn": 1,
    "bot-55": 1,
    "bot-119": 2,
    "zorr": 1,
    "bot-45": 1,
    "bot-134": 1,
    "bot-132": 1,
    "bot-62": 1,
    "bot-113": 1,
    "florrio": 1,
    "bot-96": 2,
    "root": 1,
    "bloomy": 1,
    "bot-117": 1,
    "bot-124": 1
  },
  "loadout_history": {
    "0": 1005,
    "1": 793,
    "14": 19,
    "5": 19,
    "20": 2,
    "79": 5,
    "34": 3,
    "25": 7,
    "15": 16,
    "24": 12,
    "47": 2,
    "167": 4,
    "19": 3,
    "9": 9,
    "29": 3,
    "17": 2,
    "6": 8,
    "7": 2,
    "28": 1,
    "35": 3,
    "18": 3,
    "26": 1,
    "83": 1,
    "37": 1,
    "22": 1,
    "51": 2,
    "10": 12,
    "11": 4,
    "16": 1,
    "23": 2,
    "21": 1,
    "89": 1,
    "60": 2,
    "8": 2,
    "61": 1,
    "39": 1,
    "142": 1,
    "12": 2,
    "84": 1,
    "27": 1,
    "54": 1,
    "48": 1,
    "55": 1,
    "116": 1,
    "30": 1
  }
}