{
  "schema": 1,
  "name": "bot-61",
  "first_seen": 1778543183.323554,
  "last_seen": 1778731785.928201,
  "episodes": 1243,
  "score_total": 273634,
  "score_best": 9632,
  "best_loadout": [
    0,
    0,
    0,
    0,
    0,
    0,
    1,
    0
  ],
  "killed_by": {
    "Hornet": 318,
    "thornbloom": 5,
    "Beetle": 50,
    "Spider": 39,
    "Mantis": 113,
    "Bee": 97,
    "Desert Centipede": 6,
    "Cactus": 63,
    "Ladybug": 54,
    "Wasp": 202,
    "Centipede": 31,
    "bot-36": 1,
    "bot-125": 1,
    "Evil Centipede": 13,
    "bot-53": 2,
    "bot-93": 1,
    "Bush": 8,
    "bot-44": 4,
    "bot-145": 1,
    "Rock": 11,
    "bot-71": 1,
    "bot-118": 4,
    "Worker Ant": 10,
    "bot-57": 1,
    "bot-121": 1,
    "Sandstorm": 18,
    "bot-80": 4,
    "Leafbug": 13,
    "bot-24": 1,
    "bot-82": 1,
    "Scorpion": 8,
    "bot-68": 2,
    "thorn": 5,
    "bot-33": 5,
    "bot-95": 4,
    "bot-50": 1,
    "bot-39": 1,
    "florrio": 4,
    "bot-91": 2,
    "bot-45": 5,
    "bot-47": 1,
    "bot-138": 4,
    "bot-119": 3,
    "flower": 4,
    "bot": 2,
    "rosie": 5,
    "bot-51": 5,
    "bot-144": 2,
    "bot-73": 2,
    "bot-23": 6,
    "bot-139": 2,
    "bot-49": 1,
    "bot-86": 1,
    "bot-141": 1,
    "bot-142": 1,
    "bot-31": 2,
    "bot-127": 2,
    "Baby Ant": 2,
    "bot-54": 1,
    "bot-111": 2,
    "bot-26": 1,
    "bot-97": 2,
    "bot-130": 2,
    "bot-128": 5,
    "bot-83": 3,
    "bot-98": 2,
    "bot-48": 3,
    "bot-84": 2,
    "bot-124": 2,
    "bot-113": 5,
    "bot-34": 2,
    "blossom-v2": 1,
    "a": 1,
    "Soldier Ant": 1,
    "zorr": 1,
    "bot-67": 2,
    "bot-35": 1,
    "bot-132": 1,
    "bot-94": 1,
    "bot-56": 1,
    "bot-123": 1,
    "bot-66": 2,
    "bot-90": 1,
    "bot-108": 2,
    "bot-115": 4,
    "bot-77": 1,
    "bot-58": 2,
    "leafy": 1,
    "bot-92": 1,
    "bot-129": 1,
    "bot-102": 1,
    "bot-40": 1,
    "root": 1,
    "bot-134": 1,
    "bot-122": 2,
    "bot-112": 1,
    "bot-43": 1,
    "bot-52": 1,
    "blossom": 2,
    "bot-64": 2
  },
  "loadout_history": {
    "0": 1061,
    "1": 868,
    "14": 26,
    "9": 21,
    "48": 1,
    "10": 11,
    "46": 2,
    "24": 15,
    "116": 6,
    "28": 4,
    "5": 19,
    "23": 3,
    "20": 5,
    "19": 8,
    "25": 9,
    "17": 5,
    "7": 10,
    "15": 8,
    "6": 12,
    "18": 9,
    "29": 1,
    "34": 4,
    "55": 1,
    "16": 4,
    "51": 2,
    "35": 4,
    "11": 3,
    "8": 1,
    "26": 1,
    "86": 1,
    "83": 1,
    "13": 4,
    "183": 1,
    "135": 1,
    "79": 1,
    "97": 1,
    "31": 2,
    "117": 1,
    "49": 3,
    "175": 1,
    "39": 1,
    "47": 1,
    "58": 1,
    "21": 1,
    "124": 1,
    "61": 1,
    "119": 1,
    "32": 1
  }
}