{
  "schema": 1,
  "name": "bot-114",
  "first_seen": 1778364741.28893,
  "last_seen": 1779316437.211871,
  "episodes": 1492,
  "score_total": 231656,
  "score_best": 6038,
  "best_loadout": [
    0,
    0,
    0,
    0,
    1,
    0,
    0
  ],
  "killed_by": {
    "Beetle": 72,
    "Spider": 59,
    "Boulder": 1,
    "Hornet": 393,
    "Wasp": 241,
    "Cactus": 76,
    "Sandstorm": 12,
    "Mantis": 116,
    "Centipede": 44,
    "Bee": 99,
    "Desert Centipede": 6,
    "bot-95": 2,
    "bot-133": 6,
    "gardn": 1,
    "bot-57": 1,
    "bot-38": 3,
    "bot-47": 2,
    "bot-92": 1,
    "bot-39": 1,
    "bot-105": 1,
    "bot-101": 3,
    "bot-46": 2,
    "Scorpion": 3,
    "bot-129": 2,
    "Leafbug": 15,
    "Ladybug": 78,
    "not bot": 1,
    "Rock": 18,
    "Bush": 15,
    "Evil Centipede": 22,
    "bot-49": 2,
    "Soldier Ant": 4,
    "bot-51": 2,
    "bot-27": 3,
    "bot-71": 3,
    "bot-29": 3,
    "bot-111": 2,
    "bot-102": 1,
    "bot-87": 1,
    "bot-66": 2,
    "bot-110": 3,
    "bot-106": 1,
    "bot-130": 2,
    "bot-108": 1,
    "bot-137": 4,
    "bot-83": 1,
    "bot-117": 2,
    "bot-26": 2,
    "bot-148": 1,
    "bot-147": 6,
    "bloom": 4,
    "Worker Ant": 7,
    "bot-77": 5,
    "bot-132": 2,
    "aa": 1,
    "bot-97": 1,
    "bot-116": 1,
    "bot-63": 1,
    "bot-59": 3,
    "bot-50": 3,
    "bot-40": 1,
    "bot-43": 1,
    "bot-34": 2,
    "bot-113": 2,
    "bot-33": 1,
    "bot-138": 1,
    "bot-74": 2,
    "bot-112": 2,
    "bot-96": 1,
    "bot-56": 4,
    "bot-122": 1,
    "bot-35": 3,
    "bot-104": 1,
    "bot-65": 2,
    "bot-37": 2,
    "bot-73": 2,
    "bot-119": 1,
    "bot-67": 1,
    "bot-80": 1,
    "bot-123": 2,
    "bot-60": 1,
    "thorny": 2,
    "bot-98": 2,
    "flower": 2,
    "bot-64": 1,
    "bot-141": 1,
    "bot-85": 5,
    "bot-82": 1,
    "bot-90": 1,
    "bot-61": 2,
    "bot-120": 1,
    "blossom": 1,
    "bot-31": 1,
    "bot-72": 1,
    "bot-89": 2,
    "bot-75": 1,
    "bot-53": 1,
    "bot-134": 1,
    "bot-41": 2,
    "leafy": 1,
    "bot-52": 1,
    "bot-69": 1,
    "bot-131": 1,
    "rosie": 1,
    "bot-126": 1,
    "bot-30": 1,
    "bot-81": 1,
    "bot-118": 1,
    "bot": 1,
    "bot-144": 1,
    "bot-28": 1,
    "bot-109": 1,
    "bot-115": 1,
    "bot-36": 1,
    "bot-44": 1,
    "bot-128": 2,
    "Baby Ant": 1,
    "bot-25": 1,
    "bot-78": 1,
    "thornbloom": 1,
    "bot-62": 1,
    "bot-45": 1,
    "bloomy": 1,
    "bot-135": 1
  },
  "loadout_history": {
    "1": 1052,
    "0": 1251,
    "18": 10,
    "14": 34,
    "28": 7,
    "6": 22,
    "9": 17,
    "5": 23,
    "38": 1,
    "29": 5,
    "79": 7,
    "39": 2,
    "24": 17,
    "34": 13,
    "167": 7,
    "46": 3,
    "15": 16,
    "12": 3,
    "60": 4,
    "35": 5,
    "36": 4,
    "13": 2,
    "11": 4,
    "19": 6,
    "136": 1,
    "83": 2,
    "16": 3,
    "7": 4,
    "20": 4,
    "61": 1,
    "26": 5,
    "37": 1,
    "58": 1,
    "10": 8,
    "75": 1,
    "25": 4,
    "124": 1,
    "30": 1,
    "51": 1,
    "17": 2,
    "48": 2,
    "47": 1,
    "49": 1,
    "8": 1,
    "33": 1,
    "117": 1,
    "50": 1,
    "116": 2,
    "23": 2,
    "204": 1,
    "41": 1,
    "40": 2,
    "32": 1
  }
}