{
  "schema": 1,
  "name": "bot-77",
  "first_seen": 1778543134.0063858,
  "last_seen": 1778545786.3123121,
  "episodes": 16,
  "score_total": 1548,
  "score_best": 223,
  "best_loadout": [
    15,
    0,
    0,
    1,
    0,
    0
  ],
  "killed_by": {
    "Wasp": 3,
    "Hornet": 5,
    "prickly": 1,
    "Beetle": 3,
    "Evil Centipede": 1,
    "Mantis": 1
  },
  "loadout_history": {
    "1": 12,
    "5": 3,
    "9": 1,
    "0": 11,
    "24": 2,
    "79": 1,
    "47": 1,
    "19": 1,
    "15": 1,
    "28": 2,
    "25": 1
  }
}