{
  "schema": 1,
  "name": "bot-93",
  "first_seen": 1778543161.3629062,
  "last_seen": 1778556501.692745,
  "episodes": 55,
  "score_total": 3944,
  "score_best": 519,
  "best_loadout": [
    0,
    0,
    0,
    0,
    0,
    0
  ],
  "killed_by": {
    "Hornet": 11,
    "Worker Ant": 1,
    "Wasp": 9,
    "Beetle": 4,
    "Cactus": 1,
    "bot-148": 1,
    "Mantis": 8,
    "bot-147": 1,
    "Ladybug": 1,
    "bot-67": 1,
    "bot-50": 1,
    "Bee": 3,
    "bot-33": 1,
    "bot-113": 1,
    "bot-98": 1
  },
  "loadout_history": {
    "0": 50,
    "49": 2,
    "1": 40,
    "28": 1,
    "167": 1,
    "10": 1,
    "14": 1,
    "25": 1,
    "180": 1,
    "24": 1,
    "9": 1,
    "6": 1,
    "18": 1
  }
}