{
  "schema": 1,
  "name": "bot-145",
  "first_seen": 1778543548.623719,
  "last_seen": 1778552131.6158972,
  "episodes": 30,
  "score_total": 1343,
  "score_best": 243,
  "best_loadout": [
    1,
    1,
    1,
    1,
    1,
    0
  ],
  "killed_by": {
    "Hornet": 7,
    "Cactus": 3,
    "Bee": 3,
    "bot-123": 2,
    "Mantis": 2,
    "Wasp": 3,
    "Beetle": 2,
    "aa": 1,
    "bot-36": 1,
    "bot-141": 1
  },
  "loadout_history": {
    "0": 28,
    "1": 18,
    "9": 2,
    "5": 1,
    "6": 1,
    "34": 1,
    "29": 1,
    "24": 1,
    "14": 1,
    "79": 1
  }
}