{
  "schema": 1,
  "name": "bot-130",
  "first_seen": 1778543146.9524028,
  "last_seen": 1778718407.070872,
  "episodes": 1184,
  "score_total": 202553,
  "score_best": 5397,
  "best_loadout": [
    0,
    1,
    1,
    0,
    0,
    0,
    0
  ],
  "killed_by": {
    "Wasp": 225,
    "Evil Centipede": 10,
    "bot-124": 3,
    "Hornet": 258,
    "Beetle": 48,
    "Mantis": 115,
    "bot-88": 2,
    "Cactus": 70,
    "bot-33": 2,
    "bot-44": 6,
    "Spider": 30,
    "Baby Ant": 4,
    "bot-121": 2,
    "Sandstorm": 15,
    "bot-126": 2,
    "Desert Centipede": 5,
    "Bee": 81,
    "bot-27": 4,
    "Ladybug": 56,
    "Rock": 13,
    "Scorpion": 5,
    "bot-99": 2,
    "bot-107": 2,
    "bot-61": 1,
    "bot-138": 2,
    "bot-64": 1,
    "Centipede": 26,
    "bot-56": 2,
    "bot-110": 3,
    "bot-100": 4,
    "bot-142": 1,
    "Leafbug": 8,
    "bot-79": 5,
    "bot-40": 2,
    "hello": 1,
    "flower": 5,
    "bot-114": 4,
    "bot-128": 3,
    "bot-111": 3,
    "bot-46": 1,
    "Soldier Ant": 4,
    "root": 3,
    "bot-131": 2,
    "bot-54": 1,
    "florrio": 2,
    "bot-118": 10,
    "bot-59": 3,
    "bot-108": 1,
    "bot-78": 2,
    "bot-77": 4,
    "blossom-v2": 1,
    "a": 2,
    "bot-103": 1,
    "bot-22": 2,
    "petalpop": 4,
    "bot-145": 3,
    "bot-127": 1,
    "bot-133": 1,
    "bot-102": 1,
    "bot-134": 2,
    "bot-49": 1,
    "bot-36": 2,
    "bot-97": 1,
    "blossom": 2,
    "bloom": 1,
    "bot-89": 1,
    "zorr": 2,
    "bot-144": 1,
    "Bush": 15,
    "rosie": 5,
    "bot-53": 1,
    "bot-120": 1,
    "prickly": 3,
    "bot-42": 2,
    "bot-52": 3,
    "bot-106": 1,
    "Worker Ant": 1,
    "bot-60": 1,
    "bot-112": 1,
    "bot-86": 1,
    "bloomy": 1,
    "bot-113": 1,
    "bot": 1,
    "bot-119": 1,
    "bot-148": 1,
    "bot-29": 3,
    "leafy": 1,
    "67": 1,
    "bot-136": 1,
    "aa": 1,
    "bot-72": 1,
    "bot-85": 1,
    "bot-94": 1,
    "bot-141": 2,
    "bot-39": 1,
    "bot-140": 2,
    "bot-90": 2,
    "bot-30": 1,
    "bot-101": 1,
    "bot-68": 1,
    "thornbloom": 1,
    "bot-132": 2,
    "gardn": 5,
    "bot-28": 1,
    "bot-139": 1,
    "bot-83": 1,
    "bot-84": 1,
    "bot-69": 1,
    "bot-115": 1,
    "bot-104": 2,
    "bot-66": 1
  },
  "loadout_history": {
    "1": 810,
    "0": 1000,
    "14": 16,
    "30": 2,
    "7": 4,
    "25": 7,
    "15": 10,
    "49": 1,
    "33": 1,
    "10": 12,
    "47": 1,
    "29": 2,
    "79": 3,
    "48": 6,
    "6": 13,
    "32": 1,
    "167": 3,
    "9": 13,
    "28": 3,
    "116": 2,
    "5": 17,
    "12": 2,
    "120": 1,
    "51": 2,
    "86": 1,
    "18": 6,
    "34": 4,
    "61": 1,
    "159": 1,
    "35": 4,
    "21": 1,
    "11": 2,
    "24": 9,
    "26": 1,
    "17": 2,
    "58": 2,
    "60": 2,
    "13": 4,
    "62": 1,
    "123": 1,
    "16": 2,
    "19": 1
  }
}