{
  "schema": 1,
  "name": "bot-140",
  "first_seen": 1778543508.471371,
  "last_seen": 1778713227.705379,
  "episodes": 1191,
  "score_total": 180241,
  "score_best": 6028,
  "best_loadout": [
    0,
    0,
    0,
    0,
    0,
    0,
    0
  ],
  "killed_by": {
    "Hornet": 245,
    "Beetle": 36,
    "Evil Centipede": 15,
    "Mantis": 127,
    "Ladybug": 40,
    "Bee": 73,
    "bot-30": 1,
    "Wasp": 223,
    "Cactus": 87,
    "Sandstorm": 16,
    "Baby Ant": 1,
    "petalpop": 2,
    "Desert Centipede": 5,
    "bot-127": 5,
    "bot-66": 6,
    "bot-51": 1,
    "leafy": 2,
    "bot-147": 4,
    "bot-92": 1,
    "Scorpion": 6,
    "Bush": 12,
    "Worker Ant": 7,
    "Spider": 44,
    "bot-24": 3,
    "bot-58": 3,
    "bot-110": 1,
    "bot-53": 1,
    "Centipede": 32,
    "bot-34": 2,
    "Leafbug": 9,
    "bot-107": 1,
    "Rock": 13,
    "bot-57": 4,
    "bot-77": 2,
    "bot-84": 2,
    "bot-103": 2,
    "a": 1,
    "bot-89": 1,
    "bot-28": 5,
    "bot-22": 2,
    "bot-61": 3,
    "gardn": 2,
    "bot-126": 1,
    "aa": 2,
    "bot-62": 1,
    "bot-43": 1,
    "bot-149": 1,
    "bot-39": 1,
    "bot-85": 8,
    "bot-46": 2,
    "bot-88": 4,
    "bot-73": 1,
    "zorr": 1,
    "bot-99": 2,
    "bot-97": 4,
    "bot-68": 4,
    "blossom": 2,
    "bot-131": 3,
    "bloomy": 3,
    "bot-141": 5,
    "bot-71": 1,
    "bot-64": 2,
    "bot-117": 2,
    "bot-119": 1,
    "bot-112": 2,
    "bot-38": 3,
    "bot-59": 5,
    "bot-36": 2,
    "Soldier Ant": 1,
    "bot-121": 1,
    "bot-96": 5,
    "bot-123": 1,
    "bot-25": 1,
    "bot-33": 1,
    "thorny": 1,
    "bot-109": 4,
    "bot-122": 3,
    "bot-94": 1,
    "bot-26": 2,
    "bot-133": 1,
    "bot-67": 3,
    "bot-35": 1,
    "bot-31": 1,
    "bot-69": 1,
    "bot-47": 1,
    "bot-29": 3,
    "bot-115": 1,
    "bot-124": 2,
    "bot-118": 2,
    "bot-91": 3,
    "bot-120": 1,
    "thorn": 1,
    "bot-129": 1,
    "bot-134": 1,
    "bot-78": 1,
    "bot-87": 1,
    "blossom-v2": 1,
    "bot-108": 1,
    "prickly": 2,
    "bot-37": 1,
    "bot-106": 1,
    "bot-93": 7,
    "flower": 1,
    "bot-48": 1,
    "hello": 2,
    "bot-23": 1,
    "bot-45": 6,
    "bot-101": 1
  },
  "loadout_history": {
    "0": 1006,
    "1": 838,
    "24": 13,
    "29": 3,
    "30": 1,
    "6": 7,
    "46": 1,
    "15": 8,
    "5": 9,
    "79": 4,
    "18": 12,
    "9": 12,
    "14": 11,
    "167": 1,
    "33": 1,
    "28": 2,
    "17": 2,
    "49": 1,
    "7": 5,
    "20": 2,
    "176": 1,
    "35": 4,
    "34": 2,
    "19": 1,
    "26": 3,
    "169": 1,
    "25": 5,
    "10": 4,
    "11": 4,
    "135": 1,
    "159": 1,
    "83": 1,
    "16": 2,
    "181": 1,
    "116": 1,
    "13": 1,
    "45": 1,
    "55": 1,
    "60": 1,
    "168": 1,
    "21": 1,
    "51": 1,
    "8": 1,
    "12": 1,
    "36": 1
  }
}