{
  "schema": 1,
  "name": "bot-47",
  "first_seen": 1778543142.586463,
  "last_seen": 1778638819.880803,
  "episodes": 605,
  "score_total": 64282,
  "score_best": 5273,
  "best_loadout": [
    0,
    0,
    0,
    1,
    0,
    0,
    0
  ],
  "killed_by": {
    "Worker Ant": 2,
    "Wasp": 91,
    "Bee": 57,
    "Hornet": 151,
    "Mantis": 57,
    "Cactus": 43,
    "Beetle": 23,
    "bot-125": 3,
    "Ladybug": 19,
    "Sandstorm": 11,
    "Spider": 15,
    "bot-62": 1,
    "bot-104": 2,
    "Evil Centipede": 6,
    "bot-97": 1,
    "bot-91": 1,
    "bot-29": 2,
    "bot-53": 1,
    "bot-77": 1,
    "Desert Centipede": 2,
    "Scorpion": 2,
    "bot-78": 2,
    "Rock": 2,
    "Centipede": 16,
    "bot-120": 1,
    "thorny": 1,
    "zorr": 1,
    "bot-129": 1,
    "bot-33": 1,
    "Leafbug": 6,
    "bot-118": 3,
    "bot-107": 2,
    "bot-80": 1,
    "thornbloom": 2,
    "bot-92": 2,
    "petalpop": 2,
    "bloomy": 1,
    "bot-40": 1,
    "prickly": 2,
    "bot-28": 1,
    "bot-95": 1,
    "bot-31": 2,
    "bot-147": 1,
    "bot-41": 1,
    "bot-85": 2,
    "bot-114": 8,
    "bot-115": 1,
    "bot-135": 1,
    "Bush": 5,
    "bot-138": 1,
    "bot-108": 1,
    "bot-48": 2,
    "bot-128": 1,
    "bot-68": 1,
    "bot-126": 1,
    "bot-142": 1,
    "67": 1,
    "bot-88": 1,
    "bot-69": 1,
    "bot-57": 1,
    "bot-79": 2,
    "bot-133": 2,
    "leafy": 2,
    "Baby Ant": 1,
    "bot-26": 1,
    "bot-45": 1,
    "bot-148": 1,
    "bot-112": 1,
    "bot-124": 2,
    "bot-101": 2,
    "bot-37": 1,
    "bot-89": 1,
    "aa": 2,
    "bot-23": 2,
    "bot-121": 1
  },
  "loadout_history": {
    "0": 509,
    "1": 411,
    "35": 2,
    "5": 3,
    "33": 2,
    "14": 9,
    "34": 3,
    "49": 2,
    "28": 2,
    "11": 2,
    "7": 2,
    "167": 3,
    "25": 1,
    "6": 8,
    "9": 3,
    "39": 1,
    "15": 4,
    "10": 8,
    "17": 1,
    "93": 1,
    "29": 1,
    "18": 2,
    "23": 1,
    "16": 1,
    "58": 1,
    "19": 2,
    "79": 1,
    "26": 1,
    "24": 1,
    "83": 1,
    "86": 1,
    "54": 1
  }
}