{
  "schema": 1,
  "name": "bot-143",
  "first_seen": 1778543535.476518,
  "last_seen": 1778552131.6187992,
  "episodes": 38,
  "score_total": 2756,
  "score_best": 549,
  "best_loadout": [
    0,
    1,
    0,
    0,
    0,
    0
  ],
  "killed_by": {
    "bot-96": 1,
    "Hornet": 11,
    "Wasp": 4,
    "Beetle": 3,
    "bot-108": 2,
    "Mantis": 2,
    "bot-100": 1,
    "bot-40": 2,
    "bot-120": 2,
    "Cactus": 1,
    "bloom": 1,
    "Evil Centipede": 1,
    "rosie": 1,
    "Bee": 1
  },
  "loadout_history": {
    "0": 35,
    "1": 27,
    "167": 2,
    "24": 3,
    "39": 1,
    "6": 2,
    "9": 1,
    "14": 4,
    "25": 1,
    "10": 1,
    "5": 1,
    "19": 1,
    "68": 1
  }
}