{
  "schema": 1,
  "name": "bot-129",
  "first_seen": 1778543191.061109,
  "last_seen": 1778624136.450036,
  "episodes": 403,
  "score_total": 35310,
  "score_best": 1153,
  "best_loadout": [
    0,
    0,
    0,
    1,
    10,
    0
  ],
  "killed_by": {
    "Wasp": 74,
    "Hornet": 115,
    "bot-28": 2,
    "Beetle": 13,
    "Evil Centipede": 4,
    "Spider": 13,
    "Cactus": 25,
    "Mantis": 31,
    "Desert Centipede": 3,
    "bot-142": 1,
    "Centipede": 10,
    "flower": 1,
    "bot-30": 1,
    "bot-45": 1,
    "Ladybug": 15,
    "Leafbug": 6,
    "Rock": 4,
    "Bee": 20,
    "bot-81": 1,
    "bot-43": 1,
    "a": 1,
    "Bush": 6,
    "bot-54": 1,
    "Scorpion": 1,
    "bot-101": 1,
    "Worker Ant": 1,
    "bot-67": 1,
    "Sandstorm": 3,
    "bot-118": 1,
    "bot-130": 1,
    "bot-71": 2,
    "thornbloom": 1,
    "bot-55": 1,
    "bot-122": 1,
    "zorr": 1,
    "bot-69": 1,
    "bot-97": 1,
    "bot-39": 3,
    "bot-82": 2,
    "bot-84": 1,
    "bot-68": 2,
    "bot-63": 1,
    "bot-113": 1,
    "bot-48": 1,
    "bot-98": 1,
    "bot-109": 1,
    "bot-123": 1,
    "bot-44": 1,
    "bot-102": 1,
    "bot-108": 1,
    "bot-114": 2,
    "bot-31": 1,
    "bot-40": 1,
    "bot-61": 1,
    "bloom": 1,
    "bot-124": 1,
    "bot-76": 1,
    "root": 1,
    "bot-100": 1
  },
  "loadout_history": {
    "0": 358,
    "1": 245,
    "14": 5,
    "18": 4,
    "116": 1,
    "24": 1,
    "11": 1,
    "48": 1,
    "5": 4,
    "33": 1,
    "19": 2,
    "79": 2,
    "9": 1,
    "17": 1,
    "6": 2,
    "35": 1,
    "16": 1,
    "168": 1,
    "20": 1,
    "15": 1,
    "25": 1,
    "10": 1,
    "37": 1
  }
}