{
  "schema": 1,
  "name": "bot-qbok",
  "first_seen": 1778122074.98278,
  "last_seen": 1778123030.39026,
  "episodes": 6,
  "score_total": 577,
  "score_best": 204,
  "best_loadout": [
    25,
    48,
    34,
    24,
    25
  ],
  "killed_by": {
    "gardn": 1,
    "Bee": 1,
    "leafy": 2,
    "root": 1
  },
  "loadout_history": {
    "40": 1,
    "41": 1,
    "35": 1,
    "1": 1,
    "18": 4,
    "42": 1,
    "11": 1,
    "14": 4,
    "10": 1,
    "48": 1,
    "25": 2,
    "34": 1,
    "24": 1,
    "15": 1
  }
}