{
  "schema": 1,
  "name": "bot-116",
  "first_seen": 1778364742.0010629,
  "last_seen": 1778718447.177324,
  "episodes": 1353,
  "score_total": 217214,
  "score_best": 5785,
  "best_loadout": [
    0,
    1,
    0,
    1,
    35,
    0,
    0
  ],
  "killed_by": {
    "Ladybug": 57,
    "Hornet": 352,
    "Beetle": 56,
    "Bee": 109,
    "Mantis": 110,
    "Wasp": 257,
    "Centipede": 55,
    "bot-414": 1,
    "Cactus": 63,
    "Evil Centipede": 12,
    "Sandstorm": 9,
    "bot-32": 3,
    "bot-88": 2,
    "hello": 1,
    "bot-90": 1,
    "Spider": 37,
    "Scorpion": 6,
    "Soldier Ant": 2,
    "bot-51": 2,
    "bot-111": 2,
    "Baby Ant": 6,
    "bot-136": 2,
    "bot-85": 1,
    "bot-54": 2,
    "bot-71": 1,
    "Worker Ant": 4,
    "bot-110": 3,
    "bot-124": 1,
    "Leafbug": 16,
    "bot-142": 2,
    "bot-34": 2,
    "Bush": 13,
    "flower": 4,
    "bot-84": 1,
    "bot-40": 3,
    "bot-77": 1,
    "bot-42": 1,
    "bot-131": 3,
    "Rock": 7,
    "bot-35": 2,
    "bot-105": 1,
    "bot-100": 1,
    "bot-125": 1,
    "bot-129": 3,
    "bot-120": 2,
    "bot-53": 1,
    "bot-50": 1,
    "bot-65": 1,
    "bot-43": 2,
    "aa": 5,
    "bot-78": 3,
    "bot-149": 1,
    "bot-66": 1,
    "bot-109": 1,
    "bot-58": 1,
    "bot-114": 1,
    "67": 2,
    "bot-148": 3,
    "bot-87": 1,
    "bot-27": 1,
    "bot-145": 2,
    "bot-29": 2,
    "thornbloom": 2,
    "bot-59": 2,
    "thorny": 2,
    "bot-39": 2,
    "bot-24": 2,
    "bot-113": 1,
    "bot-67": 3,
    "bot-33": 1,
    "rosie": 2,
    "bot-86": 1,
    "bot-102": 3,
    "bot-56": 1,
    "bot-121": 1,
    "blossom-v2": 1,
    "bot-119": 2,
    "bot-49": 1,
    "bot-122": 1,
    "bot-91": 1,
    "bot-79": 2,
    "prickly": 1,
    "thorn": 1,
    "bot-123": 2,
    "bot-118": 15,
    "bot-99": 1,
    "blossom": 2,
    "gardn": 2,
    "not bot": 2,
    "bot-25": 1,
    "bot-26": 1,
    "bot-69": 2,
    "bot-117": 1,
    "bot-137": 1,
    "a": 1,
    "bot-143": 2,
    "bot-144": 1,
    "root": 2,
    "bot-81": 3,
    "Desert Centipede": 4,
    "bot-130": 1,
    "leafy": 1,
    "bot-22": 1,
    "bot-45": 2,
    "bot-80": 1,
    "bot-134": 1,
    "Ant Hole": 1
  },
  "loadout_history": {
    "0": 1114,
    "1": 960,
    "68": 1,
    "116": 3,
    "14": 14,
    "5": 17,
    "9": 9,
    "167": 2,
    "7": 1,
    "18": 11,
    "15": 16,
    "10": 8,
    "20": 3,
    "24": 9,
    "26": 3,
    "35": 6,
    "37": 1,
    "25": 4,
    "79": 6,
    "51": 2,
    "29": 4,
    "8": 3,
    "60": 3,
    "19": 6,
    "11": 4,
    "27": 1,
    "83": 2,
    "168": 3,
    "39": 1,
    "181": 1,
    "6": 4,
    "16": 1,
    "12": 2,
    "55": 1,
    "30": 2,
    "180": 1,
    "58": 1,
    "205": 1,
    "28": 2,
    "183": 1,
    "61": 2,
    "34": 3,
    "13": 1
  }
}