{
  "schema": 1,
  "name": "bot-109",
  "first_seen": 1778364741.606845,
  "last_seen": 1778623835.0480618,
  "episodes": 499,
  "score_total": 69456,
  "score_best": 5061,
  "best_loadout": [
    0,
    0,
    0,
    0,
    0,
    0,
    0
  ],
  "killed_by": {
    "Sandstorm": 7,
    "Hornet": 145,
    "Evil Centipede": 3,
    "Mantis": 44,
    "Wasp": 84,
    "Scorpion": 3,
    "bot-120": 1,
    "bot-128": 1,
    "Beetle": 14,
    "bot-56": 1,
    "bot-127": 1,
    "Bush": 2,
    "Bee": 33,
    "Spider": 13,
    "bot-76": 2,
    "Cactus": 36,
    "bot-27": 2,
    "bot-97": 1,
    "Leafbug": 8,
    "Ladybug": 20,
    "hello": 1,
    "bot-118": 1,
    "bot-110": 1,
    "bot-68": 1,
    "bot-41": 3,
    "Centipede": 12,
    "bot-147": 1,
    "bot-84": 1,
    "Rock": 3,
    "bot-38": 2,
    "bot-86": 1,
    "zorr": 1,
    "Desert Centipede": 2,
    "bloomy": 1,
    "bot-137": 4,
    "bot-79": 1,
    "Worker Ant": 1,
    "blossom-v2": 1,
    "bot-75": 2,
    "a": 1,
    "bot-74": 2,
    "bot-146": 1,
    "bot-98": 1,
    "bot-43": 1,
    "bot-99": 1,
    "bot-25": 1,
    "bot-119": 1,
    "bot-31": 1,
    "Soldier Ant": 1,
    "bot-44": 2,
    "bot-145": 1,
    "bot-62": 1,
    "bot-28": 3,
    "bot-116": 1,
    "bot-133": 1
  },
  "loadout_history": {
    "1": 348,
    "0": 432,
    "10": 2,
    "24": 5,
    "14": 4,
    "49": 1,
    "116": 1,
    "64": 1,
    "15": 1,
    "34": 3,
    "35": 2,
    "79": 2,
    "5": 3,
    "46": 2,
    "68": 1,
    "6": 2,
    "19": 3,
    "39": 1,
    "51": 2,
    "83": 1,
    "13": 1,
    "8": 1,
    "16": 1,
    "17": 1,
    "29": 1,
    "7": 1,
    "9": 1,
    "25": 1,
    "20": 2,
    "12": 1,
    "92": 1,
    "97": 1
  }
}