{
  "schema": 1,
  "name": "bot-97",
  "first_seen": 1778543161.996654,
  "last_seen": 1779316406.962794,
  "episodes": 1444,
  "score_total": 220652,
  "score_best": 15261,
  "best_loadout": [
    0,
    0,
    0,
    0,
    0,
    0,
    0,
    0
  ],
  "killed_by": {
    "bot-132": 2,
    "Ladybug": 52,
    "Beetle": 62,
    "Wasp": 256,
    "bot-101": 1,
    "Hornet": 310,
    "Bee": 108,
    "Sandstorm": 25,
    "bot-76": 1,
    "Mantis": 141,
    "bot-124": 1,
    "Leafbug": 17,
    "bot-92": 3,
    "Centipede": 42,
    "bot-133": 4,
    "Evil Centipede": 21,
    "bot-24": 3,
    "root": 2,
    "Worker Ant": 8,
    "bot-75": 5,
    "Cactus": 82,
    "bot-145": 1,
    "prickly": 1,
    "Desert Centipede": 3,
    "Spider": 46,
    "Rock": 14,
    "bot-94": 2,
    "bot-66": 5,
    "bot-25": 1,
    "Bush": 23,
    "bot-113": 2,
    "67": 2,
    "Scorpion": 10,
    "bot-27": 3,
    "bloom": 1,
    "bot-64": 1,
    "not bot": 2,
    "bot-36": 6,
    "Soldier Ant": 2,
    "bot-138": 1,
    "bot-56": 3,
    "thorny": 3,
    "bot-82": 2,
    "bot-55": 4,
    "bot-59": 1,
    "bot-126": 2,
    "bot-117": 2,
    "bot-70": 4,
    "bot-63": 1,
    "bot-89": 5,
    "bot-54": 3,
    "bot-100": 3,
    "bot-127": 2,
    "bot-79": 1,
    "bot-114": 4,
    "bot-112": 1,
    "bot-129": 2,
    "bot-121": 2,
    "bot-34": 1,
    "bot-85": 2,
    "bot-137": 2,
    "bot-96": 1,
    "bot-22": 1,
    "bot-139": 5,
    "bot-30": 2,
    "bot-118": 1,
    "bot-102": 1,
    "bot-61": 2,
    "flower": 3,
    "bot-39": 1,
    "bot-146": 1,
    "thorn": 5,
    "bot-147": 2,
    "Baby Ant": 4,
    "bot-65": 1,
    "bot-108": 3,
    "hello": 3,
    "bot-73": 1,
    "blossom": 3,
    "bot-84": 4,
    "thornbloom": 1,
    "bot-134": 2,
    "bot-91": 1,
    "a": 3,
    "bot-50": 3,
    "bot-143": 1,
    "bot-67": 1,
    "bot-23": 2,
    "bot-42": 1,
    "bot-149": 1,
    "bot-123": 1,
    "bot-88": 3,
    "florrio": 3,
    "bot-58": 1,
    "bot-29": 2,
    "bot-136": 1,
    "bot-141": 2,
    "blossom-v2": 2,
    "bot-110": 1,
    "gardn": 1,
    "bot-38": 1,
    "bot-131": 1,
    "bot-43": 4,
    "bot-148": 1,
    "bot-109": 4,
    "bot-44": 2,
    "bot-53": 2,
    "sussy": 1,
    "bot-103": 1,
    "bot-72": 2,
    "bot-95": 1
  },
  "loadout_history": {
    "0": 1233,
    "1": 1014,
    "14": 25,
    "10": 8,
    "11": 5,
    "5": 16,
    "18": 16,
    "46": 2,
    "28": 4,
    "117": 4,
    "15": 16,
    "16": 7,
    "9": 8,
    "34": 9,
    "35": 3,
    "20": 3,
    "8": 1,
    "39": 1,
    "7": 5,
    "116": 2,
    "32": 2,
    "6": 13,
    "49": 2,
    "36": 5,
    "83": 1,
    "167": 2,
    "26": 2,
    "84": 1,
    "79": 5,
    "19": 8,
    "24": 13,
    "12": 1,
    "124": 1,
    "33": 1,
    "160": 1,
    "175": 1,
    "37": 1,
    "86": 1,
    "25": 3,
    "21": 1,
    "136": 2,
    "59": 1,
    "69": 1,
    "89": 1,
    "23": 3,
    "60": 1,
    "204": 1,
    "135": 1,
    "107": 1,
    "123": 1,
    "40": 2,
    "42": 1,
    "50": 1,
    "51": 1,
    "52": 1
  }
}