{
  "schema": 1,
  "name": "bot-45",
  "first_seen": 1778543561.24242,
  "last_seen": 1778722186.153066,
  "episodes": 1335,
  "score_total": 240150,
  "score_best": 17791,
  "best_loadout": [
    14,
    0,
    0,
    0,
    0,
    0,
    0,
    0
  ],
  "killed_by": {
    "Mantis": 120,
    "bot-147": 1,
    "Sandstorm": 11,
    "Evil Centipede": 14,
    "Wasp": 231,
    "bot-55": 1,
    "Beetle": 60,
    "Hornet": 314,
    "bot-143": 3,
    "Cactus": 85,
    "Ladybug": 55,
    "bot-123": 2,
    "bot-68": 1,
    "Leafbug": 13,
    "Bee": 90,
    "bot-83": 1,
    "bloomy": 1,
    "thorn": 2,
    "bot-141": 4,
    "Centipede": 41,
    "Spider": 50,
    "bot-26": 3,
    "bot-97": 3,
    "bot-39": 4,
    "Rock": 21,
    "bot-46": 3,
    "Bush": 14,
    "bot-132": 2,
    "bot-32": 4,
    "bot-109": 2,
    "bot-81": 5,
    "bot-59": 1,
    "bot-40": 2,
    "blossom-v2": 4,
    "Baby Ant": 3,
    "bot-34": 3,
    "bot-57": 3,
    "bot-118": 2,
    "bot-98": 1,
    "Worker Ant": 7,
    "bot-33": 2,
    "bot-90": 2,
    "Scorpion": 7,
    "Desert Centipede": 7,
    "bot-120": 1,
    "bot-101": 1,
    "bot-88": 1,
    "67": 3,
    "bot-133": 2,
    "hello": 3,
    "a": 1,
    "bot-114": 2,
    "bot-27": 2,
    "bot-78": 2,
    "bot-24": 2,
    "bot-122": 4,
    "Soldier Ant": 4,
    "bot-112": 3,
    "bot-49": 1,
    "bot-41": 3,
    "bot-115": 1,
    "not bot": 2,
    "bot-61": 3,
    "bot-107": 3,
    "bot-73": 4,
    "root": 3,
    "bloom": 2,
    "bot-38": 3,
    "bot-103": 4,
    "bot-76": 2,
    "bot-31": 1,
    "bot-136": 1,
    "bot-104": 1,
    "bot-119": 1,
    "bot": 2,
    "bot-54": 1,
    "bot-140": 5,
    "bot-96": 1,
    "rosie": 2,
    "flower": 2,
    "bot-85": 1,
    "bot-94": 2,
    "bot-25": 2,
    "bot-86": 1,
    "bot-105": 2,
    "bot-22": 2,
    "bot-126": 2,
    "bot-66": 1,
    "bot-69": 1,
    "leafy": 1,
    "bot-64": 1,
    "bot-91": 2,
    "bot-23": 1,
    "bot-62": 1,
    "bot-102": 4,
    "bot-137": 2,
    "bot-36": 1,
    "bot-51": 1,
    "bot-35": 1,
    "bot-145": 1,
    "bot-48": 1,
    "bot-67": 1,
    "petalpop": 1,
    "bot-139": 1,
    "bot-79": 1,
    "sussy": 1
  },
  "loadout_history": {
    "0": 1130,
    "1": 947,
    "24": 15,
    "19": 3,
    "29": 2,
    "9": 12,
    "14": 16,
    "5": 20,
    "25": 2,
    "15": 14,
    "79": 4,
    "35": 3,
    "168": 1,
    "26": 3,
    "20": 1,
    "49": 3,
    "6": 15,
    "7": 5,
    "11": 6,
    "45": 2,
    "34": 4,
    "116": 2,
    "18": 8,
    "10": 3,
    "93": 1,
    "28": 3,
    "55": 1,
    "62": 1,
    "21": 1,
    "123": 1,
    "33": 1,
    "48": 1,
    "61": 1,
    "27": 2,
    "46": 1,
    "183": 1,
    "16": 2,
    "22": 1,
    "13": 2,
    "12": 2,
    "32": 1,
    "86": 1,
    "108": 1,
    "180": 1,
    "68": 1
  }
}