{
  "schema": 1,
  "name": "bot-75",
  "first_seen": 1778543133.499709,
  "last_seen": 1778718314.402814,
  "episodes": 1266,
  "score_total": 182789,
  "score_best": 6532,
  "best_loadout": [
    0,
    0,
    0,
    0,
    0,
    0,
    0,
    0
  ],
  "killed_by": {
    "Hornet": 303,
    "bot-39": 1,
    "bot-62": 1,
    "Spider": 38,
    "Mantis": 94,
    "bot-32": 2,
    "Wasp": 232,
    "Beetle": 44,
    "bot-49": 4,
    "bot-83": 2,
    "bot-80": 1,
    "Cactus": 67,
    "bot-60": 2,
    "Desert Centipede": 13,
    "Sandstorm": 17,
    "bot-25": 1,
    "bot-137": 2,
    "Evil Centipede": 14,
    "bot-85": 2,
    "bot-149": 3,
    "Centipede": 40,
    "bot-58": 1,
    "Bee": 87,
    "Scorpion": 6,
    "Leafbug": 21,
    "67": 2,
    "Ladybug": 64,
    "bot-26": 3,
    "bot-143": 1,
    "bot-132": 1,
    "Worker Ant": 6,
    "bot-108": 1,
    "bot-135": 3,
    "Baby Ant": 3,
    "Rock": 6,
    "bot-68": 2,
    "bot-81": 1,
    "bot-63": 4,
    "leafy": 3,
    "bot-103": 2,
    "bot-113": 4,
    "bot-109": 3,
    "bot-70": 3,
    "bot-145": 2,
    "bot-90": 4,
    "bot-46": 1,
    "bot-89": 2,
    "bot-31": 1,
    "bot-147": 2,
    "bot-133": 3,
    "bot-130": 1,
    "bot-141": 1,
    "bot-115": 1,
    "bot-57": 1,
    "bot-38": 3,
    "bot-72": 2,
    "bot-66": 2,
    "Bush": 23,
    "bot-98": 3,
    "bot-101": 2,
    "bot-102": 1,
    "aa": 1,
    "bot-120": 2,
    "bot-127": 1,
    "petalpop": 3,
    "bot-82": 1,
    "bot-74": 2,
    "bot-61": 2,
    "bot-30": 3,
    "bot-148": 1,
    "bot-40": 2,
    "bot-71": 3,
    "bot-35": 1,
    "bot-128": 1,
    "bot-140": 2,
    "bot-64": 3,
    "bot-96": 2,
    "Soldier Ant": 2,
    "not bot": 3,
    "bot-23": 1,
    "bot-24": 1,
    "thorny": 2,
    "bot": 2,
    "flower": 2,
    "bot-77": 1,
    "bot-93": 1,
    "bot-110": 3,
    "bot-138": 1,
    "bot-73": 1,
    "bot-106": 6,
    "hello": 3,
    "bot-41": 2,
    "bot-34": 1,
    "bloom": 1,
    "a": 1,
    "prickly": 2,
    "bot-97": 3,
    "bot-122": 1,
    "blossom": 1,
    "bot-131": 1,
    "bot-139": 2,
    "bot-67": 1,
    "bot-51": 1,
    "bot-47": 1,
    "root": 2,
    "bot-104": 1,
    "bot-84": 1,
    "bot-91": 1,
    "bot-55": 1,
    "bot-124": 1,
    "bot-121": 2,
    "bot-53": 1,
    "sussy": 1,
    "bot-134": 1,
    "bot-27": 1
  },
  "loadout_history": {
    "0": 1058,
    "1": 883,
    "14": 23,
    "24": 15,
    "5": 18,
    "18": 5,
    "15": 14,
    "12": 3,
    "69": 1,
    "79": 3,
    "39": 2,
    "19": 1,
    "51": 3,
    "116": 3,
    "16": 3,
    "10": 5,
    "6": 10,
    "35": 6,
    "25": 4,
    "11": 8,
    "181": 1,
    "9": 6,
    "7": 4,
    "29": 3,
    "117": 3,
    "34": 2,
    "167": 2,
    "54": 3,
    "20": 3,
    "60": 2,
    "83": 3,
    "48": 1,
    "28": 1,
    "30": 3,
    "68": 1,
    "46": 1,
    "32": 1,
    "17": 1,
    "33": 2,
    "21": 1,
    "27": 1,
    "13": 1,
    "86": 1
  }
}