{
  "schema": 1,
  "name": "bot-142",
  "first_seen": 1778543492.261076,
  "last_seen": 1779316745.315309,
  "episodes": 1403,
  "score_total": 188277,
  "score_best": 5806,
  "best_loadout": [
    0,
    0,
    12,
    0,
    0,
    0,
    0
  ],
  "killed_by": {
    "Beetle": 74,
    "Hornet": 361,
    "Evil Centipede": 18,
    "Mantis": 108,
    "Bee": 87,
    "Wasp": 243,
    "Scorpion": 5,
    "Bush": 14,
    "bot-140": 1,
    "bot-23": 2,
    "Sandstorm": 21,
    "Cactus": 84,
    "bot-30": 1,
    "bot-61": 2,
    "bot-67": 2,
    "gardn": 1,
    "bot-81": 2,
    "bot-102": 1,
    "Ladybug": 57,
    "Centipede": 34,
    "not bot": 2,
    "bot-139": 3,
    "bot-48": 2,
    "bot-24": 1,
    "Leafbug": 22,
    "Spider": 35,
    "Soldier Ant": 14,
    "bot-101": 1,
    "bot-79": 1,
    "Desert Centipede": 22,
    "bot-74": 6,
    "bot-78": 1,
    "Baby Ant": 5,
    "bot-56": 2,
    "bot-144": 3,
    "Worker Ant": 2,
    "bot-26": 2,
    "bot-116": 3,
    "bot-114": 1,
    "bot": 5,
    "thorn": 3,
    "bot-97": 2,
    "bot-50": 3,
    "bot-113": 1,
    "bot-84": 5,
    "petalpop": 1,
    "bot-47": 2,
    "bot-75": 2,
    "root": 1,
    "bot-89": 1,
    "bot-127": 2,
    "blossom-v2": 1,
    "bot-123": 2,
    "bot-99": 1,
    "bot-91": 1,
    "bot-80": 1,
    "bot-55": 1,
    "bot-121": 1,
    "bot-134": 6,
    "bot-149": 1,
    "bot-115": 1,
    "bot-33": 1,
    "bot-120": 2,
    "bot-38": 2,
    "bot-59": 2,
    "bot-57": 4,
    "bot-37": 2,
    "Rock": 9,
    "bot-133": 3,
    "bot-49": 1,
    "bot-96": 1,
    "bot-148": 2,
    "bot-129": 1,
    "bloom": 1,
    "bot-147": 1,
    "bot-73": 1,
    "bot-88": 1,
    "bot-119": 1,
    "bot-72": 1,
    "bot-76": 1,
    "bot-32": 2,
    "bot-87": 2,
    "florrio": 1,
    "bot-62": 1,
    "bot-107": 2,
    "thornbloom": 3,
    "bot-94": 1,
    "bot-42": 2,
    "bot-105": 2,
    "bot-104": 1,
    "bot-122": 1,
    "bot-39": 3,
    "bot-110": 1,
    "leafy": 1,
    "bot-29": 1,
    "bot-64": 1,
    "bot-54": 1,
    "blossom": 1,
    "bot-82": 1,
    "bot-138": 1,
    "bot-44": 1,
    "bot-117": 1,
    "a": 1,
    "bot-137": 1,
    "bot-46": 1,
    "bot-65": 1,
    "bot-70": 7,
    "bot-71": 1,
    "bloomy": 1,
    "bot-135": 2,
    "bot-27": 2,
    "bot-125": 1,
    "bot-90": 1,
    "bot-98": 1,
    "flower": 1,
    "bot-131": 2,
    "rosie": 1,
    "bot-43": 1
  },
  "loadout_history": {
    "0": 1223,
    "1": 983,
    "14": 12,
    "45": 1,
    "5": 25,
    "167": 5,
    "25": 5,
    "35": 5,
    "58": 4,
    "15": 13,
    "24": 15,
    "7": 2,
    "18": 11,
    "9": 16,
    "11": 5,
    "33": 2,
    "6": 3,
    "29": 4,
    "26": 2,
    "19": 3,
    "10": 11,
    "28": 9,
    "16": 3,
    "12": 2,
    "79": 6,
    "22": 1,
    "118": 1,
    "23": 4,
    "181": 1,
    "48": 1,
    "206": 1,
    "60": 2,
    "46": 1,
    "32": 1,
    "36": 1,
    "30": 1,
    "116": 2,
    "49": 4,
    "180": 1,
    "168": 3,
    "17": 1,
    "34": 2,
    "40": 4,
    "73": 1,
    "39": 1,
    "117": 1,
    "80": 1,
    "38": 1,
    "50": 1,
    "204": 1
  }
}