{
  "schema": 1,
  "name": "bot-146",
  "first_seen": 1778543136.504431,
  "last_seen": 1779316750.055897,
  "episodes": 1379,
  "score_total": 230725,
  "score_best": 11400,
  "best_loadout": [
    0,
    0,
    0,
    0,
    0,
    0,
    0,
    0
  ],
  "killed_by": {
    "Hornet": 356,
    "Scorpion": 9,
    "Wasp": 249,
    "Ladybug": 46,
    "Mantis": 120,
    "bot-112": 2,
    "Beetle": 76,
    "Bush": 16,
    "Bee": 96,
    "Evil Centipede": 15,
    "bot-121": 1,
    "Cactus": 60,
    "Leafbug": 17,
    "Centipede": 36,
    "bot-42": 1,
    "Spider": 36,
    "bot-70": 1,
    "thornbloom": 4,
    "petalpop": 2,
    "bot-135": 2,
    "bot-96": 2,
    "bot-65": 3,
    "bot-117": 4,
    "bot-71": 2,
    "bot-141": 3,
    "Desert Centipede": 15,
    "Rock": 15,
    "bot-83": 1,
    "bot-107": 2,
    "blossom-v2": 1,
    "bloomy": 4,
    "bot-98": 2,
    "bot-35": 2,
    "bot-93": 2,
    "Worker Ant": 7,
    "bot-115": 3,
    "bot-25": 3,
    "bot-52": 2,
    "bot-33": 1,
    "bot-102": 2,
    "Sandstorm": 13,
    "67": 1,
    "bot-137": 1,
    "bot-45": 1,
    "bot-106": 1,
    "bot-76": 1,
    "bot-74": 1,
    "bot-40": 1,
    "bot-84": 1,
    "bot-27": 2,
    "bot-30": 4,
    "bot-66": 1,
    "bot-95": 2,
    "bot-104": 5,
    "flower": 2,
    "bot-46": 2,
    "bot-36": 2,
    "root": 1,
    "bot-92": 2,
    "not bot": 2,
    "bot-32": 3,
    "bot-119": 2,
    "blossom": 2,
    "bot-145": 1,
    "bot-81": 1,
    "bot-59": 1,
    "bot-34": 1,
    "zorr": 2,
    "bot-127": 1,
    "bot-131": 1,
    "bot-68": 2,
    "bot-72": 2,
    "bot-136": 3,
    "bot-26": 2,
    "bot-22": 3,
    "bot-29": 1,
    "bot-60": 2,
    "bot-142": 1,
    "bot-124": 2,
    "a": 1,
    "bot-82": 3,
    "bot-100": 2,
    "bot-139": 3,
    "Baby Ant": 3,
    "bot-147": 2,
    "bot-99": 3,
    "bot-77": 2,
    "bot-78": 2,
    "leafy": 1,
    "bot-80": 1,
    "bot-51": 1,
    "bot-123": 1,
    "bot-54": 1,
    "bot-94": 1,
    "bot-44": 1,
    "bot-67": 2,
    "bot-73": 1,
    "bot-64": 2,
    "bot-130": 2,
    "bot-101": 1,
    "bot-140": 1,
    "thorny": 1,
    "bot-138": 1,
    "bot-61": 1,
    "bot-31": 1,
    "bot": 1,
    "bot-103": 1,
    "Soldier Ant": 10,
    "thorn": 1,
    "Boulder": 1,
    "bot-148": 1
  },
  "loadout_history": {
    "0": 1211,
    "1": 933,
    "5": 25,
    "10": 9,
    "28": 8,
    "79": 3,
    "18": 15,
    "19": 8,
    "15": 14,
    "167": 2,
    "35": 3,
    "9": 13,
    "23": 4,
    "51": 5,
    "29": 7,
    "20": 4,
    "7": 7,
    "68": 3,
    "14": 23,
    "12": 3,
    "25": 4,
    "24": 11,
    "56": 2,
    "204": 1,
    "21": 3,
    "69": 2,
    "30": 1,
    "107": 2,
    "13": 1,
    "6": 6,
    "37": 2,
    "39": 2,
    "46": 4,
    "17": 1,
    "26": 1,
    "60": 1,
    "16": 5,
    "92": 1,
    "33": 2,
    "47": 1,
    "34": 4,
    "207": 1,
    "205": 1,
    "8": 1,
    "11": 1,
    "116": 2,
    "135": 1,
    "54": 1,
    "41": 2,
    "31": 1,
    "73": 1,
    "50": 2
  }
}