{
  "schema": 1,
  "name": "bot-118",
  "first_seen": 1778364743.2131178,
  "last_seen": 1778548792.145629,
  "episodes": 41,
  "score_total": 1062,
  "score_best": 129,
  "best_loadout": [
    1,
    0,
    0,
    0,
    1
  ],
  "killed_by": {
    "Baby Ant": 1,
    "bot-208": 1,
    "Hornet": 8,
    "Ladybug": 3,
    "Cactus": 1,
    "Bee": 1,
    "Beetle": 4,
    "67": 1,
    "Mantis": 2,
    "bot-61": 1,
    "Wasp": 5,
    "bot-74": 1,
    "bot-79": 1
  },
  "loadout_history": {
    "0": 37,
    "1": 34,
    "34": 1,
    "9": 3,
    "14": 2,
    "6": 1,
    "15": 1,
    "75": 1,
    "25": 1
  }
}