{
  "schema": 1,
  "name": "bot-29",
  "first_seen": 1778543092.142805,
  "last_seen": 1778713165.162623,
  "episodes": 1173,
  "score_total": 174048,
  "score_best": 5462,
  "best_loadout": [
    0,
    0,
    1,
    0,
    1,
    0,
    0
  ],
  "killed_by": {
    "Sandstorm": 11,
    "Hornet": 264,
    "Beetle": 45,
    "bot-47": 4,
    "bot-75": 1,
    "Wasp": 216,
    "Scorpion": 7,
    "Evil Centipede": 6,
    "bot-141": 1,
    "bot-80": 3,
    "Leafbug": 20,
    "bot-67": 3,
    "Mantis": 109,
    "Bee": 94,
    "Cactus": 79,
    "Ladybug": 60,
    "bot-115": 2,
    "petalpop": 2,
    "bot-35": 1,
    "bot-59": 1,
    "bot-106": 3,
    "bot-62": 1,
    "bot-98": 1,
    "bot-55": 2,
    "bot-105": 2,
    "Centipede": 24,
    "Spider": 31,
    "Rock": 20,
    "Desert Centipede": 5,
    "bot-70": 1,
    "bot-66": 2,
    "Bush": 12,
    "bot-77": 2,
    "bot-63": 3,
    "bot-118": 2,
    "bot-135": 1,
    "bot-137": 2,
    "bot-89": 3,
    "bot-91": 7,
    "Worker Ant": 4,
    "bot-122": 1,
    "bot-50": 2,
    "bot-53": 1,
    "bot-138": 1,
    "bot-65": 1,
    "bot-88": 2,
    "bot-111": 1,
    "bot-30": 2,
    "thorny": 1,
    "bot-85": 1,
    "bot-40": 4,
    "bot-124": 1,
    "bot-25": 3,
    "bot-92": 2,
    "flower": 1,
    "bot-72": 2,
    "bot-64": 3,
    "thornbloom": 1,
    "bloom": 2,
    "bot-54": 1,
    "bot-37": 2,
    "hello": 1,
    "bot-101": 1,
    "bot-126": 2,
    "bot-133": 1,
    "bot-144": 1,
    "bot-24": 1,
    "not bot": 2,
    "bot-71": 2,
    "bot-36": 2,
    "bot-58": 2,
    "bot-34": 1,
    "bot-22": 2,
    "bot-39": 1,
    "bot-97": 1,
    "bot-93": 2,
    "bot-139": 3,
    "bot-90": 2,
    "bot-43": 1,
    "bot-146": 2,
    "bot-61": 1,
    "bot-95": 2,
    "bot-103": 2,
    "bot-38": 2,
    "bot-51": 1,
    "bot-147": 1,
    "bot-31": 1,
    "bot-108": 1,
    "bot-116": 2,
    "bot-99": 1,
    "bot-87": 1,
    "bot-32": 1,
    "bot-68": 1,
    "bot-52": 1,
    "bot-140": 2,
    "bot-120": 1,
    "bot-48": 1,
    "bot-56": 1,
    "bot-110": 1,
    "bot-109": 1,
    "bot-112": 1,
    "bot-129": 1,
    "bot-130": 1,
    "bot": 4,
    "bot-41": 1,
    "bot-79": 1,
    "bot-134": 1,
    "bot-83": 1,
    "bot-136": 1,
    "bot-104": 1,
    "bot-26": 1,
    "bot-149": 1
  },
  "loadout_history": {
    "0": 1002,
    "1": 818,
    "18": 7,
    "28": 4,
    "14": 18,
    "58": 2,
    "11": 4,
    "5": 15,
    "24": 7,
    "167": 4,
    "9": 6,
    "79": 3,
    "46": 2,
    "51": 2,
    "116": 2,
    "15": 12,
    "25": 5,
    "30": 2,
    "23": 2,
    "6": 7,
    "19": 3,
    "10": 5,
    "16": 4,
    "34": 3,
    "36": 1,
    "13": 2,
    "83": 1,
    "32": 1,
    "35": 4,
    "17": 2,
    "48": 1,
    "12": 1,
    "49": 1,
    "29": 1,
    "27": 2,
    "26": 1,
    "7": 1,
    "8": 1
  }
}