{
  "schema": 1,
  "name": "bot-34",
  "first_seen": 1778543100.295371,
  "last_seen": 1778638786.68854,
  "episodes": 583,
  "score_total": 82765,
  "score_best": 5506,
  "best_loadout": [
    1,
    1,
    0,
    1,
    0,
    0,
    0
  ],
  "killed_by": {
    "bot-100": 2,
    "Cactus": 35,
    "Wasp": 96,
    "Hornet": 145,
    "Mantis": 52,
    "bot-96": 2,
    "thorny": 3,
    "Beetle": 22,
    "Bee": 41,
    "Spider": 12,
    "bot-147": 1,
    "bot-107": 1,
    "bot-40": 2,
    "bot-31": 1,
    "Centipede": 10,
    "bot-56": 1,
    "Evil Centipede": 2,
    "bot-28": 2,
    "bot-124": 1,
    "bot": 1,
    "Ladybug": 28,
    "zorr": 2,
    "Rock": 14,
    "Sandstorm": 7,
    "Bush": 5,
    "not bot": 1,
    "bot-33": 4,
    "Leafbug": 11,
    "bot-141": 1,
    "bot-54": 1,
    "Scorpion": 3,
    "bot-92": 2,
    "bot-58": 1,
    "Desert Centipede": 4,
    "bot-55": 1,
    "bot-116": 1,
    "bot-50": 1,
    "bot-29": 1,
    "bot-89": 3,
    "bot-71": 2,
    "prickly": 3,
    "bot-145": 1,
    "bot-76": 1,
    "bot-119": 1,
    "bot-85": 1,
    "bot-106": 1,
    "petalpop": 1,
    "bot-108": 1,
    "bot-148": 2,
    "Worker Ant": 2,
    "bot-142": 1,
    "bot-57": 1,
    "bot-123": 1,
    "bot-46": 4,
    "blossom": 2,
    "bot-65": 1,
    "bot-87": 1,
    "bot-134": 1,
    "root": 1,
    "bot-113": 4,
    "bot-75": 1,
    "67": 4,
    "bot-146": 1,
    "bot-149": 2,
    "Baby Ant": 1,
    "bot-79": 2,
    "bot-30": 1,
    "bot-133": 1,
    "bot-66": 1
  },
  "loadout_history": {
    "0": 485,
    "1": 407,
    "14": 8,
    "49": 1,
    "28": 2,
    "5": 9,
    "24": 6,
    "25": 5,
    "9": 5,
    "6": 3,
    "23": 1,
    "47": 2,
    "34": 3,
    "10": 2,
    "51": 1,
    "19": 1,
    "15": 4,
    "62": 1,
    "84": 2,
    "16": 1,
    "8": 1,
    "26": 1,
    "35": 3,
    "18": 2,
    "11": 2,
    "17": 2,
    "29": 1,
    "169": 1,
    "7": 1
  }
}