{
  "schema": 1,
  "name": "bot-87",
  "first_seen": 1778543145.8908741,
  "last_seen": 1778713171.490176,
  "episodes": 1159,
  "score_total": 198591,
  "score_best": 10089,
  "best_loadout": [
    0,
    0,
    0,
    0,
    0,
    0,
    0,
    0
  ],
  "killed_by": {
    "Wasp": 195,
    "aa": 6,
    "Mantis": 115,
    "Hornet": 270,
    "bot-94": 3,
    "Bee": 92,
    "Desert Centipede": 5,
    "Evil Centipede": 12,
    "Beetle": 29,
    "Cactus": 70,
    "bot-121": 1,
    "bot-28": 2,
    "prickly": 2,
    "bot-84": 2,
    "Centipede": 24,
    "bot-118": 2,
    "Ladybug": 39,
    "Leafbug": 30,
    "blossom": 1,
    "Scorpion": 7,
    "Spider": 27,
    "Bush": 16,
    "bot-60": 1,
    "bot-145": 1,
    "Soldier Ant": 3,
    "bot-31": 1,
    "bot-86": 1,
    "Sandstorm": 17,
    "Baby Ant": 5,
    "bot-96": 1,
    "bot-142": 2,
    "bot-23": 2,
    "bot-56": 2,
    "bot-93": 1,
    "bot-138": 1,
    "bot-146": 1,
    "bot-119": 2,
    "bot-67": 2,
    "Worker Ant": 7,
    "Rock": 20,
    "bot-107": 3,
    "bot-128": 2,
    "bot-26": 2,
    "bot-104": 1,
    "bot-140": 2,
    "bot-91": 5,
    "thorny": 6,
    "bot-88": 3,
    "bot-22": 2,
    "bot-149": 1,
    "florrio": 1,
    "bot-117": 1,
    "bot-101": 2,
    "bot-73": 3,
    "bot-106": 2,
    "bot-98": 2,
    "bot-44": 1,
    "bot-147": 3,
    "petalpop": 4,
    "bot-57": 1,
    "bot-36": 1,
    "rosie": 2,
    "bot-148": 2,
    "bot-77": 3,
    "bot-137": 3,
    "bot-76": 6,
    "bot-82": 3,
    "bot-47": 3,
    "bot-29": 1,
    "bot-139": 1,
    "bot-130": 2,
    "bot-79": 1,
    "Queen Ant": 2,
    "bot-133": 1,
    "bot-54": 2,
    "bot-141": 1,
    "bot-71": 3,
    "bot-100": 3,
    "thornbloom": 1,
    "bot-83": 2,
    "bot-53": 3,
    "bot-24": 4,
    "bot-52": 2,
    "bot-99": 1,
    "bot-124": 1,
    "bot-70": 1,
    "blossom-v2": 1,
    "bot-89": 3,
    "bot-134": 1,
    "bot-65": 1,
    "bot-27": 1,
    "bot-115": 1,
    "bot-113": 1,
    "bot-111": 1,
    "bot-35": 1,
    "flower": 2,
    "bot-143": 1,
    "bot-69": 1,
    "thorn": 1,
    "bot-85": 1,
    "bot-127": 2,
    "bot-50": 1,
    "bot-40": 1,
    "bot-75": 1,
    "bot-92": 1,
    "bot-123": 1
  },
  "loadout_history": {
    "0": 970,
    "1": 806,
    "51": 2,
    "69": 1,
    "14": 18,
    "9": 8,
    "25": 7,
    "15": 6,
    "49": 1,
    "6": 8,
    "17": 3,
    "18": 4,
    "167": 1,
    "26": 3,
    "20": 2,
    "10": 8,
    "24": 9,
    "5": 12,
    "47": 1,
    "8": 3,
    "34": 1,
    "79": 2,
    "7": 3,
    "35": 5,
    "12": 2,
    "11": 4,
    "27": 2,
    "23": 2,
    "19": 4,
    "46": 1,
    "63": 1,
    "28": 3,
    "58": 1,
    "16": 1,
    "118": 1,
    "75": 1,
    "68": 1,
    "170": 1,
    "56": 1,
    "21": 1,
    "48": 1,
    "54": 1,
    "36": 1,
    "136": 1
  }
}