{
  "schema": 1,
  "name": "bot-106",
  "first_seen": 1778364741.472102,
  "last_seen": 1778624255.829461,
  "episodes": 536,
  "score_total": 75736,
  "score_best": 5167,
  "best_loadout": [
    0,
    0,
    0,
    0,
    0,
    0,
    0
  ],
  "killed_by": {
    "Spider": 22,
    "Hornet": 134,
    "Bee": 34,
    "Cactus": 42,
    "Beetle": 29,
    "bot-502": 1,
    "bot-105": 3,
    "Soldier Ant": 2,
    "bot-301": 1,
    "bot-104": 1,
    "bot-501": 3,
    "Centipede": 17,
    "Worker Ant": 4,
    "bot-504": 2,
    "Ladybug": 19,
    "Desert Centipede": 2,
    "Mantis": 45,
    "Wasp": 97,
    "bot-114": 2,
    "bot-90": 3,
    "hello": 1,
    "zorr": 1,
    "bot-113": 2,
    "bot-82": 2,
    "Evil Centipede": 4,
    "bot-41": 1,
    "leafy": 2,
    "bot-60": 2,
    "Rock": 2,
    "Bush": 4,
    "bot-77": 2,
    "bot-33": 1,
    "bot-111": 1,
    "blossom": 1,
    "florrio": 1,
    "bot-101": 2,
    "bot-136": 1,
    "bot-29": 1,
    "bot-125": 1,
    "bot-95": 1,
    "petalpop": 1,
    "Scorpion": 2,
    "bot-94": 1,
    "Leafbug": 1,
    "bot-79": 2,
    "bot-140": 1,
    "bot-112": 1,
    "bot-69": 1,
    "bot-126": 1,
    "bot-86": 1,
    "gardn": 1,
    "bot-52": 1,
    "bot-66": 1,
    "bot-129": 1,
    "bot-100": 1,
    "bot-50": 1,
    "bot-102": 1,
    "bot-121": 1,
    "bot-31": 3,
    "bot-144": 1
  },
  "loadout_history": {
    "0": 481,
    "1": 368,
    "14": 11,
    "9": 4,
    "5": 8,
    "18": 2,
    "15": 5,
    "79": 3,
    "19": 3,
    "24": 4,
    "10": 4,
    "34": 3,
    "68": 1,
    "116": 1,
    "7": 2,
    "167": 1,
    "6": 5,
    "48": 1,
    "84": 1,
    "31": 1,
    "35": 1,
    "36": 2,
    "49": 1,
    "13": 1,
    "25": 1,
    "51": 1,
    "29": 1
  }
}