{
  "schema": 1,
  "name": "bot-42",
  "first_seen": 1778543102.0895848,
  "last_seen": 1778624268.2266839,
  "episodes": 470,
  "score_total": 74843,
  "score_best": 7979,
  "best_loadout": [
    0,
    0,
    0,
    0,
    0,
    0,
    0,
    0
  ],
  "killed_by": {
    "Hornet": 121,
    "Wasp": 95,
    "Beetle": 10,
    "Leafbug": 4,
    "Mantis": 40,
    "Cactus": 26,
    "bot-72": 2,
    "bot-84": 2,
    "Bee": 37,
    "Sandstorm": 10,
    "bot-130": 1,
    "bot-81": 1,
    "bot-129": 2,
    "Ladybug": 14,
    "root": 1,
    "bot-34": 1,
    "rosie": 2,
    "bot-94": 1,
    "bot-79": 1,
    "bot-82": 2,
    "Evil Centipede": 4,
    "Spider": 9,
    "Centipede": 17,
    "bloomy": 1,
    "bot-101": 1,
    "Baby Ant": 1,
    "bot-99": 3,
    "bot-102": 1,
    "bot-60": 1,
    "bot-76": 1,
    "flower": 1,
    "bot-89": 1,
    "bot-51": 1,
    "leafy": 1,
    "bot-31": 6,
    "bot-139": 1,
    "bot": 1,
    "bot-87": 1,
    "bot-32": 1,
    "bot-71": 1,
    "bot-141": 1,
    "bot-148": 1,
    "bot-114": 1,
    "bot-53": 1,
    "bot-119": 1,
    "bot-26": 1,
    "bot-22": 1,
    "bot-38": 1,
    "hello": 1,
    "Rock": 3,
    "bot-58": 1,
    "bot-123": 1,
    "Worker Ant": 1,
    "bot-142": 1,
    "bot-113": 2,
    "Scorpion": 1,
    "Bush": 5,
    "bot-88": 1,
    "bot-126": 1,
    "bot-122": 1,
    "bot-125": 1,
    "bot-44": 1,
    "bot-143": 1
  },
  "loadout_history": {
    "0": 404,
    "1": 311,
    "14": 6,
    "5": 7,
    "6": 3,
    "167": 3,
    "24": 7,
    "46": 2,
    "15": 4,
    "10": 3,
    "29": 3,
    "34": 1,
    "69": 1,
    "35": 1,
    "9": 2,
    "7": 1,
    "18": 4,
    "31": 1,
    "12": 3,
    "178": 1,
    "26": 1,
    "16": 1,
    "25": 1,
    "23": 1,
    "84": 1
  }
}