{
  "schema": 1,
  "name": "bot-ojtd",
  "first_seen": 1778124101.045824,
  "last_seen": 1778126285.003455,
  "episodes": 24,
  "score_total": 990,
  "score_best": 91,
  "best_loadout": [
    10,
    41,
    18,
    14,
    24
  ],
  "killed_by": {
    "gardn": 2,
    "bot-emdl": 1,
    "bot-bfcl": 1,
    "not bot": 1,
    "thorn": 1,
    "bot-qusm": 2,
    "blossom": 2,
    "Bee": 2,
    "bot-jpeh": 1,
    "Hornet": 6,
    "bot-kfbj": 1,
    "bot-rrus": 1
  },
  "loadout_history": {
    "1": 17,
    "41": 3,
    "35": 1,
    "61": 1,
    "19": 1,
    "23": 1,
    "24": 5,
    "18": 6,
    "40": 1,
    "50": 1,
    "30": 1,
    "55": 1,
    "9": 2,
    "14": 2,
    "28": 3,
    "10": 3,
    "26": 2,
    "6": 1,
    "42": 1,
    "39": 1,
    "11": 1
  }
}