{
  "schema": 1,
  "name": "bot-btkc",
  "first_seen": 1778215551.985056,
  "last_seen": 1778218189.296395,
  "episodes": 64,
  "score_total": 5747,
  "score_best": 1063,
  "best_loadout": [
    27,
    0,
    0,
    1,
    0,
    0
  ],
  "killed_by": {
    "Hornet": 36,
    "gardn": 3,
    "Centipede": 2,
    "Ladybug": 3,
    "bot-cvju": 2,
    "Bee": 3,
    "Spider": 2,
    "Soldier Ant": 2,
    "a": 1,
    "67": 2,
    "bot-kqmz": 2,
    "aa": 1,
    "Beetle": 1,
    "Rock": 1,
    "petalpop": 1,
    "bot-kktz": 1
  },
  "loadout_history": {
    "0": 62,
    "41": 3,
    "5": 5,
    "1": 47,
    "16": 1,
    "18": 2,
    "23": 4,
    "27": 2,
    "14": 4,
    "33": 1,
    "40": 5,
    "52": 1,
    "15": 1,
    "34": 4,
    "9": 5,
    "32": 1,
    "25": 1,
    "77": 1,
    "24": 2,
    "35": 1,
    "12": 1,
    "42": 1,
    "55": 1,
    "61": 1
  }
}