{
  "schema": 1,
  "name": "bot-122",
  "first_seen": 1778543128.354353,
  "last_seen": 1778556701.366733,
  "episodes": 57,
  "score_total": 2479,
  "score_best": 280,
  "best_loadout": [
    0,
    0,
    0,
    0,
    1,
    0
  ],
  "killed_by": {
    "Hornet": 15,
    "Wasp": 10,
    "bot-143": 1,
    "Bee": 6,
    "thorny": 1,
    "Mantis": 6,
    "Ladybug": 2,
    "bot-38": 1,
    "Beetle": 3,
    "Sandstorm": 1,
    "bot-101": 1,
    "Evil Centipede": 1,
    "Rock": 1
  },
  "loadout_history": {
    "0": 52,
    "1": 41,
    "9": 4,
    "167": 1,
    "10": 3,
    "6": 3,
    "18": 3,
    "69": 1,
    "34": 1,
    "15": 2,
    "35": 2,
    "14": 2,
    "24": 1,
    "116": 1
  }
}