{
  "schema": 1,
  "name": "bot-24",
  "first_seen": 1778543184.8603032,
  "last_seen": 1778731802.696755,
  "episodes": 1254,
  "score_total": 180781,
  "score_best": 7527,
  "best_loadout": [
    0,
    0,
    0,
    0,
    0,
    0,
    0,
    0
  ],
  "killed_by": {
    "Hornet": 265,
    "bot-148": 1,
    "Bee": 103,
    "Wasp": 238,
    "Mantis": 112,
    "bot-103": 2,
    "Spider": 29,
    "bot-132": 5,
    "Sandstorm": 19,
    "Cactus": 75,
    "Beetle": 48,
    "bot-100": 1,
    "bot-59": 1,
    "bot-73": 3,
    "bot-31": 3,
    "Desert Centipede": 7,
    "Ladybug": 54,
    "bloom": 1,
    "Rock": 13,
    "bot-76": 3,
    "bot-113": 2,
    "Scorpion": 5,
    "bot-93": 7,
    "Evil Centipede": 17,
    "Centipede": 37,
    "bot-56": 1,
    "bot-90": 1,
    "bot-39": 5,
    "bot-116": 4,
    "Leafbug": 14,
    "Bush": 12,
    "bot-71": 1,
    "bot-125": 4,
    "bot-33": 3,
    "bot-50": 2,
    "bot-80": 1,
    "petalpop": 3,
    "bot-35": 5,
    "Baby Ant": 3,
    "florrio": 1,
    "bot-105": 3,
    "bot-82": 1,
    "bot-84": 3,
    "bot-53": 4,
    "hello": 4,
    "bot-43": 1,
    "bot-47": 1,
    "bot-81": 2,
    "bot-38": 2,
    "bot-34": 1,
    "bot-54": 2,
    "bot-143": 1,
    "bot-131": 1,
    "bot-108": 1,
    "bot-26": 1,
    "Soldier Ant": 1,
    "bot-95": 1,
    "bot-98": 1,
    "bot-146": 1,
    "bot-69": 1,
    "bot-67": 2,
    "bot-78": 1,
    "bot-91": 1,
    "bot-92": 1,
    "bot-117": 1,
    "bot-109": 1,
    "bot-55": 1,
    "bot-102": 6,
    "bot-106": 1,
    "bot-110": 2,
    "bot": 3,
    "bot-46": 1,
    "bot-140": 1,
    "bot-129": 2,
    "blossom": 1,
    "bot-137": 1,
    "bot-111": 1,
    "bot-87": 1,
    "bot-60": 1,
    "bot-136": 1,
    "bot-96": 2,
    "bot-51": 1,
    "bot-86": 1,
    "bot-147": 1,
    "bot-23": 4,
    "bot-65": 2,
    "bot-68": 1,
    "bot-97": 1,
    "bot-30": 3,
    "aa": 1,
    "bot-134": 1,
    "bot-128": 2,
    "bot-22": 1,
    "bot-124": 1,
    "bot-99": 1,
    "a": 1,
    "bot-58": 3,
    "bot-94": 1,
    "bot-75": 1,
    "leafy": 1,
    "bot-28": 1,
    "bot-88": 1,
    "bot-70": 1,
    "bot-139": 2,
    "bot-64": 1,
    "Worker Ant": 1,
    "bot-32": 1,
    "bot-29": 1,
    "bot-130": 1,
    "thorny": 1,
    "bot-25": 1,
    "zorr": 1,
    "bot-41": 2,
    "bot-126": 2,
    "bot-107": 2,
    "bot-77": 1,
    "bot-49": 1,
    "bot-112": 1
  },
  "loadout_history": {
    "0": 1059,
    "1": 875,
    "19": 6,
    "28": 2,
    "9": 12,
    "5": 20,
    "24": 13,
    "167": 10,
    "14": 20,
    "18": 10,
    "79": 2,
    "6": 14,
    "10": 8,
    "135": 1,
    "169": 1,
    "34": 3,
    "15": 10,
    "27": 1,
    "48": 3,
    "92": 1,
    "137": 1,
    "29": 2,
    "49": 1,
    "83": 2,
    "25": 2,
    "16": 2,
    "54": 1,
    "21": 4,
    "12": 1,
    "37": 1,
    "7": 3,
    "51": 1,
    "75": 1,
    "8": 2,
    "36": 2,
    "11": 1,
    "206": 1,
    "17": 1,
    "33": 1,
    "159": 1,
    "26": 2,
    "30": 1,
    "116": 1
  }
}