{
  "schema": 1,
  "name": "bot-74",
  "first_seen": 1778543473.4266272,
  "last_seen": 1778718266.0681338,
  "episodes": 1192,
  "score_total": 166932,
  "score_best": 5267,
  "best_loadout": [
    0,
    24,
    18,
    0,
    0,
    0,
    0
  ],
  "killed_by": {
    "Beetle": 69,
    "Wasp": 213,
    "Hornet": 260,
    "bot-46": 2,
    "Cactus": 74,
    "Sandstorm": 13,
    "bot-129": 1,
    "Mantis": 103,
    "petalpop": 1,
    "bot-137": 3,
    "bloom": 1,
    "Bee": 82,
    "bot-145": 1,
    "gardn": 4,
    "bot-108": 1,
    "bot-121": 5,
    "Ladybug": 54,
    "Centipede": 37,
    "Spider": 38,
    "bot-146": 3,
    "Desert Centipede": 10,
    "Scorpion": 5,
    "Rock": 13,
    "Evil Centipede": 12,
    "bot-147": 3,
    "Bush": 13,
    "bot-79": 1,
    "bot-144": 1,
    "bot-92": 3,
    "Soldier Ant": 2,
    "Worker Ant": 3,
    "67": 1,
    "bot-71": 1,
    "bot-130": 1,
    "bot-30": 3,
    "bot-117": 2,
    "bot-113": 1,
    "flower": 3,
    "aa": 2,
    "bot-101": 2,
    "bot-35": 2,
    "bot-83": 1,
    "bot-131": 2,
    "bot-114": 3,
    "thornbloom": 2,
    "bot-77": 2,
    "bot-123": 1,
    "bot-44": 4,
    "Leafbug": 6,
    "bot-98": 1,
    "zorr": 7,
    "florrio": 2,
    "bot-148": 1,
    "thorn": 1,
    "bot-88": 2,
    "bot-70": 1,
    "Baby Ant": 6,
    "leafy": 2,
    "bot-97": 1,
    "bot-103": 9,
    "bot-127": 1,
    "bot-134": 3,
    "bot-39": 1,
    "bot-89": 2,
    "bot-58": 3,
    "bot-139": 2,
    "bot-34": 3,
    "bot-84": 3,
    "bot-62": 1,
    "bot-94": 1,
    "bot-149": 2,
    "bot-100": 1,
    "bot-50": 2,
    "thorny": 1,
    "bot-26": 1,
    "bot-128": 1,
    "bot-82": 1,
    "rosie": 1,
    "bot-75": 1,
    "bot-120": 2,
    "bot-31": 3,
    "bot-124": 5,
    "bot-24": 1,
    "bot-56": 2,
    "bot": 1,
    "bot-141": 1,
    "bot-96": 1,
    "bot-107": 1,
    "bot-55": 1,
    "bot-73": 1,
    "bot-28": 1,
    "bot-126": 2,
    "bloomy": 1,
    "bot-38": 1,
    "bot-57": 2,
    "bot-86": 2,
    "bot-51": 1,
    "bot-109": 1,
    "bot-78": 1,
    "not bot": 5,
    "bot-52": 1,
    "root": 1,
    "bot-48": 1,
    "bot-85": 1,
    "bot-37": 2,
    "bot-32": 1,
    "blossom-v2": 1,
    "bot-118": 1
  },
  "loadout_history": {
    "0": 1001,
    "1": 830,
    "45": 2,
    "25": 9,
    "7": 7,
    "10": 10,
    "24": 13,
    "62": 1,
    "15": 13,
    "34": 1,
    "19": 5,
    "5": 18,
    "9": 14,
    "39": 1,
    "12": 5,
    "79": 8,
    "20": 2,
    "23": 2,
    "6": 14,
    "14": 14,
    "18": 5,
    "17": 5,
    "60": 2,
    "30": 1,
    "167": 1,
    "180": 1,
    "33": 1,
    "16": 4,
    "48": 2,
    "29": 2,
    "49": 1,
    "35": 2,
    "27": 1,
    "108": 1,
    "69": 2,
    "11": 1,
    "123": 1,
    "55": 2,
    "51": 1,
    "8": 4,
    "170": 1,
    "86": 1,
    "97": 1,
    "168": 1,
    "161": 1
  }
}