{
  "schema": 1,
  "name": "bot-76",
  "first_seen": 1778543479.511195,
  "last_seen": 1778556144.948549,
  "episodes": 45,
  "score_total": 4247,
  "score_best": 1173,
  "best_loadout": [
    0,
    0,
    0,
    0,
    0,
    0
  ],
  "killed_by": {
    "Beetle": 3,
    "Hornet": 9,
    "Wasp": 10,
    "Mantis": 2,
    "Centipede": 3,
    "hello": 1,
    "Bee": 2,
    "Sandstorm": 2,
    "bot-26": 2,
    "Cactus": 2,
    "Spider": 1,
    "bot-129": 1,
    "Evil Centipede": 1
  },
  "loadout_history": {
    "0": 44,
    "1": 29,
    "51": 1,
    "30": 1,
    "18": 3,
    "34": 1,
    "9": 1,
    "5": 2,
    "14": 2,
    "28": 2,
    "69": 1,
    "39": 1,
    "79": 1,
    "19": 2,
    "167": 3,
    "6": 1,
    "15": 1
  }
}