{
  "schema": 1,
  "name": "bot-gnpp",
  "first_seen": 1778122017.681396,
  "last_seen": 1778122850.374292,
  "episodes": 8,
  "score_total": 501,
  "score_best": 104,
  "best_loadout": [
    14,
    18,
    34,
    1,
    1
  ],
  "killed_by": {
    "Bee": 2,
    "leafy": 1,
    "bot-gces": 1,
    "a": 1,
    "gardn": 1
  },
  "loadout_history": {
    "1": 7,
    "40": 2,
    "10": 2,
    "5": 1,
    "24": 1,
    "34": 2,
    "18": 3,
    "14": 5,
    "20": 1,
    "48": 1,
    "23": 1,
    "9": 1,
    "42": 1,
    "6": 1
  }
}