{
  "schema": 1,
  "name": "bot-22",
  "first_seen": 1778543605.206269,
  "last_seen": 1778624002.283422,
  "episodes": 403,
  "score_total": 90871,
  "score_best": 5330,
  "best_loadout": [
    0,
    0,
    0,
    0,
    0,
    0,
    0
  ],
  "killed_by": {
    "bot-135": 1,
    "Hornet": 110,
    "Sandstorm": 8,
    "bot-118": 1,
    "Mantis": 40,
    "bot-61": 2,
    "Spider": 11,
    "Wasp": 62,
    "Bee": 22,
    "Cactus": 29,
    "Beetle": 16,
    "leafy": 1,
    "Ladybug": 15,
    "bot-145": 1,
    "Centipede": 7,
    "Evil Centipede": 4,
    "bot-90": 1,
    "Desert Centipede": 8,
    "Bush": 5,
    "Leafbug": 6,
    "Rock": 2,
    "rosie": 1,
    "blossom": 2,
    "bot-119": 1,
    "bot-41": 2,
    "Soldier Ant": 1,
    "flower": 2,
    "bot-141": 2,
    "bot-53": 1,
    "bot-113": 1,
    "zorr": 1,
    "bot-93": 2,
    "bot-35": 1,
    "bot-95": 1,
    "not bot": 2,
    "bot-123": 1,
    "thorn": 1,
    "bot-71": 1,
    "bot-68": 1,
    "bot-100": 1,
    "bot-146": 1,
    "Baby Ant": 1,
    "bot-79": 1,
    "bot-69": 1,
    "bot-54": 1,
    "bot-98": 2,
    "bot-101": 1,
    "bot-142": 1,
    "bot-147": 1,
    "bot-49": 1,
    "Scorpion": 1,
    "bot-32": 1,
    "bot-70": 1,
    "bot-94": 1,
    "bot-108": 1
  },
  "loadout_history": {
    "0": 367,
    "29": 4,
    "14": 5,
    "1": 244,
    "9": 5,
    "5": 7,
    "19": 4,
    "167": 1,
    "49": 2,
    "24": 7,
    "18": 3,
    "116": 1,
    "10": 4,
    "11": 3,
    "7": 2,
    "25": 2,
    "69": 1,
    "21": 1,
    "35": 1,
    "23": 1,
    "13": 1,
    "16": 2,
    "6": 2,
    "15": 1,
    "36": 1,
    "12": 1
  }
}