{
  "schema": 1,
  "name": "bot-syfr",
  "first_seen": 1778123153.400445,
  "last_seen": 1778123926.717248,
  "episodes": 8,
  "score_total": 680,
  "score_best": 229,
  "best_loadout": [
    34,
    14,
    11,
    41,
    23,
    41
  ],
  "killed_by": {
    "bot-lhlt": 1,
    "bot-asxe": 1,
    "root": 1,
    "florrio": 1,
    "sussy": 2,
    "Ladybug": 1
  },
  "loadout_history": {
    "24": 3,
    "1": 4,
    "10": 1,
    "34": 3,
    "18": 4,
    "5": 2,
    "42": 1,
    "14": 3,
    "9": 1,
    "41": 2,
    "11": 1,
    "23": 1,
    "40": 1,
    "25": 1
  }
}