{
  "schema": 1,
  "name": "bot-uxnr",
  "first_seen": 1778218299.8528168,
  "last_seen": 1778278865.8885381,
  "episodes": 2412,
  "score_total": 218481,
  "score_best": 1778,
  "best_loadout": [
    0,
    0,
    0,
    1,
    7,
    0,
    0
  ],
  "killed_by": {
    "Bee": 126,
    "Hornet": 1347,
    "Rock": 35,
    "florrio": 22,
    "gardn": 26,
    "bot": 28,
    "Centipede": 83,
    "bot-qhpe": 37,
    "Spider": 59,
    "bot-ihff": 12,
    "Soldier Ant": 39,
    "Ladybug": 26,
    "67": 24,
    "bot-liwn": 20,
    "hello": 19,
    "bot-iraf": 16,
    "bot-derv": 20,
    "rosie": 25,
    "bot-wbxw": 25,
    "bot-mqcq": 17,
    "zorr": 25,
    "aa": 25,
    "a": 27,
    "Baby Ant": 3,
    "bot-thyg": 20,
    "bot-rklz": 20,
    "bot-yrut": 21,
    "not bot": 21,
    "petalpop": 24,
    "thorn": 32,
    "root": 24,
    "Beetle": 4,
    "bot-eqvx": 29,
    "bot-nugt": 31,
    "bot-fuvq": 27,
    "blossom": 22,
    "leafy": 27,
    "bot-mcta": 21,
    "Boulder": 1
  },
  "loadout_history": {
    "0": 2370,
    "1": 1442,
    "37": 1,
    "18": 101,
    "40": 122,
    "14": 103,
    "46": 19,
    "48": 20,
    "16": 11,
    "24": 63,
    "43": 2,
    "9": 91,
    "5": 124,
    "6": 35,
    "34": 61,
    "20": 14,
    "19": 25,
    "42": 7,
    "10": 24,
    "35": 23,
    "28": 21,
    "12": 2,
    "33": 10,
    "15": 27,
    "23": 27,
    "30": 4,
    "29": 4,
    "26": 5,
    "25": 14,
    "11": 13,
    "41": 40,
    "39": 7,
    "62": 2,
    "36": 12,
    "55": 8,
    "7": 11,
    "32": 10,
    "47": 1,
    "13": 2,
    "72": 1,
    "65": 1,
    "77": 3,
    "44": 2,
    "8": 4,
    "17": 1
  }
}