{
  "schema": 1,
  "name": "bot-92",
  "first_seen": 1778543531.2506518,
  "last_seen": 1778731829.966527,
  "episodes": 1280,
  "score_total": 229665,
  "score_best": 10948,
  "best_loadout": [
    19,
    1,
    0,
    0,
    0,
    0,
    0,
    0
  ],
  "killed_by": {
    "Wasp": 210,
    "Hornet": 299,
    "Mantis": 131,
    "Beetle": 42,
    "Scorpion": 9,
    "bot-111": 5,
    "Evil Centipede": 7,
    "Cactus": 88,
    "bot-64": 3,
    "flower": 2,
    "bot-116": 2,
    "bot-103": 1,
    "Spider": 49,
    "bot-113": 1,
    "gardn": 3,
    "bot-120": 1,
    "Centipede": 40,
    "bot-101": 2,
    "Bee": 77,
    "bot-42": 4,
    "bot-138": 1,
    "Sandstorm": 12,
    "Ladybug": 57,
    "Baby Ant": 4,
    "bot-110": 3,
    "rosie": 1,
    "bot-28": 3,
    "Soldier Ant": 1,
    "Worker Ant": 4,
    "Bush": 20,
    "a": 1,
    "bot-62": 1,
    "bot-52": 2,
    "bot-97": 1,
    "bot-79": 1,
    "bot-40": 1,
    "blossom-v2": 3,
    "bot-61": 1,
    "bot-134": 1,
    "Leafbug": 14,
    "bot-147": 1,
    "bot-55": 1,
    "bot-121": 1,
    "bot-137": 1,
    "bot-57": 4,
    "bot-32": 2,
    "bot-102": 1,
    "bot-87": 2,
    "bot-136": 3,
    "bot-23": 1,
    "bot-38": 4,
    "bot-84": 1,
    "bot-91": 1,
    "leafy": 1,
    "bot-129": 4,
    "bot-50": 1,
    "bot-127": 2,
    "bot-58": 3,
    "bot-73": 1,
    "bot-104": 2,
    "bot-72": 2,
    "thorn": 3,
    "67": 8,
    "bloomy": 1,
    "bot-59": 3,
    "bot-100": 3,
    "Rock": 5,
    "bot-36": 3,
    "bot-67": 3,
    "hello": 1,
    "bot-146": 1,
    "aa": 1,
    "prickly": 2,
    "bot-22": 4,
    "bot-45": 1,
    "Desert Centipede": 5,
    "bot-118": 4,
    "bot-78": 3,
    "petalpop": 3,
    "bot-60": 1,
    "bot-29": 2,
    "bot-80": 1,
    "bot-99": 2,
    "bot-114": 5,
    "bot-49": 1,
    "bot-109": 2,
    "thornbloom": 3,
    "Queen Ant": 1,
    "bot-140": 2,
    "bot-131": 3,
    "bot-142": 2,
    "bot-94": 4,
    "bot-130": 1,
    "bot-144": 1,
    "bot-145": 2,
    "bot-108": 1,
    "bot-66": 1,
    "bot-139": 1,
    "bot-75": 1,
    "bot-77": 1,
    "bot-125": 1,
    "bot-82": 1,
    "florrio": 1,
    "bot-46": 1,
    "bot-96": 1,
    "bot-56": 1,
    "bot-70": 2,
    "blossom": 1,
    "bot-98": 2,
    "bot-47": 1,
    "bot-143": 1,
    "thorny": 1,
    "bot-71": 1,
    "bot-126": 1,
    "bot-76": 1,
    "bot-37": 1,
    "bot-25": 1,
    "root": 1,
    "bot-132": 3,
    "bot": 1,
    "zorr": 1,
    "bot-105": 1
  },
  "loadout_history": {
    "0": 1090,
    "1": 898,
    "167": 5,
    "49": 2,
    "9": 22,
    "18": 8,
    "34": 6,
    "24": 10,
    "19": 4,
    "13": 3,
    "10": 8,
    "28": 4,
    "5": 20,
    "6": 11,
    "204": 2,
    "25": 4,
    "7": 4,
    "36": 4,
    "15": 16,
    "116": 2,
    "33": 1,
    "30": 1,
    "17": 1,
    "11": 3,
    "54": 1,
    "26": 1,
    "14": 16,
    "20": 2,
    "51": 4,
    "69": 1,
    "56": 2,
    "46": 1,
    "60": 1,
    "79": 2,
    "16": 3,
    "39": 1,
    "12": 2,
    "21": 1,
    "93": 1,
    "55": 1,
    "75": 1,
    "181": 1,
    "83": 1,
    "58": 1,
    "86": 1,
    "35": 3,
    "23": 1
  }
}