{
  "schema": 1,
  "name": "bot-96",
  "first_seen": 1778543115.258215,
  "last_seen": 1778623726.267009,
  "episodes": 434,
  "score_total": 58864,
  "score_best": 5092,
  "best_loadout": [
    1,
    0,
    0,
    0,
    0,
    0,
    0
  ],
  "killed_by": {
    "Mantis": 51,
    "Beetle": 17,
    "Wasp": 64,
    "Cactus": 29,
    "Hornet": 96,
    "Evil Centipede": 9,
    "Ladybug": 23,
    "petalpop": 2,
    "bot-63": 1,
    "Leafbug": 6,
    "bot-67": 1,
    "Spider": 15,
    "bot-73": 1,
    "bot-87": 1,
    "bot-32": 2,
    "bot-50": 1,
    "Centipede": 14,
    "bot-127": 2,
    "Bee": 25,
    "bot-74": 2,
    "Desert Centipede": 4,
    "Rock": 2,
    "Bush": 3,
    "Sandstorm": 8,
    "bot-47": 1,
    "bot-111": 2,
    "bot-65": 2,
    "bot-61": 2,
    "bot-104": 2,
    "bot-66": 1,
    "bot-84": 1,
    "bot-46": 1,
    "Baby Ant": 1,
    "bot-115": 1,
    "Soldier Ant": 1,
    "zorr": 1,
    "bot-40": 1,
    "bot-121": 1,
    "bot-147": 1,
    "Worker Ant": 2,
    "bot-38": 1,
    "bot-86": 1,
    "bot-109": 1,
    "bot-133": 1,
    "bot-53": 1,
    "bot-136": 1,
    "bot-99": 1,
    "a": 1,
    "bot-144": 1,
    "bot-58": 1,
    "Scorpion": 6,
    "blossom": 1,
    "bot-23": 1,
    "bot-107": 2,
    "bot-52": 1,
    "bot-131": 1,
    "bot-44": 1,
    "bot-122": 1,
    "bot-56": 1
  },
  "loadout_history": {
    "0": 387,
    "1": 284,
    "167": 4,
    "24": 4,
    "16": 1,
    "34": 2,
    "9": 1,
    "10": 2,
    "46": 1,
    "15": 1,
    "14": 2,
    "18": 3,
    "5": 5,
    "19": 2,
    "69": 1,
    "116": 1,
    "61": 1,
    "79": 1,
    "25": 1,
    "48": 1,
    "12": 1,
    "6": 2,
    "7": 1,
    "13": 1,
    "30": 1,
    "60": 1,
    "32": 1
  }
}