{
  "schema": 1,
  "name": "bot-95",
  "first_seen": 1778543125.823444,
  "last_seen": 1778545814.414783,
  "episodes": 25,
  "score_total": 2002,
  "score_best": 385,
  "best_loadout": [
    69,
    49,
    1,
    30,
    0,
    0
  ],
  "killed_by": {
    "Ladybug": 1,
    "Hornet": 2,
    "Sandstorm": 1,
    "Mantis": 3,
    "Beetle": 2,
    "hello": 1,
    "Wasp": 4,
    "bot-127": 1,
    "bot-59": 1,
    "Bee": 4,
    "bot-131": 2
  },
  "loadout_history": {
    "1": 20,
    "14": 2,
    "0": 22,
    "19": 2,
    "24": 1,
    "46": 1,
    "28": 1,
    "16": 1,
    "33": 1,
    "5": 1,
    "79": 1,
    "69": 2,
    "49": 1,
    "30": 1,
    "15": 1
  }
}