{
  "schema": 1,
  "name": "bot-69",
  "first_seen": 1778543156.027966,
  "last_seen": 1778553055.310602,
  "episodes": 46,
  "score_total": 1866,
  "score_best": 139,
  "best_loadout": [
    1,
    11,
    0,
    0,
    0
  ],
  "killed_by": {
    "Beetle": 1,
    "Wasp": 12,
    "Hornet": 10,
    "Leafbug": 1,
    "Mantis": 4,
    "bot-85": 1,
    "bot-42": 1,
    "Bee": 3,
    "thorny": 1,
    "bot-126": 1,
    "bot-130": 1,
    "bot-100": 1,
    "bot-147": 1,
    "Cactus": 1,
    "hello": 2
  },
  "loadout_history": {
    "0": 42,
    "1": 34,
    "5": 5,
    "14": 6,
    "18": 4,
    "34": 1,
    "9": 4,
    "25": 1,
    "6": 1,
    "10": 1,
    "11": 1,
    "16": 1
  }
}