{
  "schema": 1,
  "name": "bot-39",
  "first_seen": 1778543776.3914711,
  "last_seen": 1779316407.056244,
  "episodes": 1465,
  "score_total": 228305,
  "score_best": 12605,
  "best_loadout": [
    1,
    0,
    0,
    0,
    0,
    0,
    0,
    0
  ],
  "killed_by": {
    "Beetle": 67,
    "Wasp": 294,
    "Hornet": 404,
    "Ladybug": 41,
    "Mantis": 110,
    "Evil Centipede": 30,
    "Rock": 16,
    "Spider": 39,
    "bot-74": 2,
    "Cactus": 77,
    "bot-96": 1,
    "bot-64": 3,
    "Bee": 83,
    "florrio": 2,
    "thornbloom": 1,
    "bot-70": 3,
    "Sandstorm": 13,
    "aa": 1,
    "Centipede": 35,
    "bot-136": 1,
    "bot-125": 1,
    "bot-145": 2,
    "bot-99": 2,
    "bot-46": 6,
    "Scorpion": 7,
    "bot-131": 1,
    "Leafbug": 12,
    "Bush": 15,
    "zorr": 3,
    "bot-52": 1,
    "bot-139": 1,
    "bot-50": 1,
    "bot-28": 1,
    "bot-105": 3,
    "bot-112": 5,
    "bot-77": 2,
    "bot-53": 3,
    "Worker Ant": 6,
    "bot-87": 1,
    "bot-121": 3,
    "bot-107": 2,
    "bot-111": 1,
    "bot-42": 2,
    "bot-129": 4,
    "bot-120": 1,
    "bot-110": 3,
    "bot-63": 1,
    "bot-82": 1,
    "bot-133": 3,
    "bot-24": 4,
    "bot-135": 3,
    "bot-44": 1,
    "bot-127": 1,
    "Desert Centipede": 5,
    "bot-98": 1,
    "bloom": 2,
    "Baby Ant": 6,
    "bot-47": 2,
    "bot-106": 1,
    "bot-37": 1,
    "bot-114": 2,
    "bot-26": 2,
    "bot-81": 1,
    "bloomy": 4,
    "bot-140": 2,
    "bot-31": 2,
    "bot-94": 1,
    "bot-72": 1,
    "bot-128": 3,
    "bot-33": 2,
    "hello": 1,
    "thorn": 3,
    "bot-29": 1,
    "bot-25": 1,
    "bot-147": 1,
    "bot-90": 4,
    "bot-62": 2,
    "bot-67": 1,
    "Soldier Ant": 3,
    "bot-49": 1,
    "bot-85": 4,
    "bot-48": 4,
    "bot-141": 1,
    "bot-35": 1,
    "bot-142": 3,
    "bot-118": 1,
    "bot-119": 4,
    "bot-109": 1,
    "bot-61": 1,
    "bot-148": 1,
    "bot-51": 1,
    "bot": 1,
    "bot-41": 1,
    "bot-71": 1,
    "bot-83": 1,
    "bot-56": 2,
    "bot-144": 1,
    "bot-91": 1,
    "bot-40": 1,
    "bot-124": 1,
    "bot-22": 1,
    "bot-113": 1,
    "bot-146": 1,
    "bot-38": 1,
    "bot-123": 1,
    "bot-92": 7,
    "bot-66": 1,
    "bot-78": 2,
    "bot-86": 1,
    "bot-134": 1,
    "bot-88": 1,
    "blossom-v2": 2,
    "bot-79": 1,
    "bot-149": 2,
    "blossom": 1
  },
  "loadout_history": {
    "0": 1277,
    "1": 999,
    "15": 18,
    "34": 11,
    "6": 10,
    "46": 5,
    "22": 1,
    "14": 26,
    "24": 14,
    "92": 1,
    "167": 2,
    "5": 20,
    "10": 8,
    "25": 6,
    "18": 12,
    "16": 4,
    "12": 2,
    "21": 4,
    "7": 4,
    "20": 1,
    "27": 1,
    "17": 2,
    "9": 15,
    "45": 2,
    "83": 2,
    "39": 1,
    "35": 2,
    "97": 1,
    "118": 2,
    "13": 2,
    "29": 5,
    "204": 2,
    "19": 5,
    "8": 4,
    "79": 3,
    "47": 2,
    "181": 1,
    "32": 2,
    "84": 1,
    "11": 2,
    "23": 1,
    "69": 3,
    "180": 1,
    "36": 1,
    "182": 1,
    "175": 1,
    "30": 2,
    "28": 4,
    "169": 1,
    "205": 4,
    "26": 1,
    "49": 1,
    "40": 6,
    "42": 1,
    "56": 1
  }
}