{
  "schema": 1,
  "name": "bot-119",
  "first_seen": 1778543486.3239942,
  "last_seen": 1778556691.354646,
  "episodes": 54,
  "score_total": 8988,
  "score_best": 1087,
  "best_loadout": [
    0,
    0,
    0,
    0,
    0,
    0
  ],
  "killed_by": {
    "Mantis": 10,
    "bot-52": 1,
    "Hornet": 15,
    "Wasp": 9,
    "Cactus": 2,
    "Beetle": 2,
    "bot-133": 1,
    "Bee": 2,
    "bot-143": 1,
    "Sandstorm": 1,
    "bot-109": 1
  },
  "loadout_history": {
    "0": 52,
    "1": 34,
    "29": 2,
    "69": 1,
    "14": 4,
    "16": 1,
    "5": 2,
    "23": 1,
    "24": 5,
    "18": 3,
    "15": 5,
    "7": 1,
    "25": 1,
    "34": 2,
    "10": 1,
    "6": 1
  }
}