{
  "schema": 1,
  "name": "bot-138",
  "first_seen": 1778543714.037844,
  "last_seen": 1779316394.531757,
  "episodes": 1446,
  "score_total": 228863,
  "score_best": 8678,
  "best_loadout": [
    0,
    0,
    1,
    0,
    0,
    0,
    0,
    0
  ],
  "killed_by": {
    "Sandstorm": 21,
    "Beetle": 59,
    "Wasp": 240,
    "Scorpion": 7,
    "Hornet": 426,
    "bot-110": 3,
    "Bee": 87,
    "Mantis": 108,
    "Spider": 48,
    "bot-117": 8,
    "Evil Centipede": 10,
    "gardn": 2,
    "Cactus": 82,
    "bot-140": 1,
    "bot-42": 4,
    "Baby Ant": 4,
    "bot-96": 2,
    "thorny": 1,
    "bot-134": 2,
    "bot-72": 2,
    "bot-146": 2,
    "bot-139": 7,
    "Centipede": 37,
    "bot-76": 1,
    "bot-71": 2,
    "Ladybug": 38,
    "bot-28": 3,
    "bot-148": 1,
    "bot-109": 3,
    "Soldier Ant": 8,
    "bot-89": 2,
    "Desert Centipede": 6,
    "Leafbug": 22,
    "Worker Ant": 4,
    "blossom": 2,
    "bot-54": 2,
    "bot-101": 1,
    "zorr": 2,
    "Rock": 11,
    "bot-35": 1,
    "bot-106": 1,
    "bot-115": 1,
    "Bush": 16,
    "bot-82": 3,
    "bot-125": 3,
    "bot-127": 2,
    "bot-79": 3,
    "bot-90": 1,
    "bot-135": 1,
    "bot-67": 4,
    "bot-38": 1,
    "bot-124": 2,
    "bot-75": 4,
    "bot-24": 1,
    "bot-137": 10,
    "bot-32": 2,
    "bot-94": 1,
    "bot-80": 5,
    "leafy": 4,
    "bot-130": 1,
    "bot-47": 2,
    "bot-126": 1,
    "bot-144": 1,
    "bot-31": 1,
    "bot-95": 2,
    "bot-136": 2,
    "root": 4,
    "bot-97": 3,
    "bot-56": 1,
    "bot-61": 1,
    "bot-45": 3,
    "bot-104": 1,
    "bot-78": 2,
    "bot-105": 2,
    "bot-129": 2,
    "bot-121": 2,
    "bot-100": 1,
    "bot-51": 1,
    "bot-50": 4,
    "bloom": 1,
    "bot-65": 1,
    "aa": 1,
    "bot-143": 1,
    "bot-53": 1,
    "bot-147": 1,
    "bot-142": 5,
    "bot-33": 2,
    "bot-66": 1,
    "bot-27": 1,
    "bot-22": 2,
    "bot-34": 1,
    "bot-149": 1,
    "bot-68": 1,
    "bot-103": 1,
    "bot-43": 2,
    "bot-83": 1,
    "bot-25": 1,
    "bot-57": 1,
    "bot-37": 1,
    "bot-119": 1,
    "bot-77": 1,
    "bot-23": 1,
    "bot-81": 2,
    "bot-30": 1,
    "bot-114": 1,
    "bot-93": 1,
    "bot-86": 3,
    "bot-44": 1,
    "not bot": 2,
    "bot-60": 1,
    "bot-84": 1,
    "bot-63": 1,
    "bot-74": 2,
    "bot-102": 1,
    "florrio": 1,
    "bot-26": 1,
    "bot-70": 1,
    "Boulder": 1,
    "petalpop": 2
  },
  "loadout_history": {
    "0": 1239,
    "1": 1019,
    "79": 7,
    "5": 25,
    "10": 9,
    "18": 10,
    "6": 11,
    "29": 5,
    "69": 2,
    "9": 19,
    "34": 9,
    "24": 21,
    "49": 4,
    "14": 21,
    "167": 3,
    "16": 6,
    "8": 2,
    "12": 3,
    "83": 1,
    "7": 7,
    "35": 6,
    "28": 5,
    "23": 3,
    "15": 15,
    "25": 4,
    "55": 1,
    "36": 5,
    "22": 1,
    "60": 1,
    "33": 1,
    "48": 2,
    "11": 4,
    "180": 1,
    "124": 1,
    "147": 1,
    "51": 1,
    "19": 3,
    "63": 1,
    "26": 1,
    "20": 2,
    "118": 1,
    "58": 1,
    "176": 1,
    "46": 3,
    "50": 1,
    "41": 3,
    "40": 6,
    "168": 1,
    "204": 1,
    "30": 1
  }
}