{
  "schema": 1,
  "name": "bot-rrus",
  "first_seen": 1778124109.5646532,
  "last_seen": 1778126253.944593,
  "episodes": 24,
  "score_total": 1075,
  "score_best": 115,
  "best_loadout": [
    55,
    19,
    6,
    48,
    15
  ],
  "killed_by": {
    "bot-jpeh": 2,
    "bot-bfcl": 1,
    "leafy": 1,
    "bot-kfbj": 1,
    "aa": 1,
    "sussy": 1,
    "blossom": 1,
    "rosie": 1,
    "bot-qusm": 1,
    "bot-tyrj": 1,
    "Hornet": 8,
    "bot-ojtd": 1,
    "bot-qdbs": 1
  },
  "loadout_history": {
    "1": 17,
    "6": 5,
    "15": 2,
    "48": 1,
    "19": 3,
    "55": 2,
    "35": 1,
    "42": 3,
    "41": 3,
    "7": 1,
    "11": 2,
    "20": 2,
    "21": 1,
    "22": 1,
    "10": 3,
    "23": 2,
    "5": 2,
    "14": 2,
    "18": 3,
    "25": 1,
    "39": 1,
    "47": 1
  }
}