{
  "schema": 1,
  "name": "bot-70",
  "first_seen": 1778543504.171948,
  "last_seen": 1779316706.052319,
  "episodes": 1488,
  "score_total": 216856,
  "score_best": 6475,
  "best_loadout": [
    1,
    1,
    1,
    1,
    25,
    6,
    0,
    0
  ],
  "killed_by": {
    "Hornet": 426,
    "blossom-v2": 3,
    "bot-94": 1,
    "Wasp": 254,
    "Ladybug": 57,
    "Desert Centipede": 5,
    "bot-36": 3,
    "Bee": 84,
    "bot-141": 1,
    "Beetle": 61,
    "Evil Centipede": 28,
    "bot-54": 1,
    "bot-30": 5,
    "Sandstorm": 21,
    "Mantis": 120,
    "Centipede": 23,
    "Spider": 71,
    "Cactus": 88,
    "bot-37": 1,
    "Scorpion": 11,
    "bot-88": 1,
    "bot-51": 1,
    "Rock": 15,
    "zorr": 8,
    "Leafbug": 30,
    "bot-136": 3,
    "bot-101": 3,
    "bot-58": 1,
    "bot-102": 1,
    "bot-27": 2,
    "Baby Ant": 2,
    "Bush": 10,
    "bot-68": 3,
    "bot-125": 1,
    "prickly": 2,
    "bot-90": 1,
    "bot-124": 3,
    "bot-69": 2,
    "not bot": 5,
    "bot-116": 5,
    "bot-62": 2,
    "thorn": 1,
    "bot-42": 3,
    "bot-52": 1,
    "bot-60": 1,
    "hello": 1,
    "bot-74": 3,
    "bot-121": 1,
    "bot-24": 4,
    "bot-83": 2,
    "bot-132": 1,
    "bot-81": 1,
    "bot-67": 1,
    "bot-25": 1,
    "bot-142": 4,
    "Soldier Ant": 1,
    "bot-105": 1,
    "bot-104": 2,
    "bot-34": 1,
    "bloom": 1,
    "bot-38": 1,
    "blossom": 5,
    "bot-133": 2,
    "bot-46": 1,
    "bot-149": 2,
    "bloomy": 1,
    "leafy": 2,
    "bot-82": 1,
    "florrio": 1,
    "bot-84": 3,
    "bot-91": 1,
    "bot-50": 5,
    "bot-22": 2,
    "bot-86": 2,
    "67": 1,
    "bot-148": 1,
    "bot-140": 1,
    "bot-145": 1,
    "bot-76": 1,
    "bot-99": 1,
    "bot-53": 1,
    "bot-130": 1,
    "Worker Ant": 4,
    "bot-39": 1,
    "bot-40": 1,
    "bot": 1,
    "bot-122": 1,
    "bot-75": 2,
    "bot-45": 2,
    "bot-32": 1,
    "bot-118": 1,
    "bot-106": 1,
    "aa": 1,
    "bot-73": 2,
    "gardn": 2,
    "bot-61": 1,
    "bot-23": 1,
    "bot-147": 1,
    "bot-55": 1,
    "bot-111": 1,
    "root": 1,
    "bot-96": 3,
    "bot-134": 2,
    "bot-92": 1,
    "bot-72": 1,
    "flower": 2,
    "Boulder": 4
  },
  "loadout_history": {
    "0": 1268,
    "1": 1065,
    "18": 7,
    "10": 9,
    "5": 14,
    "7": 4,
    "15": 17,
    "9": 22,
    "14": 19,
    "51": 3,
    "29": 6,
    "6": 14,
    "167": 3,
    "45": 1,
    "116": 4,
    "26": 2,
    "35": 9,
    "20": 4,
    "83": 1,
    "64": 1,
    "21": 2,
    "32": 2,
    "79": 2,
    "24": 13,
    "19": 4,
    "207": 1,
    "60": 2,
    "8": 3,
    "46": 5,
    "58": 1,
    "28": 6,
    "181": 1,
    "25": 9,
    "23": 3,
    "13": 1,
    "12": 1,
    "30": 2,
    "16": 2,
    "123": 1,
    "36": 1,
    "34": 9,
    "33": 1,
    "168": 1,
    "40": 6,
    "41": 2,
    "37": 1,
    "204": 1,
    "48": 1,
    "69": 1,
    "117": 1
  }
}