{
  "schema": 1,
  "name": "bot-29",
  "first_seen": 1778543092.142805,
  "last_seen": 1778727593.1300862,
  "episodes": 1266,
  "score_total": 194617,
  "score_best": 5462,
  "best_loadout": [
    0,
    0,
    1,
    0,
    1,
    0,
    0
  ],
  "killed_by": {
    "Sandstorm": 12,
    "Hornet": 286,
    "Beetle": 49,
    "bot-47": 4,
    "bot-75": 1,
    "Wasp": 234,
    "Scorpion": 8,
    "Evil Centipede": 9,
    "bot-141": 1,
    "bot-80": 3,
    "Leafbug": 21,
    "bot-67": 3,
    "Mantis": 114,
    "Bee": 98,
    "Cactus": 84,
    "Ladybug": 64,
    "bot-115": 2,
    "petalpop": 2,
    "bot-35": 1,
    "bot-59": 1,
    "bot-106": 3,
    "bot-62": 1,
    "bot-98": 1,
    "bot-55": 2,
    "bot-105": 2,
    "Centipede": 25,
    "Spider": 35,
    "Rock": 23,
    "Desert Centipede": 5,
    "bot-70": 1,
    "bot-66": 2,
    "Bush": 13,
    "bot-77": 2,
    "bot-63": 3,
    "bot-118": 2,
    "bot-135": 1,
    "bot-137": 2,
    "bot-89": 3,
    "bot-91": 7,
    "Worker Ant": 4,
    "bot-122": 1,
    "bot-50": 2,
    "bot-53": 2,
    "bot-138": 1,
    "bot-65": 1,
    "bot-88": 2,
    "bot-111": 1,
    "bot-30": 2,
    "thorny": 1,
    "bot-85": 1,
    "bot-40": 4,
    "bot-124": 1,
    "bot-25": 3,
    "bot-92": 2,
    "flower": 1,
    "bot-72": 2,
    "bot-64": 3,
    "thornbloom": 1,
    "bloom": 2,
    "bot-54": 1,
    "bot-37": 2,
    "hello": 1,
    "bot-101": 1,
    "bot-126": 2,
    "bot-133": 1,
    "bot-144": 1,
    "bot-24": 1,
    "not bot": 2,
    "bot-71": 2,
    "bot-36": 2,
    "bot-58": 2,
    "bot-34": 1,
    "bot-22": 2,
    "bot-39": 1,
    "bot-97": 2,
    "bot-93": 2,
    "bot-139": 3,
    "bot-90": 3,
    "bot-43": 1,
    "bot-146": 2,
    "bot-61": 1,
    "bot-95": 2,
    "bot-103": 2,
    "bot-38": 2,
    "bot-51": 1,
    "bot-147": 1,
    "bot-31": 1,
    "bot-108": 1,
    "bot-116": 2,
    "bot-99": 1,
    "bot-87": 1,
    "bot-32": 1,
    "bot-68": 1,
    "bot-52": 1,
    "bot-140": 2,
    "bot-120": 1,
    "bot-48": 1,
    "bot-56": 1,
    "bot-110": 1,
    "bot-109": 1,
    "bot-112": 1,
    "bot-129": 1,
    "bot-130": 1,
    "bot": 4,
    "bot-41": 1,
    "bot-79": 1,
    "bot-134": 2,
    "bot-83": 1,
    "bot-136": 1,
    "bot-104": 1,
    "bot-26": 3,
    "bot-149": 1,
    "bot-145": 1,
    "gardn": 1,
    "bot-82": 1
  },
  "loadout_history": {
    "0": 1085,
    "1": 891,
    "18": 9,
    "28": 4,
    "14": 22,
    "58": 2,
    "11": 4,
    "5": 22,
    "24": 9,
    "167": 5,
    "9": 12,
    "79": 3,
    "46": 2,
    "51": 2,
    "116": 3,
    "15": 13,
    "25": 8,
    "30": 3,
    "23": 2,
    "6": 9,
    "19": 3,
    "10": 5,
    "16": 4,
    "34": 3,
    "36": 1,
    "13": 2,
    "83": 1,
    "32": 1,
    "35": 4,
    "17": 2,
    "48": 3,
    "12": 2,
    "49": 1,
    "29": 4,
    "27": 2,
    "26": 3,
    "7": 1,
    "8": 1,
    "20": 1,
    "45": 1
  }
}