{
  "schema": 1,
  "name": "bot-117",
  "first_seen": 1778364742.580827,
  "last_seen": 1779316483.004212,
  "episodes": 1498,
  "score_total": 230858,
  "score_best": 5354,
  "best_loadout": [
    0,
    1,
    1,
    1,
    0,
    0,
    0
  ],
  "killed_by": {
    "Hornet": 387,
    "Worker Ant": 7,
    "Wasp": 246,
    "Mantis": 129,
    "Scorpion": 7,
    "Centipede": 41,
    "bot-99": 1,
    "Sandstorm": 18,
    "Cactus": 80,
    "bot-126": 2,
    "Beetle": 60,
    "Bee": 118,
    "bot-101": 3,
    "bot-37": 3,
    "bot-108": 3,
    "bot-32": 1,
    "bot-146": 1,
    "Ladybug": 66,
    "Spider": 38,
    "Rock": 13,
    "Leafbug": 19,
    "Bush": 18,
    "flower": 4,
    "bot-114": 1,
    "bot-64": 2,
    "bot-27": 3,
    "bot-90": 2,
    "Desert Centipede": 13,
    "bot-73": 1,
    "rosie": 2,
    "bot-106": 1,
    "bot-46": 1,
    "bot-80": 1,
    "bot-125": 1,
    "petalpop": 3,
    "blossom-v2": 3,
    "bot-145": 1,
    "bot-28": 4,
    "bot-83": 2,
    "bot-143": 2,
    "bot-51": 4,
    "bot-35": 1,
    "Evil Centipede": 23,
    "bot-63": 1,
    "bot-70": 2,
    "Baby Ant": 3,
    "bot-87": 4,
    "bot-96": 1,
    "bot-98": 3,
    "bot-109": 2,
    "bloomy": 2,
    "bot-81": 2,
    "bot-62": 2,
    "bot-121": 12,
    "bot-134": 2,
    "bot-52": 1,
    "bot-50": 2,
    "bot-116": 2,
    "bot-34": 1,
    "blossom": 6,
    "bot-149": 1,
    "bot-53": 2,
    "bot-45": 1,
    "leafy": 2,
    "bot-56": 2,
    "bot-139": 3,
    "bot": 3,
    "bot-147": 1,
    "bot-33": 2,
    "bot-97": 4,
    "bot-95": 3,
    "bot-123": 2,
    "bot-77": 2,
    "bot-133": 2,
    "bot-100": 1,
    "bot-24": 2,
    "bot-26": 1,
    "bot-122": 1,
    "bot-41": 3,
    "bot-82": 1,
    "bot-130": 1,
    "bot-113": 3,
    "67": 1,
    "bot-86": 1,
    "bot-23": 1,
    "bot-120": 1,
    "bot-137": 1,
    "thorn": 2,
    "bot-135": 1,
    "bot-72": 1,
    "bot-85": 2,
    "bot-138": 2,
    "bot-74": 1,
    "bot-38": 1,
    "bot-49": 1,
    "bot-60": 1,
    "bot-47": 1,
    "bot-78": 1,
    "bot-29": 1,
    "bot-76": 1,
    "prickly": 1,
    "bot-69": 1,
    "bot-118": 1,
    "aa": 1,
    "bot-94": 1,
    "florrio": 3,
    "bot-55": 2,
    "thornbloom": 2,
    "root": 1,
    "Soldier Ant": 4,
    "bot-93": 1,
    "bot-91": 2,
    "bot-131": 1,
    "bot-59": 1,
    "bot-71": 2
  },
  "loadout_history": {
    "1": 1058,
    "0": 1279,
    "16": 7,
    "9": 21,
    "18": 19,
    "34": 16,
    "10": 12,
    "5": 22,
    "79": 5,
    "49": 4,
    "39": 3,
    "19": 7,
    "6": 13,
    "24": 15,
    "15": 11,
    "14": 27,
    "167": 2,
    "20": 3,
    "17": 6,
    "58": 1,
    "35": 3,
    "181": 1,
    "51": 2,
    "7": 4,
    "83": 1,
    "36": 2,
    "33": 3,
    "64": 1,
    "180": 1,
    "13": 2,
    "60": 1,
    "116": 3,
    "8": 2,
    "62": 1,
    "29": 2,
    "168": 2,
    "23": 4,
    "68": 1,
    "25": 6,
    "28": 5,
    "11": 4,
    "86": 1,
    "32": 1,
    "30": 1,
    "204": 1,
    "117": 3,
    "56": 1,
    "113": 1,
    "46": 4,
    "169": 1,
    "205": 1,
    "12": 1,
    "43": 1
  }
}