{
  "schema": 1,
  "name": "bot-88",
  "first_seen": 1778543147.864508,
  "last_seen": 1778718406.5402722,
  "episodes": 1174,
  "score_total": 191370,
  "score_best": 5751,
  "best_loadout": [
    0,
    0,
    0,
    0,
    0,
    0,
    0
  ],
  "killed_by": {
    "Hornet": 274,
    "Mantis": 100,
    "bot-135": 1,
    "Evil Centipede": 7,
    "Ladybug": 45,
    "bot-109": 2,
    "Bee": 92,
    "bot-61": 1,
    "Wasp": 221,
    "bot-149": 1,
    "Beetle": 41,
    "Sandstorm": 15,
    "bot-132": 2,
    "bot-139": 1,
    "Cactus": 53,
    "bot-72": 3,
    "bot-76": 5,
    "bot-53": 2,
    "bot-24": 2,
    "bot-141": 4,
    "bot-29": 2,
    "blossom-v2": 3,
    "Spider": 37,
    "petalpop": 1,
    "Bush": 17,
    "Centipede": 32,
    "gardn": 2,
    "Leafbug": 20,
    "bot-128": 1,
    "bot-42": 2,
    "bot-78": 3,
    "bot-119": 1,
    "bot-94": 3,
    "bot-52": 2,
    "bot-73": 1,
    "Desert Centipede": 7,
    "bot-50": 1,
    "Scorpion": 6,
    "bot-47": 2,
    "bot-148": 3,
    "Rock": 7,
    "bot-34": 1,
    "bot-130": 4,
    "bot-143": 3,
    "bot-45": 1,
    "leafy": 2,
    "bot-142": 2,
    "bot-108": 2,
    "bot-117": 2,
    "bot-100": 4,
    "bot-122": 2,
    "bot-134": 2,
    "bot-85": 2,
    "bot-82": 3,
    "bot-111": 1,
    "not bot": 2,
    "bot-54": 2,
    "bot-118": 3,
    "bot-64": 1,
    "bot-74": 3,
    "Worker Ant": 8,
    "bot-102": 6,
    "bot-83": 2,
    "bot-69": 4,
    "Baby Ant": 6,
    "bot-124": 1,
    "bot-96": 1,
    "bot-40": 2,
    "bot-28": 1,
    "bot-32": 2,
    "thornbloom": 1,
    "bot-27": 3,
    "bot-46": 2,
    "bloomy": 1,
    "bot-80": 2,
    "hello": 1,
    "bot-116": 3,
    "bot-79": 2,
    "bot-70": 2,
    "bot-39": 2,
    "bot-110": 1,
    "bot-55": 3,
    "bot-93": 1,
    "bot-58": 1,
    "bot-87": 2,
    "bot-144": 1,
    "bot-30": 1,
    "bot-67": 1,
    "bot-57": 1,
    "bot-31": 1,
    "bot-60": 1,
    "bot-33": 1,
    "bot-44": 2,
    "bot-129": 1,
    "bot-38": 1,
    "bot-105": 1,
    "bot-66": 3,
    "bot-101": 1,
    "bot-91": 1,
    "bot-81": 1,
    "zorr": 1,
    "bot-103": 1,
    "bot-131": 1,
    "rosie": 1,
    "bot-98": 1,
    "bot-112": 1,
    "bot-43": 1,
    "bot-62": 1,
    "bot-120": 1,
    "Soldier Ant": 1,
    "bot-90": 1,
    "bot-68": 1,
    "bot-37": 1,
    "sussy": 1,
    "bot-99": 1
  },
  "loadout_history": {
    "0": 983,
    "1": 822,
    "116": 3,
    "10": 3,
    "5": 12,
    "14": 18,
    "9": 6,
    "33": 1,
    "49": 2,
    "69": 1,
    "79": 3,
    "46": 1,
    "16": 4,
    "29": 1,
    "17": 1,
    "47": 1,
    "18": 6,
    "12": 3,
    "15": 5,
    "30": 1,
    "7": 2,
    "25": 4,
    "60": 2,
    "180": 2,
    "11": 4,
    "83": 1,
    "39": 1,
    "28": 4,
    "26": 2,
    "38": 1,
    "92": 1,
    "6": 8,
    "35": 4,
    "19": 4,
    "24": 6,
    "167": 1,
    "204": 1,
    "54": 2,
    "34": 2,
    "23": 1,
    "20": 1,
    "168": 1,
    "181": 2,
    "13": 1,
    "182": 1,
    "93": 1
  }
}