{
  "schema": 1,
  "name": "bot-96",
  "first_seen": 1778543115.258215,
  "last_seen": 1778638804.242402,
  "episodes": 583,
  "score_total": 79470,
  "score_best": 6031,
  "best_loadout": [
    0,
    0,
    1,
    0,
    0,
    0,
    0
  ],
  "killed_by": {
    "Mantis": 61,
    "Beetle": 24,
    "Wasp": 88,
    "Cactus": 36,
    "Hornet": 127,
    "Evil Centipede": 13,
    "Ladybug": 33,
    "petalpop": 2,
    "bot-63": 1,
    "Leafbug": 11,
    "bot-67": 1,
    "Spider": 19,
    "bot-73": 2,
    "bot-87": 1,
    "bot-32": 3,
    "bot-50": 1,
    "Centipede": 22,
    "bot-127": 2,
    "Bee": 40,
    "bot-74": 2,
    "Desert Centipede": 4,
    "Rock": 3,
    "Bush": 5,
    "Sandstorm": 8,
    "bot-47": 1,
    "bot-111": 2,
    "bot-65": 2,
    "bot-61": 2,
    "bot-104": 2,
    "bot-66": 1,
    "bot-84": 1,
    "bot-46": 3,
    "Baby Ant": 1,
    "bot-115": 1,
    "Soldier Ant": 1,
    "zorr": 1,
    "bot-40": 1,
    "bot-121": 1,
    "bot-147": 1,
    "Worker Ant": 4,
    "bot-38": 1,
    "bot-86": 1,
    "bot-109": 1,
    "bot-133": 1,
    "bot-53": 1,
    "bot-136": 1,
    "bot-99": 1,
    "a": 2,
    "bot-144": 1,
    "bot-58": 1,
    "Scorpion": 6,
    "blossom": 1,
    "bot-23": 1,
    "bot-107": 2,
    "bot-52": 2,
    "bot-131": 1,
    "bot-44": 1,
    "bot-122": 1,
    "bot-56": 1,
    "bot-70": 2,
    "thorny": 1,
    "bot-142": 2,
    "bot-112": 1,
    "bot-149": 1,
    "bot-138": 1,
    "bot-48": 1,
    "bot-137": 1,
    "bot-35": 2,
    "bot-45": 1
  },
  "loadout_history": {
    "0": 507,
    "1": 399,
    "167": 5,
    "24": 7,
    "16": 1,
    "34": 6,
    "9": 9,
    "10": 3,
    "46": 1,
    "15": 2,
    "14": 9,
    "18": 7,
    "5": 13,
    "19": 4,
    "69": 1,
    "116": 1,
    "61": 1,
    "79": 1,
    "25": 1,
    "48": 1,
    "12": 1,
    "6": 3,
    "7": 2,
    "13": 1,
    "30": 1,
    "60": 1,
    "32": 1,
    "20": 1,
    "97": 1,
    "83": 1,
    "86": 1,
    "51": 1,
    "33": 1
  }
}