{
  "schema": 1,
  "name": "bot-62",
  "first_seen": 1778543463.372726,
  "last_seen": 1779316409.580385,
  "episodes": 1414,
  "score_total": 200362,
  "score_best": 8651,
  "best_loadout": [
    0,
    0,
    0,
    0,
    0,
    0,
    0,
    0
  ],
  "killed_by": {
    "Hornet": 374,
    "Evil Centipede": 27,
    "Wasp": 235,
    "Beetle": 79,
    "Rock": 12,
    "Centipede": 32,
    "Mantis": 125,
    "bot-27": 1,
    "Leafbug": 12,
    "bot-134": 1,
    "bot-103": 2,
    "bot-87": 2,
    "Bee": 97,
    "Spider": 43,
    "bot-135": 2,
    "Sandstorm": 15,
    "bot-108": 2,
    "bot-147": 2,
    "bot-41": 1,
    "bot-105": 1,
    "bot-89": 4,
    "Ladybug": 61,
    "bot-36": 1,
    "Cactus": 67,
    "bot-119": 1,
    "Scorpion": 5,
    "bot-55": 1,
    "bot-65": 2,
    "thorny": 2,
    "bot-123": 3,
    "bot-61": 5,
    "Worker Ant": 5,
    "bot-132": 5,
    "bot-44": 2,
    "bot-23": 1,
    "bot-130": 3,
    "bot-93": 1,
    "bot-112": 5,
    "bot-91": 1,
    "bot-107": 2,
    "bot-142": 2,
    "bot-58": 4,
    "bot-146": 2,
    "leafy": 1,
    "bot-66": 1,
    "bot-92": 2,
    "bot-126": 2,
    "bot-22": 1,
    "bot-42": 1,
    "bot-113": 1,
    "blossom-v2": 1,
    "bloomy": 1,
    "bot-32": 2,
    "Desert Centipede": 8,
    "bot-99": 1,
    "bot-34": 3,
    "aa": 3,
    "bot-110": 1,
    "bot-29": 5,
    "Bush": 14,
    "bot-121": 2,
    "bot-148": 1,
    "bot-106": 1,
    "bot-30": 3,
    "bot-74": 1,
    "bloom": 1,
    "blossom": 3,
    "petalpop": 2,
    "thornbloom": 1,
    "bot-50": 2,
    "bot-98": 1,
    "bot-31": 2,
    "bot-100": 2,
    "bot-56": 4,
    "bot-46": 3,
    "bot-136": 3,
    "67": 3,
    "bot-75": 1,
    "bot-116": 1,
    "bot-49": 1,
    "bot-79": 3,
    "bot-114": 2,
    "bot-67": 1,
    "bot-68": 5,
    "bot-86": 1,
    "bot-80": 1,
    "bot-111": 1,
    "bot-84": 1,
    "bot-73": 1,
    "Soldier Ant": 2,
    "bot-109": 2,
    "bot-40": 2,
    "bot-82": 1,
    "bot-128": 1,
    "bot-122": 3,
    "bot-81": 1,
    "bot-33": 2,
    "rosie": 1,
    "bot-37": 2,
    "bot-118": 1,
    "bot-48": 1,
    "bot-90": 1,
    "bot-28": 1,
    "zorr": 1,
    "prickly": 2,
    "florrio": 4,
    "bot-52": 2,
    "bot-97": 1,
    "Baby Ant": 2,
    "bot-38": 1,
    "bot-24": 1,
    "bot-51": 1,
    "gardn": 1,
    "Boulder": 2,
    "bot-127": 1,
    "bot-69": 1
  },
  "loadout_history": {
    "0": 1255,
    "1": 965,
    "69": 4,
    "51": 5,
    "79": 5,
    "14": 22,
    "25": 9,
    "28": 5,
    "9": 14,
    "5": 20,
    "12": 2,
    "49": 2,
    "33": 2,
    "24": 15,
    "167": 1,
    "34": 8,
    "58": 4,
    "20": 5,
    "7": 10,
    "92": 1,
    "15": 17,
    "83": 1,
    "48": 4,
    "18": 6,
    "19": 6,
    "11": 7,
    "29": 3,
    "39": 2,
    "6": 13,
    "35": 4,
    "16": 10,
    "45": 1,
    "8": 1,
    "55": 1,
    "60": 1,
    "116": 1,
    "17": 1,
    "46": 3,
    "26": 2,
    "36": 3,
    "10": 6,
    "23": 2,
    "38": 1,
    "107": 2,
    "208": 1,
    "168": 1,
    "56": 1,
    "50": 1,
    "40": 1,
    "80": 1,
    "204": 1
  }
}