{
  "schema": 1,
  "name": "bot-46",
  "first_seen": 1778543096.526817,
  "last_seen": 1778731784.923331,
  "episodes": 1358,
  "score_total": 189368,
  "score_best": 6433,
  "best_loadout": [
    0,
    0,
    0,
    0,
    0,
    0,
    0,
    0
  ],
  "killed_by": {
    "Wasp": 265,
    "Hornet": 299,
    "Beetle": 53,
    "Rock": 13,
    "Mantis": 108,
    "Spider": 51,
    "Bee": 99,
    "Cactus": 75,
    "Baby Ant": 6,
    "Evil Centipede": 18,
    "Ladybug": 65,
    "Centipede": 46,
    "bot-41": 2,
    "root": 1,
    "petalpop": 3,
    "bot-37": 1,
    "bot-109": 3,
    "bot-113": 1,
    "bot-123": 3,
    "Sandstorm": 9,
    "bot-51": 1,
    "Bush": 16,
    "a": 2,
    "Leafbug": 13,
    "bot-127": 2,
    "bot-93": 1,
    "bot-144": 3,
    "bot-143": 2,
    "bot-96": 10,
    "blossom": 1,
    "bot-25": 1,
    "bot-23": 2,
    "thornbloom": 2,
    "bot-95": 1,
    "bot-117": 1,
    "bot-102": 1,
    "bot-89": 2,
    "bot-137": 4,
    "bot-84": 2,
    "bot-118": 2,
    "bot-50": 2,
    "bot": 1,
    "bot-149": 1,
    "bot-71": 4,
    "bot-72": 2,
    "bot-112": 1,
    "bot-130": 1,
    "Desert Centipede": 4,
    "bot-27": 2,
    "bot-64": 3,
    "bot-36": 2,
    "bot-138": 1,
    "bot-126": 1,
    "bot-111": 2,
    "Worker Ant": 4,
    "bot-63": 2,
    "bloomy": 1,
    "bot-80": 1,
    "bot-135": 5,
    "bot-62": 3,
    "flower": 1,
    "bot-67": 2,
    "bloom": 2,
    "bot-47": 1,
    "bot-114": 1,
    "bot-106": 2,
    "bot-79": 3,
    "blossom-v2": 4,
    "bot-28": 1,
    "bot-99": 1,
    "bot-43": 2,
    "Scorpion": 5,
    "bot-34": 2,
    "bot-132": 1,
    "bot-39": 2,
    "bot-33": 1,
    "bot-75": 1,
    "bot-145": 2,
    "thorn": 1,
    "bot-88": 1,
    "bot-119": 2,
    "bot-59": 1,
    "not bot": 2,
    "thorny": 1,
    "hello": 2,
    "bot-97": 2,
    "bot-44": 3,
    "bot-92": 1,
    "bot-73": 1,
    "bot-52": 2,
    "bot-98": 1,
    "bot-32": 2,
    "bot-78": 2,
    "bot-147": 1,
    "bot-125": 1,
    "bot-49": 1,
    "bot-101": 1,
    "bot-40": 2,
    "bot-56": 1,
    "bot-29": 2,
    "rosie": 7,
    "bot-108": 1,
    "bot-38": 3,
    "bot-70": 2,
    "bot-85": 1,
    "bot-58": 1,
    "bot-94": 2,
    "bot-74": 1,
    "bot-105": 1,
    "prickly": 1,
    "bot-69": 1,
    "bot-141": 2,
    "bot-91": 1,
    "bot-104": 1,
    "bot-57": 2,
    "Soldier Ant": 1,
    "bot-30": 1,
    "Massive Beetle": 3
  },
  "loadout_history": {
    "1": 957,
    "0": 1121,
    "14": 24,
    "9": 14,
    "6": 12,
    "15": 16,
    "24": 11,
    "5": 30,
    "26": 3,
    "16": 3,
    "25": 11,
    "7": 5,
    "10": 19,
    "19": 13,
    "18": 10,
    "116": 3,
    "181": 1,
    "79": 5,
    "36": 2,
    "51": 5,
    "49": 2,
    "107": 1,
    "11": 3,
    "48": 1,
    "35": 3,
    "27": 1,
    "21": 1,
    "58": 4,
    "20": 2,
    "12": 2,
    "33": 2,
    "34": 2,
    "54": 1,
    "180": 3,
    "167": 2,
    "17": 2,
    "13": 1,
    "28": 4,
    "61": 1,
    "60": 2,
    "29": 1,
    "75": 1,
    "23": 4
  }
}