{
  "schema": 1,
  "name": "bot-zukg",
  "first_seen": 1778213082.205406,
  "last_seen": 1778213319.022041,
  "episodes": 47,
  "score_total": 4851,
  "score_best": 741,
  "best_loadout": [
    14,
    1,
    1,
    1,
    0,
    18
  ],
  "killed_by": {
    "Hornet": 22,
    "Cactus": 1,
    "bot-apai": 3,
    "rosie": 1,
    "Bee": 5,
    "Spider": 2,
    "Centipede": 4,
    "Ladybug": 2,
    "Soldier Ant": 1,
    "bot-pdog": 1,
    "bot-sqrk": 1,
    "bot-jjme": 2,
    "Rock": 2
  },
  "loadout_history": {
    "0": 30,
    "1": 38,
    "24": 2,
    "34": 4,
    "68": 1,
    "79": 2,
    "13": 1,
    "14": 14,
    "15": 3,
    "23": 6,
    "28": 4,
    "64": 1,
    "20": 1,
    "5": 7,
    "11": 2,
    "19": 1,
    "46": 1,
    "6": 1,
    "77": 2,
    "55": 2,
    "12": 1,
    "9": 9,
    "7": 1,
    "18": 8,
    "62": 1,
    "10": 1,
    "40": 2
  }
}