{
  "schema": 1,
  "name": "bot-goyi",
  "first_seen": 1778123141.44403,
  "last_seen": 1778123900.629486,
  "episodes": 6,
  "score_total": 212,
  "score_best": 67,
  "best_loadout": [
    40,
    40,
    41,
    40,
    34
  ],
  "killed_by": {
    "Bee": 1,
    "Rock": 1,
    "sussy": 1,
    "not bot": 2
  },
  "loadout_history": {
    "11": 2,
    "7": 1,
    "14": 4,
    "6": 2,
    "1": 1,
    "34": 2,
    "40": 4,
    "9": 1,
    "41": 1,
    "24": 2,
    "48": 1
  }
}