{
  "schema": 1,
  "name": "bot-57",
  "first_seen": 1778543102.961463,
  "last_seen": 1778545846.843501,
  "episodes": 29,
  "score_total": 1521,
  "score_best": 103,
  "best_loadout": [
    24,
    0,
    0,
    0,
    0
  ],
  "killed_by": {
    "Desert Centipede": 1,
    "Hornet": 8,
    "Spider": 2,
    "Wasp": 4,
    "bot-144": 1,
    "Evil Centipede": 5,
    "Leafbug": 1,
    "Cactus": 3,
    "bot-119": 1
  },
  "loadout_history": {
    "0": 25,
    "1": 23,
    "14": 2,
    "167": 1,
    "20": 1,
    "46": 1,
    "24": 2,
    "10": 2,
    "19": 1,
    "34": 1,
    "5": 1,
    "11": 1
  }
}