{
  "schema": 1,
  "name": "bot-22",
  "first_seen": 1778543605.206269,
  "last_seen": 1778553037.127983,
  "episodes": 40,
  "score_total": 3286,
  "score_best": 1021,
  "best_loadout": [
    0,
    0,
    0,
    0,
    0,
    0
  ],
  "killed_by": {
    "bot-135": 1,
    "Hornet": 13,
    "Sandstorm": 2,
    "bot-118": 1,
    "Mantis": 5,
    "bot-61": 2,
    "Spider": 3,
    "Wasp": 4,
    "Bee": 1,
    "Cactus": 1,
    "Beetle": 1
  },
  "loadout_history": {
    "0": 38,
    "29": 1,
    "14": 3,
    "1": 28,
    "9": 1,
    "5": 2,
    "19": 1,
    "167": 1,
    "49": 1,
    "24": 3,
    "18": 2,
    "116": 1,
    "10": 2,
    "11": 2,
    "7": 1,
    "25": 1
  }
}