{
  "schema": 1,
  "name": "bot-94",
  "first_seen": 1778543122.142706,
  "last_seen": 1778624294.9351318,
  "episodes": 463,
  "score_total": 64221,
  "score_best": 10041,
  "best_loadout": [
    0,
    0,
    0,
    1,
    1,
    0,
    0,
    0
  ],
  "killed_by": {
    "Sandstorm": 8,
    "Hornet": 126,
    "Centipede": 6,
    "bot-34": 2,
    "Mantis": 50,
    "Wasp": 90,
    "bot-131": 1,
    "Bee": 30,
    "Cactus": 17,
    "bot-36": 1,
    "bot-133": 2,
    "bot-93": 1,
    "Beetle": 13,
    "blossom": 1,
    "bot-120": 2,
    "Ladybug": 17,
    "bot-30": 1,
    "Spider": 13,
    "Leafbug": 7,
    "Evil Centipede": 6,
    "gardn": 1,
    "bot-85": 1,
    "Rock": 6,
    "Desert Centipede": 2,
    "bot-56": 1,
    "bot-144": 2,
    "Baby Ant": 2,
    "bot-64": 1,
    "blossom-v2": 1,
    "bot-145": 1,
    "not bot": 1,
    "bot-26": 1,
    "bot-101": 1,
    "petalpop": 1,
    "bot-28": 4,
    "Bush": 4,
    "bot-76": 1,
    "bot-40": 1,
    "bot-67": 1,
    "bloom": 6,
    "bot-73": 1,
    "bot-32": 1,
    "Worker Ant": 2,
    "root": 1,
    "bot-38": 1,
    "bot-29": 1,
    "bot-128": 1,
    "bot-55": 1,
    "Scorpion": 1,
    "bot-113": 1,
    "bot-92": 1,
    "bot-22": 3,
    "bot-89": 1,
    "bot-77": 1
  },
  "loadout_history": {
    "0": 385,
    "1": 307,
    "35": 2,
    "14": 4,
    "28": 2,
    "79": 1,
    "10": 3,
    "6": 4,
    "24": 4,
    "204": 1,
    "15": 7,
    "9": 3,
    "16": 1,
    "18": 1,
    "5": 4,
    "11": 1,
    "46": 1,
    "107": 2,
    "27": 1,
    "19": 1,
    "37": 1,
    "12": 1,
    "29": 1,
    "36": 1,
    "23": 1,
    "7": 1,
    "34": 1,
    "25": 1,
    "60": 1
  }
}