{
  "schema": 1,
  "name": "bot-38",
  "first_seen": 1778543153.680154,
  "last_seen": 1778638685.323533,
  "episodes": 603,
  "score_total": 93132,
  "score_best": 7605,
  "best_loadout": [
    0,
    0,
    0,
    0,
    1,
    0,
    0,
    0
  ],
  "killed_by": {
    "Hornet": 127,
    "Mantis": 52,
    "Bee": 52,
    "Beetle": 22,
    "Centipede": 22,
    "Ladybug": 23,
    "bot-24": 3,
    "bot-107": 2,
    "Wasp": 105,
    "Cactus": 38,
    "bot-143": 1,
    "bot-60": 2,
    "bloomy": 1,
    "not bot": 1,
    "bot-124": 1,
    "bot-58": 1,
    "Sandstorm": 6,
    "bot-59": 2,
    "Leafbug": 7,
    "Spider": 21,
    "Worker Ant": 2,
    "bot-42": 1,
    "Bush": 10,
    "bot-85": 1,
    "bot-118": 3,
    "bot-96": 1,
    "Rock": 10,
    "Desert Centipede": 4,
    "Scorpion": 3,
    "bot-43": 5,
    "blossom-v2": 1,
    "bot-48": 2,
    "bot-64": 1,
    "bot-73": 1,
    "Baby Ant": 1,
    "bot-132": 1,
    "bot-99": 2,
    "bot-149": 1,
    "bot-109": 1,
    "Evil Centipede": 4,
    "bot-102": 2,
    "bot-127": 1,
    "bot-76": 5,
    "bot-125": 1,
    "gardn": 1,
    "bot-68": 2,
    "rosie": 3,
    "bot-49": 1,
    "bot-98": 2,
    "bot-91": 1,
    "bot-88": 1,
    "bot-116": 1,
    "bot-65": 1,
    "bot-83": 1,
    "bot-94": 1,
    "petalpop": 1,
    "bot-146": 1,
    "bot-54": 1,
    "bot-128": 2,
    "Soldier Ant": 6,
    "bot-90": 3,
    "bot-77": 1,
    "bot-30": 1,
    "hello": 1,
    "bot-69": 2,
    "bot-86": 1,
    "bot-144": 2,
    "bot-136": 1,
    "bot-89": 2,
    "bot-103": 1
  },
  "loadout_history": {
    "0": 504,
    "1": 402,
    "9": 12,
    "5": 13,
    "19": 2,
    "15": 5,
    "24": 3,
    "14": 13,
    "34": 4,
    "181": 1,
    "79": 3,
    "18": 8,
    "10": 8,
    "205": 1,
    "83": 1,
    "7": 5,
    "28": 1,
    "21": 1,
    "46": 1,
    "20": 1,
    "25": 2,
    "97": 1,
    "33": 1,
    "49": 1,
    "29": 1,
    "11": 3,
    "13": 1,
    "58": 3,
    "6": 3,
    "51": 1,
    "31": 1,
    "8": 2,
    "12": 1,
    "61": 1
  }
}