{
  "schema": 1,
  "name": "bot-52",
  "first_seen": 1778543101.238882,
  "last_seen": 1778556479.730189,
  "episodes": 76,
  "score_total": 4399,
  "score_best": 151,
  "best_loadout": [
    0,
    0,
    5,
    0,
    0
  ],
  "killed_by": {
    "Hornet": 26,
    "Mantis": 6,
    "Beetle": 7,
    "Bee": 3,
    "Spider": 2,
    "bot-100": 1,
    "Wasp": 12,
    "bot-59": 1,
    "Cactus": 2,
    "bot-24": 1,
    "Centipede": 1,
    "bot-78": 2,
    "bot-45": 1,
    "Leafbug": 1,
    "Evil Centipede": 1
  },
  "loadout_history": {
    "1": 56,
    "0": 68,
    "14": 2,
    "69": 1,
    "29": 2,
    "79": 3,
    "28": 2,
    "24": 2,
    "16": 1,
    "15": 3,
    "12": 1,
    "5": 8,
    "55": 1,
    "36": 1,
    "167": 1,
    "25": 1,
    "10": 2
  }
}