{
  "schema": 1,
  "name": "bot-131",
  "first_seen": 1778543543.0287948,
  "last_seen": 1779316444.269911,
  "episodes": 1490,
  "score_total": 240141,
  "score_best": 10073,
  "best_loadout": [
    0,
    0,
    15,
    1,
    1,
    5,
    0,
    0
  ],
  "killed_by": {
    "bot-29": 3,
    "Hornet": 378,
    "Mantis": 109,
    "Beetle": 84,
    "Evil Centipede": 17,
    "Cactus": 73,
    "bot-138": 2,
    "Spider": 45,
    "bot-139": 1,
    "bot-80": 3,
    "Wasp": 254,
    "Centipede": 37,
    "bot-71": 1,
    "Bee": 100,
    "bot-51": 2,
    "Rock": 15,
    "Worker Ant": 7,
    "Scorpion": 9,
    "bot-37": 1,
    "bot-74": 1,
    "Ladybug": 68,
    "Leafbug": 23,
    "Bush": 17,
    "bot-93": 2,
    "bot-27": 4,
    "bot-127": 1,
    "bot-116": 3,
    "67": 5,
    "bot-135": 1,
    "bot-104": 3,
    "Soldier Ant": 8,
    "Sandstorm": 13,
    "bot-55": 3,
    "flower": 1,
    "bot-144": 5,
    "bot-47": 2,
    "bot-72": 1,
    "bot-44": 2,
    "blossom": 4,
    "bot-109": 3,
    "bot-35": 1,
    "bot-61": 3,
    "not bot": 1,
    "bot-66": 1,
    "bot-68": 1,
    "Desert Centipede": 7,
    "bot-33": 1,
    "bot-106": 1,
    "thorny": 4,
    "bot-108": 3,
    "bot-53": 3,
    "bot-96": 5,
    "bot-134": 1,
    "hello": 2,
    "bot-40": 1,
    "bot-32": 2,
    "bot-84": 5,
    "bot-148": 3,
    "bot-34": 4,
    "bot-136": 5,
    "bot-92": 1,
    "bot-137": 7,
    "bot-98": 1,
    "bot-112": 4,
    "bot-82": 3,
    "bot-76": 3,
    "aa": 2,
    "blossom-v2": 3,
    "bot-126": 1,
    "bot-45": 1,
    "petalpop": 3,
    "bot-41": 4,
    "bot-63": 1,
    "Baby Ant": 5,
    "bot-87": 1,
    "bot-78": 4,
    "bot-28": 2,
    "bot-100": 1,
    "bot": 3,
    "bot-119": 7,
    "bot-99": 1,
    "bot-79": 1,
    "bot-88": 2,
    "bot-50": 2,
    "bot-58": 1,
    "leafy": 4,
    "bot-24": 2,
    "bot-77": 1,
    "bot-97": 1,
    "bot-133": 3,
    "a": 1,
    "bot-67": 1,
    "bot-62": 2,
    "bot-46": 1,
    "bot-39": 1,
    "bot-89": 2,
    "bot-94": 1,
    "bot-147": 1,
    "bot-129": 1,
    "thornbloom": 1,
    "bot-107": 1,
    "bot-65": 2,
    "bot-121": 1,
    "Ant Hole": 1,
    "bot-25": 1,
    "bot-95": 1,
    "bot-145": 1,
    "florrio": 1,
    "sussy": 3,
    "bot-113": 1,
    "bloomy": 1,
    "bot-85": 1,
    "bot-42": 2,
    "Boulder": 1,
    "bot-118": 1,
    "bot-142": 1
  },
  "loadout_history": {
    "0": 1268,
    "1": 1047,
    "5": 22,
    "14": 20,
    "15": 17,
    "31": 2,
    "10": 10,
    "33": 5,
    "9": 14,
    "7": 6,
    "25": 12,
    "6": 10,
    "19": 7,
    "116": 4,
    "18": 12,
    "26": 2,
    "60": 2,
    "35": 3,
    "167": 4,
    "24": 11,
    "117": 1,
    "8": 3,
    "20": 4,
    "69": 1,
    "64": 1,
    "16": 2,
    "84": 1,
    "48": 1,
    "11": 2,
    "13": 1,
    "79": 4,
    "182": 1,
    "61": 1,
    "168": 3,
    "46": 2,
    "21": 1,
    "135": 1,
    "58": 1,
    "29": 4,
    "51": 2,
    "112": 1,
    "56": 1,
    "34": 3,
    "36": 1,
    "92": 1,
    "28": 5,
    "30": 1,
    "12": 1,
    "17": 3,
    "55": 1,
    "49": 2,
    "47": 1,
    "45": 1,
    "180": 1,
    "23": 2,
    "50": 1,
    "32": 1,
    "40": 1,
    "41": 2,
    "62": 1
  }
}