{
  "schema": 1,
  "name": "bot-111",
  "first_seen": 1778364754.971021,
  "last_seen": 1778624200.6697888,
  "episodes": 448,
  "score_total": 39456,
  "score_best": 5296,
  "best_loadout": [
    0,
    0,
    1,
    0,
    1,
    0,
    0
  ],
  "killed_by": {
    "Hornet": 116,
    "Scorpion": 2,
    "Spider": 10,
    "Cactus": 29,
    "Wasp": 76,
    "Bee": 31,
    "bot-304": 1,
    "Mantis": 55,
    "bot-107": 2,
    "Beetle": 11,
    "bot-71": 2,
    "bot-99": 1,
    "Evil Centipede": 3,
    "bot-128": 1,
    "bot-122": 1,
    "Rock": 4,
    "Centipede": 6,
    "bot-134": 2,
    "Bush": 5,
    "Sandstorm": 5,
    "bot-53": 1,
    "Ladybug": 11,
    "bot-81": 2,
    "bot-125": 1,
    "Desert Centipede": 2,
    "bot-52": 1,
    "bot-46": 3,
    "prickly": 1,
    "bot-127": 5,
    "Leafbug": 4,
    "Worker Ant": 2,
    "bot-146": 1,
    "bot-44": 2,
    "bot-69": 2,
    "zorr": 1,
    "blossom-v2": 1,
    "bot-35": 1,
    "thorn": 1,
    "thorny": 1,
    "bot-132": 1,
    "bot-112": 1,
    "bot-61": 1,
    "bot-58": 1,
    "bot-92": 4,
    "not bot": 2,
    "bot-121": 1,
    "bot-79": 1,
    "bot-74": 1,
    "Soldier Ant": 3,
    "bot-50": 1,
    "bot-22": 1,
    "bot-26": 4,
    "bot-142": 1,
    "bot-34": 1
  },
  "loadout_history": {
    "0": 399,
    "1": 291,
    "15": 6,
    "23": 2,
    "59": 1,
    "5": 7,
    "14": 9,
    "24": 2,
    "6": 3,
    "20": 2,
    "10": 3,
    "34": 2,
    "9": 6,
    "18": 8,
    "49": 1,
    "35": 1,
    "54": 1,
    "167": 1,
    "7": 1,
    "168": 1,
    "17": 1,
    "30": 1,
    "36": 1
  }
}