{
  "schema": 1,
  "name": "bot-54",
  "first_seen": 1778543110.4872751,
  "last_seen": 1779316459.5858939,
  "episodes": 1459,
  "score_total": 213100,
  "score_best": 6841,
  "best_loadout": [
    0,
    0,
    0,
    0,
    0,
    0,
    0,
    0
  ],
  "killed_by": {
    "Wasp": 255,
    "Hornet": 379,
    "gardn": 1,
    "Mantis": 130,
    "bot-66": 2,
    "Bee": 97,
    "Bush": 16,
    "bot-94": 3,
    "Centipede": 28,
    "bot-59": 2,
    "bot-51": 1,
    "Beetle": 77,
    "bot-113": 2,
    "bot-38": 2,
    "bot-99": 1,
    "Cactus": 92,
    "bot-44": 3,
    "Baby Ant": 2,
    "bot-97": 3,
    "Ladybug": 64,
    "Evil Centipede": 19,
    "bot-40": 7,
    "Spider": 36,
    "Leafbug": 22,
    "bot-104": 2,
    "bot-136": 1,
    "bot-101": 2,
    "bot-34": 2,
    "bot-116": 2,
    "bot-36": 1,
    "Worker Ant": 6,
    "bot-37": 1,
    "Rock": 10,
    "bot-26": 3,
    "bot-71": 3,
    "Sandstorm": 21,
    "bot-96": 2,
    "bot-106": 3,
    "bot-56": 1,
    "leafy": 2,
    "bot-60": 4,
    "bot-95": 1,
    "bot-112": 2,
    "bot-22": 1,
    "bot-128": 3,
    "bot-109": 2,
    "bot-119": 1,
    "bot-138": 1,
    "bot-89": 2,
    "bot-132": 2,
    "bot-140": 1,
    "prickly": 1,
    "bot-92": 1,
    "a": 1,
    "bot-91": 1,
    "bot-41": 1,
    "bot-30": 3,
    "bot-24": 3,
    "Scorpion": 3,
    "bot-120": 1,
    "rosie": 1,
    "Soldier Ant": 8,
    "bot-73": 3,
    "bot-68": 1,
    "bot-144": 2,
    "Desert Centipede": 9,
    "bot-43": 1,
    "bot-23": 2,
    "bot-31": 1,
    "bot-70": 2,
    "bot-76": 2,
    "bot-126": 1,
    "bot-78": 2,
    "aa": 1,
    "bot-121": 2,
    "not bot": 2,
    "bot-74": 2,
    "bot-124": 3,
    "bot-50": 1,
    "bot-148": 1,
    "bot-53": 1,
    "bot-72": 3,
    "bot-145": 1,
    "bot-45": 2,
    "bot-118": 1,
    "thorn": 1,
    "bot-28": 1,
    "bot-133": 1,
    "zorr": 1,
    "root": 1,
    "bot": 1,
    "bot-79": 1,
    "bot-142": 1,
    "bot-111": 1,
    "bot-90": 1,
    "bot-85": 1,
    "67": 6,
    "thornbloom": 1,
    "bot-115": 1,
    "petalpop": 1,
    "bot-62": 2,
    "bot-47": 1,
    "bot-147": 4,
    "bot-127": 1,
    "bot-65": 1,
    "bot-105": 1,
    "bot-80": 1,
    "bot-46": 1,
    "bot-42": 2,
    "bot-139": 1,
    "bot-149": 1,
    "bot-88": 1,
    "blossom-v2": 1,
    "bot-67": 1,
    "bot-125": 1,
    "bot-55": 1,
    "bot-57": 1
  },
  "loadout_history": {
    "0": 1231,
    "1": 1012,
    "14": 26,
    "11": 9,
    "24": 27,
    "33": 4,
    "5": 25,
    "8": 3,
    "6": 17,
    "34": 5,
    "10": 4,
    "25": 6,
    "9": 10,
    "18": 15,
    "15": 16,
    "61": 2,
    "177": 2,
    "23": 9,
    "16": 5,
    "79": 4,
    "30": 1,
    "19": 6,
    "49": 1,
    "116": 2,
    "55": 1,
    "7": 4,
    "21": 1,
    "89": 1,
    "17": 1,
    "26": 2,
    "167": 1,
    "29": 4,
    "12": 1,
    "180": 2,
    "48": 2,
    "159": 1,
    "117": 1,
    "35": 4,
    "32": 1,
    "13": 1,
    "69": 1,
    "28": 8,
    "20": 1,
    "75": 1,
    "40": 2,
    "50": 1,
    "31": 1,
    "41": 2,
    "204": 1,
    "46": 1
  }
}