{
  "schema": 1,
  "name": "bot-122",
  "first_seen": 1778543128.354353,
  "last_seen": 1778718456.207896,
  "episodes": 1237,
  "score_total": 229819,
  "score_best": 10100,
  "best_loadout": [
    0,
    0,
    0,
    0,
    0,
    0,
    0,
    0
  ],
  "killed_by": {
    "Hornet": 279,
    "Wasp": 234,
    "bot-143": 2,
    "Bee": 84,
    "thorny": 4,
    "Mantis": 120,
    "Ladybug": 51,
    "bot-38": 3,
    "Beetle": 50,
    "Sandstorm": 19,
    "bot-101": 2,
    "Evil Centipede": 9,
    "Rock": 20,
    "bot-113": 2,
    "Cactus": 71,
    "bot-57": 2,
    "Centipede": 32,
    "Desert Centipede": 12,
    "bot-119": 1,
    "a": 2,
    "bot-76": 3,
    "Spider": 30,
    "bot-137": 2,
    "bot-79": 1,
    "bot-115": 1,
    "bot-63": 2,
    "Bush": 10,
    "bot-141": 1,
    "bot-40": 9,
    "bot-59": 1,
    "bot-78": 6,
    "Worker Ant": 5,
    "Leafbug": 18,
    "bot-28": 1,
    "bot-72": 2,
    "bloom": 1,
    "prickly": 2,
    "thorn": 3,
    "bot-46": 1,
    "bot-146": 3,
    "bot-34": 1,
    "bot-145": 3,
    "bot-80": 1,
    "bot-29": 1,
    "bot-77": 2,
    "bot-83": 4,
    "bot-136": 1,
    "bot-56": 1,
    "bot-42": 3,
    "bot-93": 1,
    "bot-118": 2,
    "bot-25": 5,
    "bot-71": 3,
    "blossom-v2": 2,
    "bot-54": 3,
    "bot-138": 3,
    "bot-86": 5,
    "bot-24": 1,
    "bot-102": 4,
    "bot-140": 3,
    "bot-26": 2,
    "bot-61": 2,
    "Scorpion": 2,
    "bot-73": 1,
    "bot-65": 1,
    "bot-134": 1,
    "bot-53": 1,
    "Soldier Ant": 4,
    "bot-60": 2,
    "rosie": 3,
    "bot-98": 1,
    "bot-84": 3,
    "bot-89": 2,
    "bot-120": 1,
    "bot-106": 2,
    "bot-112": 1,
    "bot-41": 2,
    "bot-55": 1,
    "bot-110": 1,
    "bot-111": 1,
    "bot-47": 2,
    "bot-103": 1,
    "bot-108": 1,
    "bot-52": 1,
    "bot-123": 4,
    "petalpop": 1,
    "bot-148": 1,
    "bloomy": 1,
    "bot-50": 1,
    "bot-64": 1,
    "67": 1,
    "bot-127": 1,
    "bot-58": 4,
    "bot-70": 1,
    "bot-66": 1,
    "bot-75": 1,
    "zorr": 1,
    "bot-33": 1,
    "leafy": 1,
    "bot-69": 1,
    "florrio": 1,
    "bot-135": 1,
    "bot-48": 1,
    "Queen Ant": 1,
    "bot-67": 1,
    "bot-43": 2,
    "bot-124": 1,
    "blossom": 2,
    "bot-147": 1
  },
  "loadout_history": {
    "0": 1040,
    "1": 871,
    "9": 15,
    "167": 2,
    "10": 9,
    "6": 13,
    "18": 9,
    "69": 1,
    "34": 4,
    "15": 11,
    "35": 4,
    "14": 18,
    "24": 15,
    "116": 2,
    "5": 16,
    "16": 5,
    "13": 2,
    "58": 1,
    "60": 3,
    "12": 4,
    "46": 3,
    "33": 1,
    "11": 3,
    "136": 1,
    "17": 1,
    "56": 2,
    "51": 3,
    "8": 2,
    "25": 2,
    "20": 2,
    "7": 2,
    "37": 1,
    "19": 2,
    "180": 1,
    "21": 2,
    "79": 1,
    "23": 2,
    "22": 1,
    "101": 1,
    "28": 3,
    "177": 1,
    "26": 1
  }
}