{
  "schema": 1,
  "name": "bot-138",
  "first_seen": 1778543714.037844,
  "last_seen": 1778638837.255632,
  "episodes": 613,
  "score_total": 90601,
  "score_best": 5117,
  "best_loadout": [
    0,
    0,
    0,
    0,
    0,
    0,
    0
  ],
  "killed_by": {
    "Sandstorm": 9,
    "Beetle": 27,
    "Wasp": 124,
    "Scorpion": 5,
    "Hornet": 131,
    "bot-110": 2,
    "Bee": 39,
    "Mantis": 47,
    "Spider": 16,
    "bot-117": 1,
    "Evil Centipede": 4,
    "gardn": 2,
    "Cactus": 42,
    "bot-140": 1,
    "bot-42": 3,
    "Baby Ant": 2,
    "bot-96": 1,
    "thorny": 1,
    "bot-134": 2,
    "bot-72": 1,
    "bot-146": 1,
    "bot-139": 1,
    "Centipede": 18,
    "bot-76": 1,
    "bot-71": 2,
    "Ladybug": 21,
    "bot-28": 3,
    "bot-148": 1,
    "bot-109": 2,
    "Soldier Ant": 1,
    "bot-89": 1,
    "Desert Centipede": 2,
    "Leafbug": 10,
    "Worker Ant": 3,
    "blossom": 2,
    "bot-54": 2,
    "bot-101": 1,
    "zorr": 2,
    "Rock": 4,
    "bot-35": 1,
    "bot-106": 1,
    "bot-115": 1,
    "Bush": 10,
    "bot-82": 2,
    "bot-125": 3,
    "bot-127": 2,
    "bot-79": 1,
    "bot-90": 1,
    "bot-135": 1,
    "bot-67": 3,
    "bot-38": 1,
    "bot-124": 1,
    "bot-75": 4,
    "bot-24": 1,
    "bot-137": 1,
    "bot-32": 1,
    "bot-94": 1,
    "bot-80": 4,
    "leafy": 1,
    "bot-130": 1,
    "bot-47": 1,
    "bot-126": 1,
    "bot-144": 1,
    "bot-31": 1,
    "bot-95": 1,
    "bot-136": 1,
    "root": 1,
    "bot-97": 1,
    "bot-56": 1,
    "bot-61": 1,
    "bot-45": 2,
    "bot-104": 1,
    "bot-78": 1,
    "bot-105": 2,
    "bot-129": 1,
    "bot-121": 1,
    "bot-100": 1,
    "bot-51": 1,
    "bot-50": 2
  },
  "loadout_history": {
    "0": 517,
    "1": 436,
    "79": 3,
    "5": 8,
    "10": 3,
    "18": 4,
    "6": 3,
    "29": 2,
    "69": 2,
    "9": 3,
    "34": 2,
    "24": 7,
    "49": 2,
    "14": 8,
    "167": 1,
    "16": 1,
    "8": 1,
    "12": 2,
    "83": 1,
    "7": 4,
    "35": 1,
    "28": 2,
    "23": 1,
    "15": 5,
    "25": 2,
    "55": 1,
    "36": 1,
    "22": 1,
    "60": 1,
    "33": 1,
    "48": 1
  }
}