{
  "schema": 1,
  "name": "bot-309",
  "first_seen": 1778364743.332937,
  "last_seen": 1778470893.183816,
  "episodes": 19,
  "score_total": 178,
  "score_best": 28,
  "best_loadout": [
    1,
    1,
    1,
    1,
    1
  ],
  "killed_by": {
    "Hornet": 6,
    "Beetle": 6,
    "bot-400": 1
  },
  "loadout_history": {
    "1": 16,
    "0": 12,
    "5": 1,
    "9": 1,
    "15": 1,
    "18": 1
  }
}