{
  "schema": 1,
  "name": "bot-89",
  "first_seen": 1778543490.895394,
  "last_seen": 1778624135.646799,
  "episodes": 447,
  "score_total": 75390,
  "score_best": 11358,
  "best_loadout": [
    15,
    0,
    0,
    0,
    0,
    0,
    0,
    0
  ],
  "killed_by": {
    "Bush": 4,
    "Hornet": 107,
    "Desert Centipede": 2,
    "Mantis": 38,
    "bot-140": 1,
    "Cactus": 27,
    "blossom": 1,
    "Wasp": 86,
    "bot-86": 1,
    "Worker Ant": 2,
    "bot-67": 1,
    "Beetle": 16,
    "Bee": 42,
    "Centipede": 15,
    "Spider": 10,
    "bot-73": 3,
    "bot-41": 2,
    "Evil Centipede": 4,
    "Sandstorm": 4,
    "Scorpion": 5,
    "Ladybug": 14,
    "bot-132": 2,
    "bot-49": 1,
    "bot-137": 1,
    "bot-23": 1,
    "bot-48": 3,
    "Baby Ant": 1,
    "Leafbug": 4,
    "bot-123": 1,
    "bot-37": 1,
    "bot-142": 1,
    "bot-113": 2,
    "florrio": 3,
    "bot-42": 1,
    "bot-103": 1,
    "bot-61": 1,
    "bot-71": 1,
    "bot-34": 1,
    "bot-87": 1,
    "thorn": 2,
    "Rock": 2,
    "bot-110": 1,
    "gardn": 1,
    "a": 1,
    "bot-83": 1,
    "bloom": 1,
    "bot-141": 2,
    "bot-143": 1,
    "bot-35": 1,
    "bot-79": 1,
    "bot-120": 1,
    "thornbloom": 1,
    "bot-119": 2,
    "bot-33": 1,
    "bot-46": 1,
    "bot-136": 1,
    "bot-146": 1,
    "bot-24": 1,
    "bot-92": 1,
    "bot-39": 1,
    "bot-130": 1,
    "bot-99": 1,
    "bot-52": 1
  },
  "loadout_history": {
    "0": 391,
    "1": 274,
    "5": 8,
    "69": 1,
    "45": 1,
    "24": 8,
    "29": 3,
    "14": 11,
    "35": 1,
    "9": 5,
    "10": 3,
    "34": 1,
    "32": 1,
    "15": 4,
    "7": 4,
    "79": 1,
    "33": 1,
    "6": 6,
    "25": 1,
    "26": 2,
    "21": 1,
    "31": 1,
    "30": 1,
    "51": 1,
    "48": 1,
    "60": 1,
    "84": 1,
    "107": 1,
    "11": 1,
    "18": 1
  }
}