{
  "schema": 1,
  "name": "bot-44",
  "first_seen": 1778543471.38784,
  "last_seen": 1778548782.049945,
  "episodes": 28,
  "score_total": 1969,
  "score_best": 155,
  "best_loadout": [
    14,
    0,
    0,
    1,
    0
  ],
  "killed_by": {
    "Hornet": 6,
    "Sandstorm": 2,
    "Rock": 1,
    "Mantis": 4,
    "Wasp": 7,
    "Cactus": 1,
    "bot-61": 1,
    "bot-56": 2,
    "bot-86": 1
  },
  "loadout_history": {
    "0": 23,
    "1": 23,
    "46": 1,
    "9": 1,
    "14": 2,
    "5": 1,
    "49": 1,
    "167": 2,
    "15": 2,
    "21": 1,
    "19": 1,
    "18": 1
  }
}