{
  "schema": 1,
  "name": "bot-127",
  "first_seen": 1778543800.252141,
  "last_seen": 1778713179.710154,
  "episodes": 1094,
  "score_total": 163070,
  "score_best": 5161,
  "best_loadout": [
    0,
    0,
    0,
    0,
    0,
    0,
    0
  ],
  "killed_by": {
    "bot-22": 4,
    "Beetle": 34,
    "Hornet": 251,
    "Wasp": 206,
    "Cactus": 67,
    "bot-142": 1,
    "bot-55": 1,
    "bot-23": 1,
    "Bee": 84,
    "Mantis": 93,
    "Ladybug": 39,
    "Desert Centipede": 4,
    "bot-131": 1,
    "bot-139": 1,
    "rosie": 2,
    "bot-129": 2,
    "bot-82": 1,
    "bot-49": 3,
    "bot-133": 2,
    "Spider": 27,
    "Evil Centipede": 11,
    "Rock": 13,
    "Sandstorm": 6,
    "Leafbug": 23,
    "Centipede": 31,
    "bot-85": 6,
    "bot-104": 1,
    "bot-53": 1,
    "bot-24": 2,
    "bot-87": 2,
    "bot-116": 2,
    "bot-28": 1,
    "bot-88": 1,
    "bot-124": 1,
    "Soldier Ant": 3,
    "bot-76": 3,
    "bot-46": 1,
    "gardn": 3,
    "bot-144": 2,
    "Scorpion": 7,
    "bot-113": 1,
    "blossom": 2,
    "bot-112": 5,
    "bot-108": 2,
    "bot-90": 1,
    "bot-42": 2,
    "bot-138": 4,
    "bot-103": 1,
    "bot-39": 3,
    "bot-120": 1,
    "bot-84": 1,
    "bot-29": 1,
    "bot-72": 1,
    "bot-59": 2,
    "bot-69": 3,
    "bot-89": 2,
    "bot-75": 1,
    "hello": 3,
    "a": 2,
    "Worker Ant": 4,
    "bot-92": 1,
    "bot-65": 1,
    "bot-96": 2,
    "bot-123": 2,
    "Baby Ant": 3,
    "flower": 2,
    "Bush": 11,
    "bot-68": 1,
    "bot-32": 3,
    "zorr": 1,
    "bot-148": 1,
    "bot-40": 5,
    "bot-125": 1,
    "bot-136": 3,
    "bot-99": 3,
    "bot-34": 1,
    "bot-132": 2,
    "bot-30": 1,
    "bot-91": 8,
    "bot-126": 1,
    "bot-141": 3,
    "bot-83": 1,
    "bot-118": 1,
    "bot-54": 1,
    "bot-67": 2,
    "bot-98": 3,
    "aa": 2,
    "bot-37": 1,
    "bot-78": 1,
    "bot-102": 1,
    "bot-105": 1,
    "bot-134": 1,
    "bot-50": 1,
    "bot-48": 1,
    "thornbloom": 1,
    "bot-31": 2,
    "bot-86": 1,
    "bot-149": 1,
    "bot-135": 1,
    "bot-81": 1,
    "bloomy": 1,
    "bot-143": 1,
    "bot-140": 1,
    "bot-111": 2,
    "bot-95": 1,
    "bot-35": 1,
    "bot-128": 1,
    "bot-51": 1,
    "bot-106": 1,
    "bot-52": 4,
    "bot-36": 1,
    "not bot": 1,
    "bot-80": 1
  },
  "loadout_history": {
    "0": 926,
    "49": 2,
    "28": 6,
    "39": 1,
    "1": 749,
    "18": 7,
    "79": 4,
    "5": 7,
    "24": 7,
    "11": 5,
    "15": 11,
    "9": 13,
    "51": 2,
    "10": 4,
    "14": 14,
    "34": 3,
    "25": 5,
    "171": 1,
    "19": 4,
    "54": 2,
    "6": 8,
    "16": 2,
    "26": 1,
    "20": 2,
    "7": 5,
    "116": 1,
    "33": 2,
    "118": 1,
    "181": 1,
    "8": 4,
    "84": 1,
    "35": 1,
    "29": 2,
    "55": 1,
    "120": 1,
    "12": 1,
    "23": 1,
    "117": 1,
    "21": 2,
    "142": 1,
    "27": 2,
    "108": 1,
    "169": 1,
    "167": 1,
    "83": 1
  }
}