{
  "schema": 1,
  "name": "bot-149",
  "first_seen": 1778543609.035601,
  "last_seen": 1778731778.813838,
  "episodes": 1265,
  "score_total": 207552,
  "score_best": 7614,
  "best_loadout": [
    0,
    0,
    0,
    0,
    0,
    0,
    0,
    0
  ],
  "killed_by": {
    "Beetle": 53,
    "Hornet": 300,
    "Wasp": 224,
    "bloomy": 2,
    "Centipede": 22,
    "Bee": 83,
    "Cactus": 82,
    "Desert Centipede": 15,
    "Scorpion": 13,
    "Evil Centipede": 23,
    "Ladybug": 45,
    "bot-148": 2,
    "bot-78": 2,
    "Mantis": 101,
    "bot-71": 3,
    "bot-56": 1,
    "bot-83": 2,
    "bot-44": 4,
    "Leafbug": 9,
    "Rock": 18,
    "Spider": 45,
    "Worker Ant": 4,
    "bot-40": 1,
    "Sandstorm": 14,
    "Baby Ant": 3,
    "bot-98": 2,
    "bot-82": 1,
    "bot-33": 1,
    "bot-107": 2,
    "bot-52": 2,
    "bot-89": 4,
    "bot-22": 1,
    "bot": 1,
    "prickly": 1,
    "bot-86": 2,
    "bot-126": 2,
    "bot-123": 3,
    "bot-23": 3,
    "bot-37": 1,
    "bot-46": 1,
    "bot-63": 2,
    "bot-68": 4,
    "aa": 2,
    "bot-117": 2,
    "bot-140": 1,
    "bot-26": 3,
    "bot-102": 3,
    "bot-61": 2,
    "bot-131": 3,
    "bot-53": 3,
    "67": 2,
    "bot-79": 1,
    "bot-87": 2,
    "leafy": 2,
    "bot-36": 3,
    "petalpop": 2,
    "bot-95": 2,
    "bot-41": 1,
    "bot-45": 2,
    "zorr": 3,
    "gardn": 1,
    "Bush": 11,
    "bot-142": 1,
    "bot-28": 2,
    "bot-144": 1,
    "bot-62": 4,
    "bot-69": 1,
    "bot-139": 2,
    "bot-106": 2,
    "blossom-v2": 1,
    "bot-34": 1,
    "bot-84": 2,
    "bot-105": 1,
    "bot-93": 1,
    "bot-70": 2,
    "bot-120": 1,
    "bot-74": 2,
    "bot-99": 2,
    "bot-124": 3,
    "a": 2,
    "bot-135": 1,
    "bot-132": 4,
    "bot-101": 2,
    "bot-133": 3,
    "Soldier Ant": 4,
    "bot-73": 2,
    "bot-127": 2,
    "bot-104": 1,
    "bot-38": 3,
    "bot-90": 3,
    "thornbloom": 2,
    "bot-75": 1,
    "bot-143": 1,
    "bot-43": 1,
    "bot-64": 1,
    "bot-122": 1,
    "bot-137": 1,
    "bot-94": 1,
    "bot-54": 1,
    "bot-30": 1,
    "root": 1,
    "bot-145": 1,
    "bot-141": 3,
    "bot-29": 2,
    "bot-136": 1,
    "bot-96": 1,
    "bloom": 2,
    "bot-81": 1,
    "bot-109": 1,
    "bot-115": 1,
    "bot-76": 1,
    "thorny": 1,
    "bot-118": 1,
    "bot-39": 1,
    "bot-31": 1,
    "bot-57": 1,
    "bot-60": 1,
    "bot-48": 2,
    "bot-85": 2,
    "bot-65": 1,
    "bot-138": 2
  },
  "loadout_history": {
    "0": 1055,
    "1": 884,
    "5": 13,
    "14": 22,
    "51": 2,
    "9": 12,
    "15": 14,
    "28": 5,
    "205": 1,
    "11": 6,
    "34": 5,
    "24": 16,
    "33": 1,
    "10": 4,
    "19": 7,
    "29": 2,
    "47": 1,
    "176": 3,
    "93": 1,
    "39": 1,
    "17": 4,
    "26": 1,
    "18": 8,
    "7": 5,
    "25": 2,
    "6": 8,
    "83": 1,
    "54": 1,
    "58": 3,
    "79": 5,
    "16": 2,
    "117": 2,
    "12": 2,
    "31": 1,
    "20": 2,
    "116": 2,
    "8": 2,
    "35": 2,
    "48": 1,
    "167": 2,
    "60": 2,
    "36": 1,
    "181": 1,
    "84": 1,
    "69": 2,
    "46": 1,
    "123": 1
  }
}