{
  "schema": 1,
  "name": "bot-131",
  "first_seen": 1778543543.0287948,
  "last_seen": 1778556764.1505332,
  "episodes": 51,
  "score_total": 3149,
  "score_best": 278,
  "best_loadout": [
    0,
    0,
    0,
    1,
    1,
    0
  ],
  "killed_by": {
    "bot-29": 1,
    "Hornet": 19,
    "Mantis": 6,
    "Beetle": 5,
    "Evil Centipede": 2,
    "Cactus": 2,
    "bot-138": 1,
    "Spider": 2,
    "bot-139": 1,
    "bot-80": 1,
    "Wasp": 4,
    "Centipede": 1
  },
  "loadout_history": {
    "0": 45,
    "1": 34,
    "5": 4,
    "14": 1,
    "15": 3,
    "31": 1,
    "10": 3,
    "33": 2,
    "9": 3,
    "7": 1,
    "25": 1,
    "6": 1
  }
}