{
  "schema": 1,
  "name": "bot-517",
  "first_seen": 1778364746.551878,
  "last_seen": 1778543033.2748291,
  "episodes": 24,
  "score_total": 665,
  "score_best": 157,
  "best_loadout": [
    0,
    1,
    1,
    1,
    0
  ],
  "killed_by": {
    "Hornet": 8,
    "Cactus": 1,
    "Worker Ant": 3,
    "bot-709": 1,
    "Ladybug": 1,
    "Wasp": 1,
    "bot-418": 1,
    "Spider": 1
  },
  "loadout_history": {
    "1": 21,
    "0": 17,
    "11": 1,
    "9": 1,
    "24": 1,
    "10": 1,
    "28": 1,
    "15": 1,
    "20": 1
  }
}