{
  "schema": 1,
  "name": "bot-134",
  "first_seen": 1778543541.314962,
  "last_seen": 1779316417.5107572,
  "episodes": 1503,
  "score_total": 252651,
  "score_best": 9338,
  "best_loadout": [
    0,
    0,
    0,
    0,
    0,
    0,
    0,
    0
  ],
  "killed_by": {
    "Beetle": 66,
    "Bee": 85,
    "Wasp": 280,
    "rosie": 5,
    "Hornet": 348,
    "Evil Centipede": 31,
    "Mantis": 124,
    "bot-116": 1,
    "Scorpion": 16,
    "Desert Centipede": 12,
    "Ladybug": 44,
    "bloomy": 1,
    "Cactus": 104,
    "bot-56": 2,
    "Rock": 15,
    "not bot": 1,
    "bot-48": 3,
    "bot-114": 1,
    "bot-135": 3,
    "Leafbug": 15,
    "Sandstorm": 25,
    "Spider": 43,
    "bot-97": 1,
    "bot-35": 1,
    "bot-88": 1,
    "bot-112": 2,
    "bot-101": 2,
    "Centipede": 37,
    "zorr": 1,
    "bot-106": 1,
    "bot-146": 1,
    "bot-137": 2,
    "bot-26": 1,
    "bot-120": 3,
    "bot-128": 2,
    "bot-126": 1,
    "bot-122": 2,
    "Worker Ant": 9,
    "bot-33": 1,
    "bot-145": 2,
    "prickly": 3,
    "bot-53": 1,
    "bot-84": 2,
    "bot-95": 1,
    "bot-36": 2,
    "bot-49": 2,
    "bot-104": 1,
    "bot": 2,
    "Bush": 24,
    "bot-105": 1,
    "root": 4,
    "bot-133": 1,
    "bot-68": 3,
    "bot-59": 1,
    "bot-82": 2,
    "bot-54": 1,
    "bot-81": 2,
    "thorny": 2,
    "gardn": 2,
    "bot-57": 1,
    "bot-37": 3,
    "petalpop": 2,
    "bot-131": 1,
    "Soldier Ant": 32,
    "bot-144": 1,
    "bot-127": 3,
    "bot-108": 1,
    "bot-28": 1,
    "bot-86": 2,
    "bot-102": 2,
    "bot-119": 2,
    "blossom-v2": 1,
    "bot-70": 1,
    "bot-142": 3,
    "bot-78": 2,
    "bot-79": 2,
    "bot-45": 1,
    "bot-74": 2,
    "67": 2,
    "bot-24": 2,
    "bot-47": 4,
    "Baby Ant": 2,
    "bot-55": 1,
    "bot-50": 2,
    "bot-141": 1,
    "bot-27": 1,
    "blossom": 1,
    "bot-61": 2,
    "bot-138": 2,
    "bot-93": 1,
    "bot-69": 1,
    "bot-89": 4,
    "bot-72": 1,
    "bot-143": 3,
    "bot-32": 1,
    "bot-136": 1,
    "bot-140": 2,
    "bot-125": 1,
    "bot-71": 2,
    "bot-100": 1,
    "thorn": 2,
    "bot-149": 1,
    "bot-73": 1,
    "bot-117": 2,
    "bot-34": 1,
    "bot-58": 1,
    "bot-22": 1,
    "a": 1,
    "bot-99": 1,
    "bot-41": 2,
    "bot-64": 1,
    "bot-121": 1,
    "bot-66": 9,
    "bot-62": 1,
    "bot-130": 1,
    "bot-39": 1,
    "bot-147": 2,
    "bot-124": 1
  },
  "loadout_history": {
    "0": 1289,
    "1": 1071,
    "69": 2,
    "79": 6,
    "28": 20,
    "9": 15,
    "14": 20,
    "167": 3,
    "15": 18,
    "6": 13,
    "29": 3,
    "18": 14,
    "25": 6,
    "11": 3,
    "24": 14,
    "204": 2,
    "5": 27,
    "58": 1,
    "46": 3,
    "17": 3,
    "168": 1,
    "7": 4,
    "30": 2,
    "12": 3,
    "107": 1,
    "83": 2,
    "35": 5,
    "19": 7,
    "10": 5,
    "26": 5,
    "16": 8,
    "22": 1,
    "34": 3,
    "60": 2,
    "55": 1,
    "124": 1,
    "8": 2,
    "45": 2,
    "20": 3,
    "51": 2,
    "21": 2,
    "116": 3,
    "135": 1,
    "97": 1,
    "39": 1,
    "31": 1,
    "84": 1,
    "113": 1,
    "47": 1,
    "68": 1,
    "23": 2,
    "205": 2,
    "50": 1
  }
}