{
  "schema": 1,
  "name": "bot-28",
  "first_seen": 1778543489.99513,
  "last_seen": 1778727520.8615801,
  "episodes": 1263,
  "score_total": 200282,
  "score_best": 8013,
  "best_loadout": [
    0,
    0,
    0,
    0,
    0,
    0,
    0,
    0
  ],
  "killed_by": {
    "Baby Ant": 4,
    "Hornet": 275,
    "Ladybug": 35,
    "Mantis": 115,
    "Cactus": 77,
    "Wasp": 251,
    "Beetle": 57,
    "bot-40": 3,
    "Bee": 84,
    "Sandstorm": 15,
    "bot-134": 1,
    "bloomy": 2,
    "Spider": 32,
    "bot-131": 1,
    "bot-30": 3,
    "bot-94": 2,
    "bot-97": 3,
    "Soldier Ant": 3,
    "bot-31": 1,
    "Evil Centipede": 14,
    "bot-26": 1,
    "bot-29": 3,
    "Bush": 16,
    "Rock": 30,
    "bot-48": 2,
    "Leafbug": 20,
    "bot-92": 1,
    "bot-51": 2,
    "blossom-v2": 7,
    "bot-44": 3,
    "bot-67": 3,
    "Desert Centipede": 2,
    "bot": 1,
    "bot-127": 2,
    "bot-57": 2,
    "bot-25": 1,
    "bot-137": 1,
    "Scorpion": 10,
    "bot-54": 4,
    "bot-77": 1,
    "bot-130": 6,
    "bot-149": 3,
    "Centipede": 22,
    "bot-78": 1,
    "bot-60": 3,
    "gardn": 4,
    "bot-105": 8,
    "bot-24": 1,
    "bot-104": 2,
    "bot-83": 1,
    "bot-141": 2,
    "bot-138": 3,
    "bot-63": 3,
    "leafy": 4,
    "Worker Ant": 5,
    "bot-46": 1,
    "bot-113": 1,
    "bot-71": 1,
    "bot-142": 1,
    "bot-128": 1,
    "bot-88": 1,
    "not bot": 4,
    "bot-100": 1,
    "bot-124": 2,
    "petalpop": 4,
    "bot-102": 1,
    "bot-65": 2,
    "bot-39": 1,
    "thorny": 3,
    "bot-144": 3,
    "bot-64": 2,
    "bot-34": 1,
    "bot-50": 2,
    "bot-121": 2,
    "bot-119": 2,
    "bot-37": 1,
    "bot-81": 2,
    "bot-73": 1,
    "Queen Ant": 2,
    "bot-32": 4,
    "bot-23": 1,
    "bot-107": 3,
    "florrio": 1,
    "bot-61": 2,
    "bot-22": 3,
    "bot-45": 1,
    "bot-76": 1,
    "bot-108": 1,
    "bot-49": 2,
    "bot-139": 1,
    "bot-36": 1,
    "root": 4,
    "bot-109": 1,
    "bot-140": 1,
    "bot-125": 2,
    "bot-132": 1,
    "bot-136": 1,
    "bot-93": 1,
    "bot-85": 2,
    "bot-111": 1,
    "bot-99": 1,
    "bot-133": 2,
    "bot-33": 1,
    "bot-129": 1,
    "bot-135": 3,
    "blossom": 1,
    "zorr": 1
  },
  "loadout_history": {
    "0": 1072,
    "1": 874,
    "5": 21,
    "14": 13,
    "15": 12,
    "18": 12,
    "24": 11,
    "19": 8,
    "9": 8,
    "167": 4,
    "12": 3,
    "10": 10,
    "6": 11,
    "51": 5,
    "20": 1,
    "25": 4,
    "16": 6,
    "11": 3,
    "116": 1,
    "35": 3,
    "17": 2,
    "7": 3,
    "23": 2,
    "34": 4,
    "8": 1,
    "79": 1,
    "45": 1,
    "117": 1,
    "46": 1,
    "28": 1,
    "180": 3,
    "61": 1,
    "48": 2,
    "27": 1,
    "30": 1,
    "136": 1,
    "26": 2,
    "32": 2,
    "54": 1,
    "13": 1,
    "31": 1,
    "29": 3,
    "69": 1,
    "168": 1,
    "55": 2,
    "22": 1,
    "49": 1
  }
}