{
  "schema": 1,
  "name": "bot-63",
  "first_seen": 1778543126.068172,
  "last_seen": 1778624207.0358698,
  "episodes": 440,
  "score_total": 61278,
  "score_best": 10135,
  "best_loadout": [
    0,
    0,
    0,
    0,
    0,
    0,
    0,
    0
  ],
  "killed_by": {
    "Hornet": 97,
    "Mantis": 45,
    "Sandstorm": 14,
    "Wasp": 79,
    "bot-50": 4,
    "Beetle": 14,
    "bot-41": 2,
    "Cactus": 37,
    "Ladybug": 13,
    "Evil Centipede": 4,
    "Spider": 15,
    "Scorpion": 10,
    "bot-59": 1,
    "Bee": 20,
    "Leafbug": 7,
    "Centipede": 11,
    "rosie": 3,
    "bot-29": 1,
    "Bush": 2,
    "Rock": 4,
    "bot-149": 1,
    "Desert Centipede": 7,
    "bot-122": 1,
    "flower": 3,
    "bot-116": 1,
    "bot-131": 1,
    "bot-96": 3,
    "bot-145": 3,
    "a": 2,
    "bot-84": 1,
    "bot-79": 1,
    "bot-123": 2,
    "bot-75": 1,
    "bot-71": 1,
    "bot-85": 1,
    "thorn": 2,
    "bot-140": 1,
    "bot-48": 2,
    "bot-120": 1,
    "bot-45": 1,
    "bot-37": 1,
    "bot-142": 1,
    "bot-92": 1,
    "bot-118": 1,
    "leafy": 1,
    "bot-61": 1,
    "bot-54": 1,
    "Worker Ant": 2,
    "Soldier Ant": 1,
    "bot-24": 1
  },
  "loadout_history": {
    "0": 381,
    "1": 281,
    "29": 2,
    "11": 2,
    "15": 4,
    "24": 3,
    "25": 3,
    "18": 2,
    "5": 6,
    "28": 1,
    "14": 4,
    "30": 2,
    "167": 1,
    "9": 5,
    "51": 1,
    "6": 2,
    "7": 1,
    "16": 1,
    "180": 1,
    "34": 1,
    "13": 1
  }
}