{
  "schema": 1,
  "name": "bot-74",
  "first_seen": 1778543473.4266272,
  "last_seen": 1778553043.406167,
  "episodes": 34,
  "score_total": 2446,
  "score_best": 350,
  "best_loadout": [
    0,
    1,
    0,
    0,
    0,
    0
  ],
  "killed_by": {
    "Beetle": 2,
    "Wasp": 5,
    "Hornet": 8,
    "bot-46": 2,
    "Cactus": 1,
    "Sandstorm": 2,
    "bot-129": 1,
    "Mantis": 3,
    "petalpop": 1,
    "bot-137": 1,
    "bloom": 1,
    "Bee": 1
  },
  "loadout_history": {
    "0": 30,
    "1": 25,
    "45": 2,
    "25": 1,
    "7": 1,
    "10": 1,
    "24": 3,
    "62": 1,
    "15": 1,
    "34": 1,
    "19": 1,
    "5": 2,
    "9": 2,
    "39": 1,
    "12": 1
  }
}