{
  "schema": 1,
  "name": "bot-24",
  "first_seen": 1778543184.8603032,
  "last_seen": 1778553034.4677818,
  "episodes": 36,
  "score_total": 3594,
  "score_best": 1022,
  "best_loadout": [
    1,
    9,
    0,
    1,
    0,
    0
  ],
  "killed_by": {
    "Hornet": 5,
    "bot-148": 1,
    "Bee": 5,
    "Wasp": 5,
    "Mantis": 3,
    "bot-103": 1,
    "Spider": 2,
    "bot-132": 1,
    "Sandstorm": 1,
    "Cactus": 1,
    "Beetle": 2,
    "bot-100": 1
  },
  "loadout_history": {
    "0": 34,
    "1": 23,
    "19": 1,
    "28": 1,
    "9": 1,
    "5": 1,
    "24": 1,
    "167": 2
  }
}