{
  "schema": 1,
  "name": "bot-thyg",
  "first_seen": 1778218307.6753302,
  "last_seen": 1778278894.223039,
  "episodes": 2368,
  "score_total": 259671,
  "score_best": 7931,
  "best_loadout": [
    0,
    5,
    0,
    0,
    0,
    0,
    0,
    0
  ],
  "killed_by": {
    "Hornet": 1312,
    "Spider": 68,
    "petalpop": 22,
    "bot-fuvq": 32,
    "Rock": 35,
    "leafy": 24,
    "Bee": 155,
    "bot-rklz": 26,
    "Soldier Ant": 21,
    "a": 29,
    "bot-qhpe": 32,
    "67": 25,
    "bot": 26,
    "bot-derv": 22,
    "bot-wbxw": 16,
    "Ladybug": 22,
    "Boulder": 6,
    "florrio": 20,
    "blossom": 22,
    "bot-iraf": 23,
    "Centipede": 58,
    "hello": 28,
    "not bot": 25,
    "rosie": 27,
    "bot-yrut": 24,
    "root": 15,
    "bot-mqcq": 34,
    "bot-uxnr": 21,
    "bot-mcta": 20,
    "bot-liwn": 25,
    "thorn": 25,
    "bot-ihff": 14,
    "Baby Ant": 9,
    "gardn": 18,
    "Massive Ladybug": 3,
    "aa": 21,
    "bot-eqvx": 18,
    "zorr": 28,
    "bot-nugt": 16
  },
  "loadout_history": {
    "0": 2323,
    "1": 1404,
    "19": 24,
    "25": 19,
    "15": 26,
    "40": 111,
    "10": 29,
    "35": 32,
    "5": 135,
    "9": 94,
    "41": 35,
    "6": 38,
    "24": 62,
    "7": 19,
    "14": 111,
    "48": 17,
    "20": 9,
    "39": 4,
    "34": 62,
    "18": 93,
    "23": 38,
    "28": 17,
    "46": 11,
    "11": 7,
    "17": 5,
    "16": 10,
    "33": 19,
    "36": 5,
    "21": 1,
    "37": 3,
    "12": 3,
    "22": 1,
    "42": 11,
    "47": 4,
    "32": 12,
    "43": 3,
    "51": 2,
    "67": 1,
    "38": 4,
    "27": 3,
    "26": 3,
    "44": 1,
    "77": 4,
    "55": 6,
    "58": 1,
    "29": 1,
    "30": 1,
    "52": 1,
    "8": 1,
    "13": 1,
    "31": 1
  }
}