{
  "schema": 1,
  "name": "bot-dmid",
  "first_seen": 1778348237.227409,
  "last_seen": 1778352294.464244,
  "episodes": 30,
  "score_total": 534,
  "score_best": 224,
  "best_loadout": [
    0,
    0,
    0,
    14,
    0,
    0
  ],
  "killed_by": {
    "Hornet": 22,
    "Boulder": 2,
    "bot-ztlx": 1,
    "Bee": 2,
    "Ladybug": 1,
    "bot-mimp": 1
  },
  "loadout_history": {
    "0": 26,
    "1": 22,
    "39": 1,
    "24": 1,
    "6": 1,
    "18": 1,
    "11": 1,
    "36": 1,
    "9": 3,
    "34": 2,
    "14": 1,
    "16": 1,
    "48": 1
  }
}