{
  "schema": 1,
  "name": "bot-68",
  "first_seen": 1778543111.939587,
  "last_seen": 1779316402.466121,
  "episodes": 1384,
  "score_total": 267337,
  "score_best": 9064,
  "best_loadout": [
    0,
    0,
    0,
    0,
    0,
    0,
    0,
    0
  ],
  "killed_by": {
    "Spider": 47,
    "Beetle": 65,
    "Hornet": 341,
    "Mantis": 114,
    "bot-29": 1,
    "Centipede": 48,
    "flower": 2,
    "bot-81": 1,
    "Bee": 82,
    "Wasp": 225,
    "bot-113": 2,
    "Scorpion": 13,
    "bloomy": 2,
    "bot-115": 2,
    "Ladybug": 61,
    "Cactus": 78,
    "Leafbug": 22,
    "aa": 4,
    "bot-119": 1,
    "Evil Centipede": 16,
    "bot-56": 2,
    "Sandstorm": 12,
    "bot-64": 4,
    "Soldier Ant": 1,
    "bot-22": 5,
    "bot-139": 1,
    "bot-58": 1,
    "bot-142": 5,
    "bot-112": 2,
    "bot-104": 3,
    "bot-41": 6,
    "bot-136": 1,
    "Worker Ant": 4,
    "Desert Centipede": 9,
    "bot-118": 1,
    "bot-49": 2,
    "bot-88": 1,
    "Queen Ant": 1,
    "bot-128": 2,
    "Bush": 11,
    "bot-71": 1,
    "bot-93": 3,
    "bot-121": 7,
    "Rock": 20,
    "bot-77": 2,
    "bot-102": 2,
    "bot-103": 2,
    "bloom": 5,
    "florrio": 4,
    "bot-126": 3,
    "bot-99": 1,
    "bot-63": 1,
    "bot-60": 3,
    "root": 2,
    "bot-69": 4,
    "bot-76": 2,
    "bot-37": 2,
    "bot-98": 4,
    "bot-130": 2,
    "bot-27": 1,
    "bot-129": 2,
    "bot-125": 2,
    "bot-40": 1,
    "bot-52": 2,
    "bot-134": 1,
    "not bot": 6,
    "bot-83": 1,
    "bot-24": 2,
    "bot-39": 2,
    "bot-122": 3,
    "bot-89": 1,
    "gardn": 2,
    "bot-35": 1,
    "leafy": 1,
    "bot-141": 2,
    "bot-72": 1,
    "bot-149": 2,
    "thornbloom": 2,
    "bot-28": 2,
    "bot-34": 2,
    "Baby Ant": 2,
    "rosie": 1,
    "prickly": 1,
    "bot-108": 1,
    "bot-67": 1,
    "bot-47": 1,
    "bot-66": 1,
    "bot-82": 2,
    "bot-90": 1,
    "bot-25": 2,
    "bot-85": 1,
    "bot-110": 2,
    "bot-87": 1,
    "bot-33": 1,
    "bot-30": 1,
    "a": 1,
    "bot-75": 2,
    "bot-131": 1,
    "bot-59": 1,
    "bot-70": 1,
    "bot-107": 3,
    "bot-138": 1,
    "bot-127": 1,
    "bot-132": 1,
    "bot-50": 1,
    "bot-61": 2,
    "bot-137": 2,
    "thorny": 1,
    "bot-53": 1,
    "bot-31": 1,
    "bot-73": 1,
    "bot-111": 1,
    "bot-23": 1,
    "bot-91": 2,
    "hello": 1,
    "bot-48": 1,
    "blossom": 1,
    "bot-123": 1,
    "bot-54": 1,
    "67": 1,
    "bot-62": 1,
    "bot-116": 1,
    "bot-143": 1,
    "bot-117": 1
  },
  "loadout_history": {
    "0": 1221,
    "1": 938,
    "5": 22,
    "14": 30,
    "15": 8,
    "11": 6,
    "48": 3,
    "35": 3,
    "24": 16,
    "9": 12,
    "19": 6,
    "46": 2,
    "79": 6,
    "29": 4,
    "6": 6,
    "7": 5,
    "170": 1,
    "16": 7,
    "10": 2,
    "25": 9,
    "116": 1,
    "30": 3,
    "18": 7,
    "34": 7,
    "168": 1,
    "13": 1,
    "33": 3,
    "69": 1,
    "75": 3,
    "167": 2,
    "58": 2,
    "107": 1,
    "180": 1,
    "89": 2,
    "28": 4,
    "45": 1,
    "17": 2,
    "159": 1,
    "83": 1,
    "26": 2,
    "8": 2,
    "84": 1,
    "55": 1,
    "64": 1,
    "21": 1,
    "36": 2,
    "60": 1,
    "12": 1,
    "38": 1,
    "41": 1,
    "205": 2,
    "47": 1,
    "117": 1,
    "40": 1
  }
}