{
  "schema": 1,
  "name": "bot-138",
  "first_seen": 1778543714.037844,
  "last_seen": 1778556572.044054,
  "episodes": 55,
  "score_total": 2338,
  "score_best": 236,
  "best_loadout": [
    0,
    0,
    1,
    1,
    0,
    0
  ],
  "killed_by": {
    "Sandstorm": 1,
    "Beetle": 3,
    "Wasp": 13,
    "Scorpion": 2,
    "Hornet": 13,
    "bot-110": 1,
    "Bee": 3,
    "Mantis": 4,
    "Spider": 1,
    "bot-117": 1,
    "Evil Centipede": 1,
    "gardn": 1,
    "Cactus": 1,
    "bot-140": 1
  },
  "loadout_history": {
    "0": 51,
    "1": 34,
    "79": 1,
    "5": 3,
    "10": 1,
    "18": 3,
    "6": 2,
    "29": 1,
    "69": 1,
    "9": 2,
    "34": 2,
    "24": 2,
    "49": 1,
    "14": 1,
    "167": 1
  }
}