{
  "schema": 1,
  "name": "bot-148",
  "first_seen": 1778543177.00911,
  "last_seen": 1779316441.164783,
  "episodes": 1454,
  "score_total": 180906,
  "score_best": 5340,
  "best_loadout": [
    0,
    1,
    1,
    0,
    1,
    0,
    0
  ],
  "killed_by": {
    "bot-51": 3,
    "Wasp": 282,
    "Hornet": 340,
    "Mantis": 115,
    "Cactus": 88,
    "Bee": 91,
    "bot-121": 2,
    "bot-93": 1,
    "Spider": 33,
    "Beetle": 78,
    "bot-52": 2,
    "Centipede": 37,
    "Evil Centipede": 20,
    "bot-112": 2,
    "bot-80": 1,
    "Bush": 28,
    "Rock": 11,
    "bot-36": 7,
    "a": 2,
    "bot-123": 3,
    "bot-46": 1,
    "Ladybug": 61,
    "bot-132": 1,
    "bot-106": 2,
    "bot-28": 2,
    "bot-31": 1,
    "aa": 1,
    "bot-72": 1,
    "bot-81": 1,
    "blossom-v2": 1,
    "bot-146": 3,
    "Sandstorm": 22,
    "bot-61": 1,
    "bot-66": 1,
    "flower": 2,
    "bot-47": 2,
    "bot-65": 1,
    "bot-78": 2,
    "Desert Centipede": 11,
    "bot-64": 1,
    "bot-107": 2,
    "bot-114": 3,
    "bot-109": 4,
    "bot-100": 2,
    "Scorpion": 11,
    "bot-104": 2,
    "Leafbug": 23,
    "bot-144": 1,
    "bot-22": 3,
    "bot-97": 1,
    "root": 2,
    "bot-113": 1,
    "bot-73": 1,
    "not bot": 1,
    "bot-53": 2,
    "bot-127": 2,
    "bot-62": 3,
    "bot-128": 1,
    "bot-25": 2,
    "bot-116": 3,
    "bot-30": 2,
    "bot-48": 2,
    "bot-142": 1,
    "Soldier Ant": 5,
    "bot-39": 2,
    "Worker Ant": 7,
    "bot-77": 4,
    "thorny": 1,
    "bot-63": 1,
    "bot-143": 3,
    "bot-136": 1,
    "bot-70": 3,
    "67": 1,
    "bot-122": 1,
    "bot-140": 2,
    "bot-134": 2,
    "bot-85": 1,
    "bot-79": 2,
    "bot-44": 1,
    "bot-55": 1,
    "bot-105": 1,
    "bot-50": 1,
    "bot-139": 2,
    "bloom": 1,
    "bot": 2,
    "bot-119": 2,
    "bot-58": 2,
    "bot-141": 1,
    "bot-33": 4,
    "bot-129": 2,
    "petalpop": 1,
    "bot-101": 2,
    "bot-133": 1,
    "rosie": 1,
    "bot-34": 1,
    "bot-95": 1,
    "bot-124": 1,
    "bot-56": 2,
    "bot-126": 1,
    "zorr": 1,
    "bloomy": 3,
    "Baby Ant": 1,
    "bot-45": 1,
    "bot-82": 1,
    "bot-29": 1,
    "Ant Hole": 1,
    "florrio": 1,
    "prickly": 4,
    "bot-38": 2,
    "bot-74": 1,
    "bot-59": 1,
    "Massive Beetle": 1,
    "bot-111": 2,
    "bot-42": 2,
    "bot-118": 1,
    "bot-86": 2,
    "bot-131": 1
  },
  "loadout_history": {
    "0": 1246,
    "9": 17,
    "1": 1034,
    "10": 7,
    "14": 16,
    "18": 17,
    "19": 10,
    "24": 19,
    "5": 12,
    "39": 4,
    "34": 3,
    "79": 5,
    "25": 7,
    "11": 4,
    "52": 1,
    "6": 14,
    "23": 2,
    "15": 10,
    "16": 3,
    "13": 2,
    "7": 7,
    "61": 1,
    "29": 5,
    "89": 1,
    "35": 6,
    "26": 4,
    "84": 1,
    "56": 1,
    "32": 3,
    "58": 2,
    "30": 2,
    "46": 2,
    "116": 4,
    "167": 5,
    "36": 1,
    "168": 4,
    "28": 6,
    "182": 1,
    "8": 2,
    "97": 1,
    "20": 1,
    "117": 2,
    "49": 2,
    "60": 1,
    "31": 1,
    "48": 1,
    "40": 3,
    "204": 2,
    "50": 1,
    "33": 1
  }
}