{
  "schema": 1,
  "name": "bot-118",
  "first_seen": 1778364743.2131178,
  "last_seen": 1778638807.8745868,
  "episodes": 609,
  "score_total": 79857,
  "score_best": 5052,
  "best_loadout": [
    0,
    0,
    0,
    0,
    0,
    0,
    0
  ],
  "killed_by": {
    "Baby Ant": 6,
    "bot-208": 1,
    "Hornet": 140,
    "Ladybug": 32,
    "Cactus": 39,
    "Bee": 31,
    "Beetle": 35,
    "67": 1,
    "Mantis": 50,
    "bot-61": 2,
    "Wasp": 115,
    "bot-74": 1,
    "bot-79": 1,
    "Rock": 7,
    "bot-59": 1,
    "bot-62": 2,
    "Desert Centipede": 2,
    "bot-68": 1,
    "bot-97": 1,
    "bot-72": 1,
    "Evil Centipede": 11,
    "bot-22": 1,
    "bot-45": 1,
    "bot-100": 1,
    "thorny": 1,
    "bot-75": 1,
    "a": 1,
    "Centipede": 10,
    "Spider": 19,
    "bot-40": 1,
    "Sandstorm": 6,
    "bot-144": 2,
    "bot-112": 2,
    "bot-65": 1,
    "bot": 1,
    "bloom": 3,
    "Soldier Ant": 1,
    "Leafbug": 9,
    "rosie": 1,
    "bot-63": 1,
    "bot-25": 1,
    "bot-82": 2,
    "Bush": 2,
    "bot-58": 2,
    "bot-67": 1,
    "bot-130": 2,
    "Scorpion": 3,
    "bot-84": 1,
    "bot-81": 2,
    "bot-47": 2,
    "blossom-v2": 1,
    "bot-128": 1,
    "Worker Ant": 4,
    "bot-34": 2,
    "bot-87": 1,
    "aa": 1,
    "bot-114": 2,
    "bot-66": 1,
    "bot-28": 1,
    "bot-76": 1,
    "bot-139": 1,
    "bot-31": 1,
    "bot-80": 1,
    "bot-116": 1,
    "bot-86": 1,
    "bot-102": 1,
    "bot-64": 1,
    "bot-133": 1,
    "bloomy": 1,
    "bot-93": 1,
    "bot-32": 2,
    "bot-49": 1,
    "bot-101": 1,
    "bot-33": 1,
    "bot-110": 1
  },
  "loadout_history": {
    "0": 534,
    "1": 414,
    "34": 2,
    "9": 8,
    "14": 6,
    "6": 2,
    "15": 7,
    "75": 1,
    "25": 3,
    "18": 7,
    "5": 3,
    "20": 1,
    "29": 4,
    "54": 1,
    "16": 2,
    "26": 2,
    "52": 1,
    "10": 4,
    "33": 1,
    "17": 2,
    "19": 2,
    "167": 1,
    "28": 1,
    "49": 2,
    "7": 1,
    "11": 1,
    "51": 1,
    "35": 2,
    "22": 1,
    "36": 1
  }
}