{
  "schema": 1,
  "name": "bot-mqcq",
  "first_seen": 1778218305.167519,
  "last_seen": 1778278876.2024288,
  "episodes": 2508,
  "score_total": 275911,
  "score_best": 6795,
  "best_loadout": [
    37,
    6,
    38,
    0,
    1,
    35,
    34,
    10
  ],
  "killed_by": {
    "Bee": 138,
    "Hornet": 1377,
    "bot-eqvx": 21,
    "bot-fuvq": 27,
    "Boulder": 7,
    "bot-iraf": 25,
    "bot": 37,
    "Ladybug": 26,
    "Rock": 44,
    "Centipede": 81,
    "Spider": 83,
    "Soldier Ant": 31,
    "bot-thyg": 26,
    "root": 23,
    "bot-rklz": 15,
    "bot-yrut": 29,
    "Beetle": 1,
    "not bot": 16,
    "zorr": 17,
    "bot-mcta": 23,
    "blossom": 24,
    "gardn": 26,
    "bot-wbxw": 29,
    "thorn": 25,
    "bot-uxnr": 31,
    "bot-liwn": 39,
    "bot-derv": 24,
    "bot-ihff": 30,
    "bot-nugt": 29,
    "a": 18,
    "hello": 28,
    "leafy": 20,
    "aa": 32,
    "67": 17,
    "petalpop": 11,
    "bot-qhpe": 27,
    "florrio": 27,
    "rosie": 15,
    "Massive Ladybug": 3,
    "Baby Ant": 3,
    "Cactus": 1,
    "Desert Centipede": 1
  },
  "loadout_history": {
    "0": 2449,
    "1": 1529,
    "40": 109,
    "18": 73,
    "6": 47,
    "41": 32,
    "14": 145,
    "9": 107,
    "10": 32,
    "5": 120,
    "25": 18,
    "33": 12,
    "55": 10,
    "34": 82,
    "19": 22,
    "35": 24,
    "24": 77,
    "36": 6,
    "15": 19,
    "12": 2,
    "42": 20,
    "48": 19,
    "23": 38,
    "32": 17,
    "37": 4,
    "7": 22,
    "28": 11,
    "29": 9,
    "46": 9,
    "47": 6,
    "26": 3,
    "67": 1,
    "38": 3,
    "77": 3,
    "21": 3,
    "11": 6,
    "65": 2,
    "20": 13,
    "16": 5,
    "39": 9,
    "43": 3,
    "62": 2,
    "44": 1,
    "79": 1,
    "8": 2
  }
}