{
  "schema": 1,
  "name": "bot-42",
  "first_seen": 1778543102.0895848,
  "last_seen": 1778548778.435755,
  "episodes": 33,
  "score_total": 1832,
  "score_best": 202,
  "best_loadout": [
    0,
    0,
    1,
    0,
    1
  ],
  "killed_by": {
    "Hornet": 7,
    "Wasp": 9,
    "Beetle": 1,
    "Leafbug": 1,
    "Mantis": 3,
    "Cactus": 1,
    "bot-72": 2,
    "bot-84": 2,
    "Bee": 3
  },
  "loadout_history": {
    "0": 25,
    "1": 28,
    "14": 3,
    "5": 3,
    "6": 1,
    "167": 1,
    "24": 4,
    "46": 1,
    "15": 1,
    "10": 1,
    "29": 1,
    "34": 1
  }
}