{
  "schema": 1,
  "name": "bot-114",
  "first_seen": 1778364741.28893,
  "last_seen": 1778713205.5279622,
  "episodes": 1191,
  "score_total": 207684,
  "score_best": 6038,
  "best_loadout": [
    0,
    0,
    0,
    0,
    1,
    0,
    0
  ],
  "killed_by": {
    "Beetle": 44,
    "Spider": 44,
    "Boulder": 1,
    "Hornet": 290,
    "Wasp": 194,
    "Cactus": 62,
    "Sandstorm": 10,
    "Mantis": 97,
    "Centipede": 43,
    "Bee": 84,
    "Desert Centipede": 5,
    "bot-95": 2,
    "bot-133": 4,
    "gardn": 1,
    "bot-57": 1,
    "bot-38": 3,
    "bot-47": 2,
    "bot-92": 1,
    "bot-39": 1,
    "bot-105": 1,
    "bot-101": 3,
    "bot-46": 2,
    "Scorpion": 2,
    "bot-129": 2,
    "Leafbug": 11,
    "Ladybug": 69,
    "not bot": 1,
    "Rock": 14,
    "Bush": 15,
    "Evil Centipede": 11,
    "bot-49": 2,
    "Soldier Ant": 4,
    "bot-51": 2,
    "bot-27": 3,
    "bot-71": 3,
    "bot-29": 3,
    "bot-111": 2,
    "bot-102": 1,
    "bot-87": 1,
    "bot-66": 2,
    "bot-110": 3,
    "bot-106": 1,
    "bot-130": 2,
    "bot-108": 1,
    "bot-137": 4,
    "bot-83": 1,
    "bot-117": 2,
    "bot-26": 2,
    "bot-148": 1,
    "bot-147": 6,
    "bloom": 4,
    "Worker Ant": 6,
    "bot-77": 5,
    "bot-132": 2,
    "aa": 1,
    "bot-97": 1,
    "bot-116": 1,
    "bot-63": 1,
    "bot-59": 3,
    "bot-50": 3,
    "bot-40": 1,
    "bot-43": 1,
    "bot-34": 2,
    "bot-113": 2,
    "bot-33": 1,
    "bot-138": 1,
    "bot-74": 2,
    "bot-112": 2,
    "bot-96": 1,
    "bot-56": 4,
    "bot-122": 1,
    "bot-35": 3,
    "bot-104": 1,
    "bot-65": 1,
    "bot-37": 2,
    "bot-73": 2,
    "bot-119": 1,
    "bot-67": 1,
    "bot-80": 1,
    "bot-123": 2,
    "bot-60": 1,
    "thorny": 2,
    "bot-98": 2,
    "flower": 2,
    "bot-64": 1,
    "bot-141": 1,
    "bot-85": 5,
    "bot-82": 1,
    "bot-90": 1,
    "bot-61": 1,
    "bot-120": 1,
    "blossom": 1,
    "bot-31": 1,
    "bot-72": 1,
    "bot-89": 1,
    "bot-75": 1,
    "bot-53": 1,
    "bot-134": 1,
    "bot-41": 1,
    "leafy": 1,
    "bot-52": 1,
    "bot-69": 1,
    "bot-131": 1,
    "rosie": 1,
    "bot-126": 1,
    "bot-30": 1,
    "bot-81": 1,
    "bot-118": 1,
    "bot": 1,
    "bot-144": 1,
    "bot-28": 1,
    "bot-109": 1,
    "bot-115": 1,
    "bot-36": 1,
    "bot-44": 1,
    "bot-128": 1,
    "Baby Ant": 1
  },
  "loadout_history": {
    "1": 816,
    "0": 983,
    "18": 6,
    "14": 17,
    "28": 3,
    "6": 15,
    "9": 13,
    "5": 14,
    "38": 1,
    "29": 3,
    "79": 5,
    "39": 1,
    "24": 12,
    "34": 6,
    "167": 7,
    "46": 3,
    "15": 10,
    "12": 3,
    "60": 2,
    "35": 4,
    "36": 2,
    "13": 1,
    "11": 3,
    "19": 4,
    "136": 1,
    "83": 2,
    "16": 3,
    "7": 2,
    "20": 1,
    "61": 1,
    "26": 4,
    "37": 1,
    "58": 1,
    "10": 5,
    "75": 1,
    "25": 2,
    "124": 1,
    "30": 1,
    "51": 1,
    "17": 2,
    "48": 1
  }
}