{
  "schema": 1,
  "name": "bot-28",
  "first_seen": 1778543489.99513,
  "last_seen": 1779316693.8723578,
  "episodes": 1501,
  "score_total": 212414,
  "score_best": 8013,
  "best_loadout": [
    0,
    0,
    0,
    0,
    0,
    0,
    0,
    0
  ],
  "killed_by": {
    "Baby Ant": 5,
    "Hornet": 349,
    "Ladybug": 40,
    "Mantis": 130,
    "Cactus": 82,
    "Wasp": 284,
    "Beetle": 82,
    "bot-40": 3,
    "Bee": 91,
    "Sandstorm": 21,
    "bot-134": 3,
    "bloomy": 2,
    "Spider": 34,
    "bot-131": 1,
    "bot-30": 3,
    "bot-94": 2,
    "bot-97": 3,
    "Soldier Ant": 25,
    "bot-31": 1,
    "Evil Centipede": 21,
    "bot-26": 1,
    "bot-29": 3,
    "Bush": 16,
    "Rock": 31,
    "bot-48": 4,
    "Leafbug": 20,
    "bot-92": 1,
    "bot-51": 2,
    "blossom-v2": 8,
    "bot-44": 3,
    "bot-67": 3,
    "Desert Centipede": 2,
    "bot": 2,
    "bot-127": 2,
    "bot-57": 2,
    "bot-25": 1,
    "bot-137": 1,
    "Scorpion": 12,
    "bot-54": 4,
    "bot-77": 1,
    "bot-130": 6,
    "bot-149": 3,
    "Centipede": 27,
    "bot-78": 2,
    "bot-60": 3,
    "gardn": 4,
    "bot-105": 8,
    "bot-24": 1,
    "bot-104": 2,
    "bot-83": 1,
    "bot-141": 2,
    "bot-138": 3,
    "bot-63": 3,
    "leafy": 4,
    "Worker Ant": 5,
    "bot-46": 1,
    "bot-113": 1,
    "bot-71": 1,
    "bot-142": 1,
    "bot-128": 1,
    "bot-88": 1,
    "not bot": 4,
    "bot-100": 1,
    "bot-124": 2,
    "petalpop": 4,
    "bot-102": 1,
    "bot-65": 3,
    "bot-39": 2,
    "thorny": 3,
    "bot-144": 3,
    "bot-64": 2,
    "bot-34": 1,
    "bot-50": 2,
    "bot-121": 2,
    "bot-119": 2,
    "bot-37": 1,
    "bot-81": 2,
    "bot-73": 1,
    "Queen Ant": 2,
    "bot-32": 4,
    "bot-23": 1,
    "bot-107": 3,
    "florrio": 1,
    "bot-61": 2,
    "bot-22": 3,
    "bot-45": 1,
    "bot-76": 1,
    "bot-108": 1,
    "bot-49": 2,
    "bot-139": 1,
    "bot-36": 1,
    "root": 4,
    "bot-109": 1,
    "bot-140": 1,
    "bot-125": 2,
    "bot-132": 1,
    "bot-136": 1,
    "bot-93": 1,
    "bot-85": 2,
    "bot-111": 1,
    "bot-99": 1,
    "bot-133": 3,
    "bot-33": 1,
    "bot-129": 1,
    "bot-135": 4,
    "blossom": 1,
    "zorr": 1,
    "67": 1,
    "bot-117": 1,
    "flower": 1,
    "bot-103": 4
  },
  "loadout_history": {
    "0": 1296,
    "1": 1013,
    "5": 27,
    "14": 20,
    "15": 16,
    "18": 20,
    "24": 16,
    "19": 9,
    "9": 10,
    "167": 6,
    "12": 3,
    "10": 10,
    "6": 16,
    "51": 6,
    "20": 2,
    "25": 5,
    "16": 6,
    "11": 4,
    "116": 1,
    "35": 6,
    "17": 2,
    "7": 5,
    "23": 4,
    "34": 9,
    "8": 1,
    "79": 1,
    "45": 1,
    "117": 1,
    "46": 1,
    "28": 3,
    "180": 4,
    "61": 1,
    "48": 2,
    "27": 1,
    "30": 1,
    "136": 1,
    "26": 2,
    "32": 2,
    "54": 1,
    "13": 1,
    "31": 1,
    "29": 5,
    "69": 3,
    "168": 2,
    "55": 3,
    "22": 1,
    "49": 1,
    "68": 1,
    "40": 1,
    "33": 1,
    "63": 1,
    "39": 1
  }
}