{
  "schema": 1,
  "name": "bot-102",
  "first_seen": 1778364740.8740768,
  "last_seen": 1778623945.6783092,
  "episodes": 550,
  "score_total": 61827,
  "score_best": 6129,
  "best_loadout": [
    0,
    0,
    0,
    0,
    0,
    0,
    0
  ],
  "killed_by": {
    "Hornet": 147,
    "Beetle": 26,
    "Bee": 39,
    "Spider": 10,
    "bot-707": 2,
    "Cactus": 28,
    "Centipede": 11,
    "Soldier Ant": 4,
    "bot-401": 1,
    "Desert Centipede": 7,
    "Boulder": 4,
    "Evil Centipede": 5,
    "bot-403": 1,
    "Sandstorm": 9,
    "Mantis": 54,
    "bot-206": 1,
    "Wasp": 79,
    "bot-47": 1,
    "Bush": 5,
    "bot-137": 1,
    "bot-90": 1,
    "bot-133": 1,
    "thorny": 1,
    "Scorpion": 3,
    "bot-128": 1,
    "Rock": 9,
    "bot-139": 1,
    "bot-22": 2,
    "Ladybug": 18,
    "bot-27": 1,
    "bot-50": 1,
    "hello": 1,
    "bot-66": 1,
    "bot-100": 3,
    "Baby Ant": 2,
    "bot-63": 1,
    "bot-25": 1,
    "bot-131": 1,
    "Leafbug": 6,
    "bot-111": 2,
    "bot-55": 1,
    "bot-98": 1,
    "bot-49": 2,
    "bot-52": 1,
    "bot-68": 1,
    "bot-70": 1,
    "Worker Ant": 2,
    "bot-146": 1,
    "bot-53": 1,
    "bot-58": 1,
    "bot-94": 1,
    "bot-26": 1,
    "bot-32": 1,
    "bot-88": 1,
    "bot-38": 5,
    "bot-64": 2,
    "bot-119": 1,
    "bot-112": 1,
    "blossom": 1,
    "bot-62": 1,
    "bot-125": 1,
    "bot-114": 1,
    "bot-36": 1,
    "zorr": 1,
    "bot-132": 1,
    "a": 1,
    "rosie": 1,
    "bot-79": 1,
    "bot-97": 1,
    "bot-113": 1,
    "bot-43": 1
  },
  "loadout_history": {
    "0": 489,
    "1": 344,
    "28": 4,
    "14": 4,
    "46": 1,
    "15": 6,
    "10": 5,
    "5": 3,
    "19": 3,
    "167": 1,
    "49": 1,
    "69": 1,
    "204": 1,
    "24": 2,
    "18": 1,
    "56": 1,
    "29": 1,
    "37": 1,
    "12": 1,
    "30": 1,
    "8": 1,
    "7": 1,
    "16": 1,
    "33": 1,
    "45": 1
  }
}