{
  "schema": 1,
  "name": "bot-35",
  "first_seen": 1778543812.3935318,
  "last_seen": 1779316415.5761979,
  "episodes": 1517,
  "score_total": 193002,
  "score_best": 6307,
  "best_loadout": [
    0,
    0,
    0,
    0,
    0,
    0,
    0,
    0
  ],
  "killed_by": {
    "Hornet": 377,
    "Wasp": 272,
    "Mantis": 135,
    "Beetle": 72,
    "bot-30": 1,
    "bot-86": 2,
    "bot-65": 3,
    "Bee": 109,
    "Ladybug": 62,
    "Scorpion": 10,
    "bot-128": 3,
    "Desert Centipede": 5,
    "bloom": 2,
    "bot-113": 2,
    "bot-37": 3,
    "bot-79": 3,
    "flower": 1,
    "Centipede": 31,
    "thornbloom": 1,
    "bot-50": 1,
    "Spider": 48,
    "Cactus": 77,
    "blossom-v2": 4,
    "Leafbug": 14,
    "bot-59": 1,
    "Bush": 30,
    "bot-94": 4,
    "Sandstorm": 18,
    "bot-114": 1,
    "bot-110": 2,
    "Soldier Ant": 5,
    "bot-136": 1,
    "bot-123": 2,
    "Evil Centipede": 27,
    "bot-92": 2,
    "bot-39": 1,
    "bot-84": 2,
    "hello": 1,
    "bot-139": 1,
    "bot-57": 6,
    "bot-104": 3,
    "bot-74": 2,
    "Rock": 15,
    "root": 2,
    "bot-134": 2,
    "bot-49": 2,
    "Worker Ant": 5,
    "bot-54": 1,
    "bot-125": 2,
    "bot-107": 1,
    "Baby Ant": 4,
    "bot-29": 3,
    "bot-147": 1,
    "bot-117": 3,
    "bot-89": 1,
    "bot-69": 1,
    "bot-131": 2,
    "bot-102": 2,
    "bloomy": 4,
    "bot-26": 1,
    "bot-40": 2,
    "bot-143": 3,
    "bot-91": 13,
    "bot-138": 1,
    "bot-119": 3,
    "bot-76": 2,
    "bot-118": 3,
    "bot-142": 2,
    "bot-36": 2,
    "thorny": 1,
    "bot-103": 3,
    "bot-56": 1,
    "aa": 3,
    "bot-109": 5,
    "bot-72": 1,
    "bot-41": 1,
    "bot-145": 1,
    "bot-130": 2,
    "bot-83": 3,
    "bot-135": 1,
    "bot-38": 2,
    "bot-23": 1,
    "bot-67": 1,
    "bot-80": 3,
    "bot-141": 1,
    "bot-90": 1,
    "bot-87": 3,
    "bot-55": 1,
    "bot-148": 1,
    "bot-46": 3,
    "bot-32": 1,
    "bot-108": 2,
    "bot-96": 3,
    "gardn": 1,
    "bot-93": 1,
    "bot-61": 1,
    "bot-137": 1,
    "bot-106": 1,
    "bot-99": 1,
    "Ant Hole": 1,
    "blossom": 1,
    "bot-44": 1,
    "not bot": 2,
    "bot-70": 1,
    "bot-98": 3,
    "bot-85": 1,
    "bot-81": 2
  },
  "loadout_history": {
    "0": 1322,
    "1": 1046,
    "9": 19,
    "5": 21,
    "79": 2,
    "49": 1,
    "15": 17,
    "167": 6,
    "28": 7,
    "18": 14,
    "14": 27,
    "34": 9,
    "16": 8,
    "6": 11,
    "10": 5,
    "25": 8,
    "8": 2,
    "19": 8,
    "23": 3,
    "60": 2,
    "180": 1,
    "35": 6,
    "135": 2,
    "7": 6,
    "24": 13,
    "13": 1,
    "26": 2,
    "29": 7,
    "11": 2,
    "32": 3,
    "58": 1,
    "55": 1,
    "182": 1,
    "20": 3,
    "160": 1,
    "12": 1,
    "62": 3,
    "21": 1,
    "168": 1,
    "48": 4,
    "86": 1,
    "56": 1,
    "30": 1,
    "37": 1,
    "75": 1,
    "183": 1,
    "51": 1,
    "181": 1,
    "40": 1,
    "42": 2,
    "205": 2,
    "39": 2,
    "63": 1,
    "41": 1,
    "50": 1
  }
}