{
  "schema": 1,
  "name": "bot-26",
  "first_seen": 1778543455.120498,
  "last_seen": 1778548762.484622,
  "episodes": 28,
  "score_total": 2326,
  "score_best": 368,
  "best_loadout": [
    29,
    5,
    1,
    0,
    49,
    0
  ],
  "killed_by": {
    "Hornet": 7,
    "Scorpion": 1,
    "Wasp": 8,
    "Beetle": 2,
    "Mantis": 2,
    "bot-114": 1,
    "bot-41": 1,
    "Cactus": 2,
    "Bee": 1
  },
  "loadout_history": {
    "0": 24,
    "1": 18,
    "28": 1,
    "47": 1,
    "24": 5,
    "14": 1,
    "18": 4,
    "49": 2,
    "10": 1,
    "51": 1,
    "5": 6,
    "46": 1,
    "25": 1,
    "29": 3,
    "9": 2,
    "48": 1
  }
}