{
  "schema": 1,
  "name": "bot-85",
  "first_seen": 1778543482.814843,
  "last_seen": 1779316492.994615,
  "episodes": 1477,
  "score_total": 206142,
  "score_best": 5322,
  "best_loadout": [
    0,
    0,
    1,
    1,
    0,
    1,
    0
  ],
  "killed_by": {
    "Sandstorm": 37,
    "Hornet": 374,
    "bot-33": 1,
    "Mantis": 126,
    "bot-111": 2,
    "Cactus": 86,
    "Wasp": 237,
    "Bee": 117,
    "Scorpion": 12,
    "Ladybug": 52,
    "Spider": 52,
    "Beetle": 81,
    "florrio": 2,
    "bot-140": 2,
    "bloom": 3,
    "bot-73": 1,
    "Leafbug": 22,
    "Bush": 19,
    "bot-120": 3,
    "bloomy": 3,
    "Desert Centipede": 11,
    "bot-139": 2,
    "bot-61": 1,
    "Centipede": 26,
    "rosie": 3,
    "bot-38": 2,
    "bot-74": 1,
    "bot-131": 1,
    "bot-143": 2,
    "bot-137": 1,
    "bot-34": 3,
    "bot-43": 1,
    "bot-82": 2,
    "bot-63": 1,
    "bot-109": 6,
    "Baby Ant": 6,
    "thornbloom": 1,
    "bot-76": 1,
    "bot-121": 3,
    "bot-46": 5,
    "bot-79": 1,
    "bot-112": 2,
    "bot-115": 3,
    "bot-97": 1,
    "bot-135": 1,
    "bot-29": 1,
    "bot-62": 1,
    "bot-142": 1,
    "bot-92": 1,
    "thorn": 2,
    "Rock": 9,
    "bot-81": 2,
    "bot-86": 1,
    "bot-126": 1,
    "not bot": 2,
    "bot-50": 1,
    "bot-102": 1,
    "Evil Centipede": 16,
    "bot-64": 3,
    "bot-58": 1,
    "bot-96": 1,
    "bot-146": 3,
    "hello": 1,
    "bot-68": 1,
    "bot-83": 2,
    "bot-70": 1,
    "bot-57": 3,
    "bot-24": 1,
    "Worker Ant": 2,
    "bot-23": 3,
    "bot-138": 5,
    "bot-89": 2,
    "bot-67": 2,
    "bot-104": 2,
    "bot-125": 1,
    "bot-48": 3,
    "zorr": 1,
    "leafy": 2,
    "bot-119": 2,
    "bot-105": 3,
    "bot-51": 3,
    "bot-31": 1,
    "bot-60": 1,
    "Soldier Ant": 4,
    "root": 1,
    "bot-123": 1,
    "bot-75": 2,
    "bot-98": 2,
    "bot-130": 1,
    "bot-36": 1,
    "bot-114": 1,
    "bot-124": 1,
    "bot-27": 2,
    "bot-117": 4,
    "bot-77": 1,
    "petalpop": 1,
    "bot-69": 2,
    "bot-40": 1,
    "bot-53": 1,
    "bot-149": 1,
    "bot-71": 1,
    "blossom": 3,
    "bot": 2,
    "bot-90": 1,
    "a": 2,
    "bot-52": 2,
    "bot-44": 2,
    "bot-84": 1,
    "prickly": 1,
    "bot-148": 1,
    "67": 2,
    "bot-45": 3
  },
  "loadout_history": {
    "0": 1286,
    "1": 1018,
    "15": 14,
    "5": 30,
    "35": 4,
    "18": 18,
    "10": 4,
    "47": 1,
    "116": 1,
    "28": 5,
    "14": 23,
    "12": 2,
    "25": 7,
    "19": 12,
    "24": 9,
    "9": 14,
    "167": 4,
    "13": 3,
    "11": 5,
    "108": 2,
    "86": 1,
    "38": 1,
    "34": 8,
    "6": 16,
    "7": 3,
    "160": 1,
    "49": 1,
    "8": 2,
    "16": 6,
    "168": 4,
    "48": 3,
    "79": 3,
    "58": 3,
    "83": 1,
    "117": 2,
    "20": 1,
    "61": 1,
    "62": 1,
    "169": 1,
    "29": 4,
    "68": 1,
    "84": 1,
    "89": 1,
    "17": 2,
    "26": 3,
    "75": 3,
    "180": 3,
    "23": 4,
    "204": 2,
    "40": 1,
    "33": 2,
    "206": 1,
    "50": 5,
    "69": 1,
    "42": 2,
    "46": 1
  }
}