{
  "schema": 1,
  "name": "bot-41",
  "first_seen": 1778543142.804375,
  "last_seen": 1778713222.666441,
  "episodes": 1106,
  "score_total": 202357,
  "score_best": 10763,
  "best_loadout": [
    5,
    0,
    83,
    0,
    18,
    0,
    0,
    0
  ],
  "killed_by": {
    "Hornet": 241,
    "Mantis": 100,
    "Bush": 15,
    "Wasp": 191,
    "Scorpion": 9,
    "Evil Centipede": 12,
    "Bee": 66,
    "bot-26": 7,
    "Beetle": 54,
    "bot-113": 2,
    "Cactus": 56,
    "Spider": 43,
    "Leafbug": 12,
    "bot-31": 2,
    "bot-143": 1,
    "Sandstorm": 12,
    "gardn": 1,
    "Centipede": 28,
    "Ladybug": 47,
    "bot-108": 3,
    "bot-114": 1,
    "bot-130": 1,
    "bot-145": 3,
    "Rock": 14,
    "bot-27": 1,
    "bot-60": 4,
    "bot-102": 1,
    "bot-56": 2,
    "bot-22": 1,
    "bot-51": 4,
    "bot-99": 1,
    "bot-54": 2,
    "bot-91": 2,
    "bot-73": 1,
    "bot-126": 1,
    "Soldier Ant": 2,
    "bot-43": 3,
    "bot-148": 1,
    "bot-89": 1,
    "bot-29": 5,
    "bot-45": 4,
    "bot-149": 3,
    "bot-112": 3,
    "bot-71": 1,
    "blossom": 1,
    "bot-44": 2,
    "hello": 2,
    "bot-81": 1,
    "bot-101": 1,
    "67": 1,
    "leafy": 2,
    "bot-83": 1,
    "bot-97": 2,
    "bot-136": 4,
    "bot-132": 1,
    "bot-141": 2,
    "bot-117": 4,
    "a": 3,
    "bot-125": 5,
    "bot-115": 2,
    "bot-107": 2,
    "Worker Ant": 5,
    "bot-57": 2,
    "bot-110": 1,
    "bot-55": 1,
    "bot-35": 1,
    "bot-32": 1,
    "bot-49": 2,
    "bot-82": 1,
    "Desert Centipede": 5,
    "bot-140": 2,
    "bot-39": 1,
    "bot-25": 2,
    "bot-37": 3,
    "bot-33": 3,
    "bot-142": 2,
    "bot-24": 3,
    "flower": 2,
    "bot-123": 1,
    "bot-61": 2,
    "bot-40": 3,
    "thorny": 3,
    "bot-65": 1,
    "bot-50": 1,
    "bot-36": 1,
    "bot-105": 2,
    "bot-63": 1,
    "not bot": 1,
    "bot-62": 1,
    "bot-138": 1,
    "zorr": 1,
    "aa": 1,
    "root": 1,
    "bloomy": 1,
    "blossom-v2": 1,
    "Baby Ant": 1,
    "bot-119": 1,
    "bot-58": 1,
    "bot-85": 1,
    "bot-124": 1,
    "bot-133": 5,
    "bot-122": 2,
    "bot-104": 1,
    "bot-134": 1,
    "bot-67": 5,
    "bloom": 1,
    "bot-100": 2,
    "thornbloom": 1,
    "bot-78": 1,
    "prickly": 1,
    "bot-118": 1,
    "bot-74": 1,
    "bot-98": 1,
    "bot-94": 1
  },
  "loadout_history": {
    "0": 944,
    "1": 751,
    "14": 16,
    "5": 13,
    "9": 17,
    "24": 11,
    "25": 4,
    "32": 1,
    "6": 6,
    "75": 1,
    "18": 9,
    "19": 6,
    "29": 1,
    "15": 8,
    "34": 3,
    "167": 2,
    "11": 5,
    "22": 1,
    "83": 2,
    "16": 6,
    "20": 1,
    "117": 2,
    "17": 3,
    "10": 3,
    "12": 1,
    "204": 1,
    "47": 1,
    "168": 2,
    "51": 1,
    "8": 2,
    "26": 2,
    "48": 2,
    "175": 1,
    "88": 1,
    "35": 4,
    "27": 1,
    "182": 1,
    "49": 1,
    "58": 1,
    "23": 2,
    "62": 1,
    "97": 1
  }
}