{
  "schema": 1,
  "name": "bot-309",
  "first_seen": 1778364743.332937,
  "last_seen": 1778471637.0392199,
  "episodes": 20,
  "score_total": 198,
  "score_best": 28,
  "best_loadout": [
    1,
    1,
    1,
    1,
    1
  ],
  "killed_by": {
    "Hornet": 6,
    "Beetle": 6,
    "bot-400": 1,
    "Spider": 1
  },
  "loadout_history": {
    "1": 17,
    "0": 13,
    "5": 1,
    "9": 1,
    "15": 1,
    "18": 1
  }
}