{
  "schema": 1,
  "name": "bot-112",
  "first_seen": 1778364741.9860768,
  "last_seen": 1778713194.5939379,
  "episodes": 1277,
  "score_total": 217321,
  "score_best": 8076,
  "best_loadout": [
    0,
    0,
    0,
    0,
    1,
    16,
    0,
    0
  ],
  "killed_by": {
    "Bee": 105,
    "Spider": 42,
    "Hornet": 305,
    "Evil Centipede": 13,
    "Worker Ant": 3,
    "Beetle": 57,
    "Mantis": 94,
    "bot-115": 1,
    "Cactus": 89,
    "Wasp": 249,
    "Sandstorm": 14,
    "Centipede": 28,
    "bot-87": 2,
    "bot-86": 1,
    "bot-55": 1,
    "bot-78": 1,
    "bot-126": 1,
    "bot-92": 1,
    "Rock": 13,
    "bot-111": 1,
    "bot-40": 1,
    "bot-95": 1,
    "bot-56": 1,
    "bot-59": 1,
    "Leafbug": 12,
    "gardn": 1,
    "bot-74": 1,
    "Ladybug": 53,
    "bot-52": 4,
    "bot-60": 3,
    "Bush": 8,
    "Desert Centipede": 5,
    "bot-118": 4,
    "bot": 1,
    "bot-123": 5,
    "bot-103": 1,
    "bot-29": 1,
    "bot-38": 1,
    "bot-67": 2,
    "bloom": 1,
    "bot-135": 5,
    "bot-122": 4,
    "Scorpion": 9,
    "bot-39": 1,
    "bot-36": 1,
    "67": 1,
    "bot-80": 6,
    "bot-97": 3,
    "thorny": 2,
    "bot-41": 3,
    "bot-125": 1,
    "bot-62": 3,
    "bot-47": 3,
    "bot-120": 2,
    "bot-145": 2,
    "bot-94": 1,
    "bot-50": 1,
    "aa": 2,
    "bot-83": 1,
    "bot-69": 2,
    "bot-114": 2,
    "bot-58": 3,
    "bot-98": 2,
    "bot-146": 1,
    "bot-107": 1,
    "bot-142": 5,
    "a": 6,
    "bot-37": 2,
    "bot-143": 1,
    "bot-63": 2,
    "bot-93": 5,
    "bot-127": 2,
    "bot-68": 1,
    "bot-139": 2,
    "bot-34": 3,
    "bot-33": 2,
    "bot-117": 1,
    "florrio": 2,
    "bot-144": 1,
    "Baby Ant": 1,
    "bot-130": 1,
    "bot-75": 2,
    "Soldier Ant": 1,
    "blossom-v2": 2,
    "bot-53": 3,
    "bot-61": 1,
    "leafy": 2,
    "bot-79": 1,
    "not bot": 1,
    "bot-119": 1,
    "bot-124": 1,
    "bot-136": 1,
    "bot-99": 1,
    "bot-132": 1,
    "bot-85": 2,
    "bot-64": 1,
    "bot-141": 1,
    "bot-88": 1,
    "bot-26": 2,
    "bot-82": 1,
    "bot-31": 1,
    "bot-77": 1,
    "bot-102": 2
  },
  "loadout_history": {
    "1": 903,
    "0": 1048,
    "40": 1,
    "34": 4,
    "29": 2,
    "24": 14,
    "19": 3,
    "15": 12,
    "79": 7,
    "14": 14,
    "9": 11,
    "175": 1,
    "25": 7,
    "11": 1,
    "32": 4,
    "69": 2,
    "39": 1,
    "16": 5,
    "35": 3,
    "5": 8,
    "18": 6,
    "10": 5,
    "54": 2,
    "21": 1,
    "17": 1,
    "117": 1,
    "84": 1,
    "61": 1,
    "6": 5,
    "180": 3,
    "26": 2,
    "47": 1,
    "135": 1,
    "36": 1,
    "28": 1,
    "27": 1,
    "20": 1,
    "7": 1,
    "48": 2,
    "49": 1,
    "51": 2,
    "45": 1,
    "60": 2,
    "58": 1
  }
}