{
  "schema": 1,
  "name": "bot-24",
  "first_seen": 1778543184.8603032,
  "last_seen": 1779316741.835755,
  "episodes": 1461,
  "score_total": 188764,
  "score_best": 7527,
  "best_loadout": [
    0,
    0,
    0,
    0,
    0,
    0,
    0,
    0
  ],
  "killed_by": {
    "Hornet": 313,
    "bot-148": 1,
    "Bee": 112,
    "Wasp": 271,
    "Mantis": 127,
    "bot-103": 2,
    "Spider": 33,
    "bot-132": 5,
    "Sandstorm": 23,
    "Cactus": 84,
    "Beetle": 81,
    "bot-100": 1,
    "bot-59": 1,
    "bot-73": 3,
    "bot-31": 3,
    "Desert Centipede": 9,
    "Ladybug": 55,
    "bloom": 1,
    "Rock": 13,
    "bot-76": 3,
    "bot-113": 2,
    "Scorpion": 7,
    "bot-93": 7,
    "Evil Centipede": 26,
    "Centipede": 39,
    "bot-56": 1,
    "bot-90": 1,
    "bot-39": 5,
    "bot-116": 4,
    "Leafbug": 14,
    "Bush": 13,
    "bot-71": 1,
    "bot-125": 4,
    "bot-33": 3,
    "bot-50": 2,
    "bot-80": 1,
    "petalpop": 3,
    "bot-35": 5,
    "Baby Ant": 3,
    "florrio": 1,
    "bot-105": 3,
    "bot-82": 1,
    "bot-84": 3,
    "bot-53": 4,
    "hello": 4,
    "bot-43": 1,
    "bot-47": 1,
    "bot-81": 2,
    "bot-38": 2,
    "bot-34": 1,
    "bot-54": 2,
    "bot-143": 1,
    "bot-131": 1,
    "bot-108": 1,
    "bot-26": 1,
    "Soldier Ant": 3,
    "bot-95": 1,
    "bot-98": 1,
    "bot-146": 1,
    "bot-69": 1,
    "bot-67": 2,
    "bot-78": 1,
    "bot-91": 3,
    "bot-92": 2,
    "bot-117": 1,
    "bot-109": 1,
    "bot-55": 1,
    "bot-102": 6,
    "bot-106": 1,
    "bot-110": 2,
    "bot": 3,
    "bot-46": 1,
    "bot-140": 1,
    "bot-129": 2,
    "blossom": 1,
    "bot-137": 1,
    "bot-111": 1,
    "bot-87": 1,
    "bot-60": 1,
    "bot-136": 1,
    "bot-96": 2,
    "bot-51": 2,
    "bot-86": 1,
    "bot-147": 1,
    "bot-23": 4,
    "bot-65": 2,
    "bot-68": 1,
    "bot-97": 1,
    "bot-30": 3,
    "aa": 1,
    "bot-134": 1,
    "bot-128": 2,
    "bot-22": 1,
    "bot-124": 1,
    "bot-99": 1,
    "a": 1,
    "bot-58": 3,
    "bot-94": 1,
    "bot-75": 1,
    "leafy": 1,
    "bot-28": 1,
    "bot-88": 1,
    "bot-70": 1,
    "bot-139": 2,
    "bot-64": 1,
    "Worker Ant": 1,
    "bot-32": 1,
    "bot-29": 1,
    "bot-130": 1,
    "thorny": 1,
    "bot-25": 1,
    "zorr": 1,
    "bot-41": 2,
    "bot-126": 2,
    "bot-107": 2,
    "bot-77": 1,
    "bot-49": 1,
    "bot-112": 1,
    "bot-27": 1,
    "bloomy": 1,
    "bot-145": 1,
    "root": 15,
    "bot-149": 2
  },
  "loadout_history": {
    "0": 1250,
    "1": 987,
    "19": 8,
    "28": 5,
    "9": 13,
    "5": 23,
    "24": 17,
    "167": 11,
    "14": 24,
    "18": 12,
    "79": 2,
    "6": 16,
    "10": 8,
    "135": 1,
    "169": 1,
    "34": 6,
    "15": 12,
    "27": 1,
    "48": 3,
    "92": 1,
    "137": 1,
    "29": 3,
    "49": 1,
    "83": 2,
    "25": 2,
    "16": 3,
    "54": 1,
    "21": 4,
    "12": 1,
    "37": 1,
    "7": 3,
    "51": 1,
    "75": 1,
    "8": 2,
    "36": 2,
    "11": 1,
    "206": 2,
    "17": 2,
    "33": 1,
    "159": 1,
    "26": 2,
    "30": 1,
    "116": 4,
    "69": 1,
    "117": 2,
    "39": 1,
    "47": 1,
    "50": 1,
    "168": 1,
    "35": 1,
    "40": 1
  }
}