{
  "schema": 1,
  "name": "bot-118",
  "first_seen": 1778364743.2131178,
  "last_seen": 1778623436.053235,
  "episodes": 462,
  "score_total": 65328,
  "score_best": 5052,
  "best_loadout": [
    0,
    0,
    0,
    0,
    0,
    0,
    0
  ],
  "killed_by": {
    "Baby Ant": 1,
    "bot-208": 1,
    "Hornet": 101,
    "Ladybug": 25,
    "Cactus": 27,
    "Bee": 27,
    "Beetle": 27,
    "67": 1,
    "Mantis": 41,
    "bot-61": 2,
    "Wasp": 89,
    "bot-74": 1,
    "bot-79": 1,
    "Rock": 3,
    "bot-59": 1,
    "bot-62": 1,
    "Desert Centipede": 2,
    "bot-68": 1,
    "bot-97": 1,
    "bot-72": 1,
    "Evil Centipede": 8,
    "bot-22": 1,
    "bot-45": 1,
    "bot-100": 1,
    "thorny": 1,
    "bot-75": 1,
    "a": 1,
    "Centipede": 7,
    "Spider": 15,
    "bot-40": 1,
    "Sandstorm": 5,
    "bot-144": 2,
    "bot-112": 1,
    "bot-65": 1,
    "bot": 1,
    "bloom": 3,
    "Soldier Ant": 1,
    "Leafbug": 6,
    "rosie": 1,
    "bot-63": 1,
    "bot-25": 1,
    "bot-82": 2,
    "Bush": 2,
    "bot-58": 1,
    "bot-67": 1,
    "bot-130": 2,
    "Scorpion": 3,
    "bot-84": 1,
    "bot-81": 1,
    "bot-47": 2,
    "blossom-v2": 1,
    "bot-128": 1,
    "Worker Ant": 3,
    "bot-34": 2,
    "bot-87": 1,
    "aa": 1,
    "bot-114": 2,
    "bot-66": 1,
    "bot-28": 1,
    "bot-76": 1,
    "bot-139": 1,
    "bot-31": 1,
    "bot-80": 1
  },
  "loadout_history": {
    "0": 415,
    "1": 299,
    "34": 2,
    "9": 8,
    "14": 6,
    "6": 1,
    "15": 5,
    "75": 1,
    "25": 3,
    "18": 4,
    "5": 2,
    "20": 1,
    "29": 2,
    "54": 1,
    "16": 1,
    "26": 1,
    "52": 1,
    "10": 3,
    "33": 1,
    "17": 2
  }
}