{
  "schema": 1,
  "name": "bot-106",
  "first_seen": 1778364741.472102,
  "last_seen": 1778638828.392681,
  "episodes": 721,
  "score_total": 98532,
  "score_best": 5167,
  "best_loadout": [
    0,
    0,
    0,
    0,
    0,
    0,
    0
  ],
  "killed_by": {
    "Spider": 29,
    "Hornet": 180,
    "Bee": 55,
    "Cactus": 46,
    "Beetle": 37,
    "bot-502": 1,
    "bot-105": 3,
    "Soldier Ant": 2,
    "bot-301": 1,
    "bot-104": 1,
    "bot-501": 3,
    "Centipede": 20,
    "Worker Ant": 4,
    "bot-504": 2,
    "Ladybug": 24,
    "Desert Centipede": 4,
    "Mantis": 58,
    "Wasp": 132,
    "bot-114": 2,
    "bot-90": 3,
    "hello": 3,
    "zorr": 1,
    "bot-113": 2,
    "bot-82": 2,
    "Evil Centipede": 7,
    "bot-41": 1,
    "leafy": 2,
    "bot-60": 2,
    "Rock": 4,
    "Bush": 7,
    "bot-77": 2,
    "bot-33": 1,
    "bot-111": 1,
    "blossom": 1,
    "florrio": 1,
    "bot-101": 2,
    "bot-136": 1,
    "bot-29": 1,
    "bot-125": 1,
    "bot-95": 1,
    "petalpop": 2,
    "Scorpion": 4,
    "bot-94": 1,
    "Leafbug": 2,
    "bot-79": 2,
    "bot-140": 1,
    "bot-112": 1,
    "bot-69": 2,
    "bot-126": 1,
    "bot-86": 1,
    "gardn": 2,
    "bot-52": 1,
    "bot-66": 1,
    "bot-129": 1,
    "bot-100": 1,
    "bot-50": 1,
    "bot-102": 1,
    "bot-121": 1,
    "bot-31": 3,
    "bot-144": 1,
    "bot-98": 1,
    "bot-146": 1,
    "bot-43": 1,
    "Sandstorm": 2,
    "bot-99": 1,
    "bot-75": 1,
    "bot-36": 1,
    "bot-27": 2,
    "67": 1,
    "bot-81": 1,
    "bot-40": 1,
    "bot-108": 1,
    "bot-147": 1,
    "bot-141": 2,
    "bot-84": 2,
    "bot-58": 1,
    "bot-71": 1,
    "bot-93": 1,
    "Queen Ant": 1,
    "bot-132": 1
  },
  "loadout_history": {
    "0": 605,
    "1": 522,
    "14": 14,
    "9": 5,
    "5": 14,
    "18": 4,
    "15": 6,
    "79": 3,
    "19": 3,
    "24": 5,
    "10": 5,
    "34": 3,
    "68": 1,
    "116": 2,
    "7": 3,
    "167": 1,
    "6": 7,
    "48": 1,
    "84": 1,
    "31": 1,
    "35": 1,
    "36": 2,
    "49": 1,
    "13": 1,
    "25": 2,
    "51": 2,
    "29": 1,
    "16": 1,
    "45": 1,
    "39": 1,
    "21": 1,
    "55": 1
  }
}