{
  "schema": 1,
  "name": "bot-22",
  "first_seen": 1778543605.206269,
  "last_seen": 1778556197.190847,
  "episodes": 59,
  "score_total": 4369,
  "score_best": 1021,
  "best_loadout": [
    0,
    0,
    0,
    0,
    0,
    0
  ],
  "killed_by": {
    "bot-135": 1,
    "Hornet": 19,
    "Sandstorm": 2,
    "bot-118": 1,
    "Mantis": 6,
    "bot-61": 2,
    "Spider": 3,
    "Wasp": 9,
    "Bee": 3,
    "Cactus": 2,
    "Beetle": 1,
    "leafy": 1
  },
  "loadout_history": {
    "0": 57,
    "29": 2,
    "14": 4,
    "1": 39,
    "9": 2,
    "5": 2,
    "19": 1,
    "167": 1,
    "49": 1,
    "24": 4,
    "18": 2,
    "116": 1,
    "10": 2,
    "11": 2,
    "7": 1,
    "25": 2
  }
}