{
  "schema": 1,
  "name": "bot-122",
  "first_seen": 1778543128.354353,
  "last_seen": 1779316407.0379698,
  "episodes": 1467,
  "score_total": 240333,
  "score_best": 10100,
  "best_loadout": [
    0,
    0,
    0,
    0,
    0,
    0,
    0,
    0
  ],
  "killed_by": {
    "Hornet": 345,
    "Wasp": 261,
    "bot-143": 2,
    "Bee": 92,
    "thorny": 4,
    "Mantis": 135,
    "Ladybug": 55,
    "bot-38": 3,
    "Beetle": 83,
    "Sandstorm": 27,
    "bot-101": 2,
    "Evil Centipede": 19,
    "Rock": 23,
    "bot-113": 2,
    "Cactus": 80,
    "bot-57": 2,
    "Centipede": 36,
    "Desert Centipede": 13,
    "bot-119": 1,
    "a": 2,
    "bot-76": 3,
    "Spider": 37,
    "bot-137": 2,
    "bot-79": 1,
    "bot-115": 1,
    "bot-63": 2,
    "Bush": 11,
    "bot-141": 1,
    "bot-40": 9,
    "bot-59": 1,
    "bot-78": 8,
    "Worker Ant": 5,
    "Leafbug": 18,
    "bot-28": 1,
    "bot-72": 2,
    "bloom": 1,
    "prickly": 2,
    "thorn": 3,
    "bot-46": 2,
    "bot-146": 3,
    "bot-34": 1,
    "bot-145": 3,
    "bot-80": 1,
    "bot-29": 1,
    "bot-77": 3,
    "bot-83": 4,
    "bot-136": 1,
    "bot-56": 1,
    "bot-42": 4,
    "bot-93": 1,
    "bot-118": 2,
    "bot-25": 5,
    "bot-71": 3,
    "blossom-v2": 2,
    "bot-54": 3,
    "bot-138": 3,
    "bot-86": 5,
    "bot-24": 1,
    "bot-102": 4,
    "bot-140": 3,
    "bot-26": 2,
    "bot-61": 2,
    "Scorpion": 6,
    "bot-73": 1,
    "bot-65": 1,
    "bot-134": 1,
    "bot-53": 1,
    "Soldier Ant": 10,
    "bot-60": 2,
    "rosie": 3,
    "bot-98": 1,
    "bot-84": 3,
    "bot-89": 2,
    "bot-120": 1,
    "bot-106": 2,
    "bot-112": 1,
    "bot-41": 2,
    "bot-55": 3,
    "bot-110": 1,
    "bot-111": 1,
    "bot-47": 2,
    "bot-103": 1,
    "bot-108": 1,
    "bot-52": 1,
    "bot-123": 4,
    "petalpop": 1,
    "bot-148": 1,
    "bloomy": 2,
    "bot-50": 1,
    "bot-64": 1,
    "67": 1,
    "bot-127": 1,
    "bot-58": 4,
    "bot-70": 1,
    "bot-66": 1,
    "bot-75": 1,
    "zorr": 1,
    "bot-33": 1,
    "leafy": 1,
    "bot-69": 1,
    "florrio": 5,
    "bot-135": 1,
    "bot-48": 1,
    "Queen Ant": 1,
    "bot-67": 1,
    "bot-43": 2,
    "bot-124": 1,
    "blossom": 2,
    "bot-147": 1,
    "bot-117": 1,
    "bot-51": 1,
    "bot-97": 1,
    "bot-128": 1
  },
  "loadout_history": {
    "0": 1255,
    "1": 1011,
    "9": 16,
    "167": 3,
    "10": 11,
    "6": 18,
    "18": 12,
    "69": 2,
    "34": 9,
    "15": 15,
    "35": 6,
    "14": 28,
    "24": 19,
    "116": 2,
    "5": 22,
    "16": 6,
    "13": 2,
    "58": 1,
    "60": 3,
    "12": 4,
    "46": 4,
    "33": 1,
    "11": 3,
    "136": 1,
    "17": 1,
    "56": 2,
    "51": 3,
    "8": 2,
    "25": 3,
    "20": 2,
    "7": 3,
    "37": 1,
    "19": 2,
    "180": 1,
    "21": 2,
    "79": 5,
    "23": 6,
    "22": 1,
    "101": 1,
    "28": 6,
    "177": 1,
    "26": 1,
    "29": 3,
    "50": 1,
    "42": 1,
    "40": 2,
    "48": 1,
    "204": 1,
    "206": 1,
    "45": 1
  }
}