{
  "schema": 1,
  "name": "bot-derv",
  "first_seen": 1778218304.709741,
  "last_seen": 1778278893.416916,
  "episodes": 2281,
  "score_total": 205419,
  "score_best": 5197,
  "best_loadout": [
    14,
    1,
    1,
    1,
    0,
    0,
    0
  ],
  "killed_by": {
    "root": 33,
    "Soldier Ant": 38,
    "Hornet": 1218,
    "thorn": 22,
    "bot-rklz": 19,
    "Ladybug": 20,
    "bot-qhpe": 25,
    "bot-ihff": 22,
    "zorr": 31,
    "bot-iraf": 32,
    "Rock": 29,
    "Spider": 66,
    "bot-eqvx": 22,
    "Centipede": 76,
    "bot-uxnr": 22,
    "Bee": 126,
    "Cactus": 2,
    "bot-nugt": 25,
    "a": 22,
    "bot-mqcq": 28,
    "bot-wbxw": 22,
    "not bot": 27,
    "leafy": 23,
    "rosie": 26,
    "petalpop": 32,
    "bot": 22,
    "blossom": 18,
    "florrio": 17,
    "hello": 28,
    "bot-fuvq": 12,
    "aa": 25,
    "bot-yrut": 26,
    "67": 22,
    "bot-thyg": 20,
    "gardn": 22,
    "bot-liwn": 30,
    "bot-mcta": 22,
    "Baby Ant": 3,
    "Boulder": 3,
    "Beetle": 1,
    "Massive Ladybug": 1
  },
  "loadout_history": {
    "0": 2229,
    "1": 1343,
    "28": 20,
    "42": 13,
    "9": 110,
    "15": 27,
    "40": 103,
    "19": 20,
    "12": 2,
    "34": 62,
    "43": 3,
    "14": 95,
    "6": 33,
    "41": 31,
    "51": 1,
    "25": 16,
    "27": 1,
    "5": 108,
    "11": 8,
    "24": 55,
    "7": 15,
    "23": 24,
    "39": 8,
    "16": 11,
    "13": 2,
    "18": 91,
    "10": 26,
    "33": 11,
    "35": 32,
    "20": 10,
    "36": 7,
    "58": 1,
    "37": 3,
    "38": 1,
    "48": 17,
    "17": 3,
    "55": 12,
    "29": 7,
    "26": 4,
    "32": 8,
    "46": 13,
    "77": 3,
    "8": 6,
    "30": 3,
    "47": 1,
    "22": 2,
    "67": 1,
    "60": 1,
    "65": 1,
    "21": 1
  }
}