{
  "schema": 1,
  "name": "bot-45",
  "first_seen": 1778543561.24242,
  "last_seen": 1778624241.125563,
  "episodes": 468,
  "score_total": 73501,
  "score_best": 7071,
  "best_loadout": [
    0,
    0,
    0,
    0,
    0,
    0,
    0,
    0
  ],
  "killed_by": {
    "Mantis": 41,
    "bot-147": 1,
    "Sandstorm": 5,
    "Evil Centipede": 5,
    "Wasp": 76,
    "bot-55": 1,
    "Beetle": 22,
    "Hornet": 127,
    "bot-143": 1,
    "Cactus": 32,
    "Ladybug": 22,
    "bot-123": 1,
    "bot-68": 1,
    "Leafbug": 3,
    "Bee": 25,
    "bot-83": 1,
    "bloomy": 1,
    "thorn": 2,
    "bot-141": 1,
    "Centipede": 16,
    "Spider": 18,
    "bot-26": 3,
    "bot-97": 1,
    "bot-39": 3,
    "Rock": 7,
    "bot-46": 1,
    "Bush": 8,
    "bot-132": 1,
    "bot-32": 1,
    "bot-109": 1,
    "bot-81": 1,
    "bot-59": 1,
    "bot-40": 1,
    "blossom-v2": 3,
    "Baby Ant": 1,
    "bot-34": 3,
    "bot-57": 3,
    "bot-118": 2,
    "bot-98": 1,
    "Worker Ant": 2,
    "bot-33": 1,
    "bot-90": 1,
    "Scorpion": 1,
    "Desert Centipede": 1,
    "bot-120": 1,
    "bot-101": 1,
    "bot-88": 1,
    "67": 1,
    "bot-133": 1,
    "hello": 1,
    "a": 1,
    "bot-114": 1,
    "bot-27": 1
  },
  "loadout_history": {
    "0": 411,
    "1": 305,
    "24": 4,
    "19": 2,
    "29": 1,
    "9": 2,
    "14": 2,
    "5": 3,
    "25": 1,
    "15": 4,
    "79": 2,
    "35": 1,
    "168": 1,
    "26": 1,
    "20": 1,
    "49": 1,
    "6": 2,
    "7": 4,
    "11": 1,
    "45": 1,
    "34": 2,
    "116": 1,
    "18": 1,
    "10": 1,
    "93": 1
  }
}