{
  "schema": 1,
  "name": "bot-hjhy",
  "first_seen": 1778278977.880957,
  "last_seen": 1778280049.084746,
  "episodes": 27,
  "score_total": 5116,
  "score_best": 1149,
  "best_loadout": [
    9,
    0,
    1,
    0,
    0,
    0
  ],
  "killed_by": {
    "Hornet": 17,
    "bot-twnr": 2,
    "bot-kgtf": 1,
    "root": 1,
    "Beetle": 1,
    "67": 1,
    "Massive Ladybug": 2,
    "Spider": 1
  },
  "loadout_history": {
    "0": 27,
    "1": 20,
    "19": 2,
    "35": 1,
    "6": 1,
    "48": 1,
    "5": 3,
    "7": 1,
    "62": 1,
    "18": 3,
    "9": 3,
    "34": 1,
    "14": 5,
    "55": 1,
    "40": 1,
    "20": 1,
    "23": 1,
    "24": 1
  }
}