{
  "schema": 1,
  "name": "bot-44",
  "first_seen": 1778543471.38784,
  "last_seen": 1778553030.4440808,
  "episodes": 48,
  "score_total": 2708,
  "score_best": 155,
  "best_loadout": [
    14,
    0,
    0,
    1,
    0
  ],
  "killed_by": {
    "Hornet": 11,
    "Sandstorm": 3,
    "Rock": 1,
    "Mantis": 7,
    "Wasp": 12,
    "Cactus": 1,
    "bot-61": 1,
    "bot-56": 2,
    "bot-86": 1,
    "bot-33": 1,
    "bot-53": 1,
    "Centipede": 1
  },
  "loadout_history": {
    "0": 42,
    "1": 35,
    "46": 2,
    "9": 1,
    "14": 3,
    "5": 1,
    "49": 1,
    "167": 2,
    "15": 2,
    "21": 1,
    "19": 1,
    "18": 2,
    "24": 1
  }
}