{
  "schema": 1,
  "name": "bot-37",
  "first_seen": 1778543105.70511,
  "last_seen": 1779316402.200574,
  "episodes": 1537,
  "score_total": 302358,
  "score_best": 12697,
  "best_loadout": [
    0,
    0,
    0,
    0,
    0,
    0,
    0,
    0
  ],
  "killed_by": {
    "Wasp": 271,
    "Evil Centipede": 38,
    "bot-64": 5,
    "Desert Centipede": 6,
    "Hornet": 352,
    "Cactus": 76,
    "bot-59": 3,
    "prickly": 4,
    "Bee": 115,
    "Ladybug": 55,
    "bot-44": 1,
    "Mantis": 149,
    "Spider": 40,
    "Sandstorm": 26,
    "bot-117": 3,
    "Beetle": 66,
    "Scorpion": 14,
    "bot-24": 2,
    "rosie": 4,
    "bot-55": 2,
    "bot-70": 1,
    "aa": 1,
    "petalpop": 1,
    "Centipede": 39,
    "bot-61": 2,
    "Leafbug": 23,
    "bot-41": 1,
    "flower": 2,
    "Worker Ant": 6,
    "bot-103": 2,
    "bot-96": 3,
    "bot-128": 1,
    "not bot": 1,
    "a": 1,
    "Rock": 12,
    "bot-89": 2,
    "bot-114": 3,
    "bot-131": 2,
    "bot-80": 1,
    "bot-121": 2,
    "bot-147": 2,
    "bot-58": 1,
    "bot-99": 2,
    "bot-57": 3,
    "Bush": 17,
    "bot-95": 5,
    "blossom": 4,
    "bot-72": 2,
    "bot-116": 1,
    "bot-28": 2,
    "67": 1,
    "bot-107": 1,
    "bot-68": 1,
    "bot-110": 1,
    "bot": 8,
    "bot-84": 3,
    "bot-63": 1,
    "blossom-v2": 2,
    "bot-86": 1,
    "bot-119": 3,
    "bot-23": 1,
    "bot-111": 2,
    "thorny": 2,
    "bot-74": 1,
    "bot-126": 2,
    "Baby Ant": 3,
    "bot-45": 3,
    "bot-47": 1,
    "zorr": 2,
    "Soldier Ant": 4,
    "bot-71": 1,
    "bot-91": 2,
    "bot-108": 2,
    "thornbloom": 1,
    "bot-79": 1,
    "bot-69": 1,
    "bot-26": 1,
    "bot-124": 4,
    "bot-90": 2,
    "bot-97": 3,
    "bot-29": 2,
    "bot-136": 3,
    "bot-43": 2,
    "bot-60": 2,
    "bot-31": 3,
    "bot-148": 2,
    "bot-129": 3,
    "bot-85": 3,
    "leafy": 1,
    "bot-81": 1,
    "bot-144": 2,
    "bot-122": 4,
    "bot-65": 1,
    "bot-66": 1,
    "gardn": 1,
    "bot-48": 1,
    "bot-56": 1,
    "bot-87": 2,
    "bot-53": 1,
    "bot-93": 1,
    "hello": 3,
    "bot-142": 1,
    "bot-62": 3,
    "bot-135": 2,
    "bot-33": 2,
    "bot-101": 1,
    "bot-73": 2,
    "bot-130": 1,
    "bot-25": 1,
    "bot-35": 1,
    "bot-104": 1,
    "bot-54": 1,
    "bot-137": 3,
    "bot-50": 1,
    "bot-49": 1,
    "sussy": 1,
    "bot-120": 1,
    "bot-98": 1,
    "bot-141": 1,
    "bot-102": 1
  },
  "loadout_history": {
    "0": 1330,
    "1": 1104,
    "49": 2,
    "45": 1,
    "34": 8,
    "28": 4,
    "18": 13,
    "24": 22,
    "30": 4,
    "175": 1,
    "117": 1,
    "9": 14,
    "5": 19,
    "15": 23,
    "167": 4,
    "68": 2,
    "19": 3,
    "205": 1,
    "6": 11,
    "12": 2,
    "14": 30,
    "29": 7,
    "35": 9,
    "51": 2,
    "31": 1,
    "10": 8,
    "11": 8,
    "20": 5,
    "7": 6,
    "165": 1,
    "22": 3,
    "16": 5,
    "8": 3,
    "46": 2,
    "26": 1,
    "25": 6,
    "159": 1,
    "48": 1,
    "116": 1,
    "169": 1,
    "23": 8,
    "168": 2,
    "61": 1,
    "79": 2,
    "13": 1,
    "58": 1,
    "181": 1,
    "180": 1,
    "204": 4,
    "47": 1,
    "40": 4,
    "41": 1,
    "42": 1,
    "50": 1,
    "39": 1
  }
}