{
  "schema": 1,
  "name": "bot-148",
  "first_seen": 1778543177.00911,
  "last_seen": 1778713207.433675,
  "episodes": 1158,
  "score_total": 162427,
  "score_best": 5340,
  "best_loadout": [
    0,
    1,
    1,
    0,
    1,
    0,
    0
  ],
  "killed_by": {
    "bot-51": 3,
    "Wasp": 228,
    "Hornet": 255,
    "Mantis": 96,
    "Cactus": 76,
    "Bee": 80,
    "bot-121": 2,
    "bot-93": 1,
    "Spider": 28,
    "Beetle": 49,
    "bot-52": 2,
    "Centipede": 34,
    "Evil Centipede": 6,
    "bot-112": 2,
    "bot-80": 1,
    "Bush": 25,
    "Rock": 10,
    "bot-36": 7,
    "a": 2,
    "bot-123": 3,
    "bot-46": 1,
    "Ladybug": 53,
    "bot-132": 1,
    "bot-106": 2,
    "bot-28": 2,
    "bot-31": 1,
    "aa": 1,
    "bot-72": 1,
    "bot-81": 1,
    "blossom-v2": 1,
    "bot-146": 3,
    "Sandstorm": 20,
    "bot-61": 1,
    "bot-66": 1,
    "flower": 2,
    "bot-47": 2,
    "bot-65": 1,
    "bot-78": 2,
    "Desert Centipede": 9,
    "bot-64": 1,
    "bot-107": 2,
    "bot-114": 1,
    "bot-109": 4,
    "bot-100": 2,
    "Scorpion": 5,
    "bot-104": 2,
    "Leafbug": 21,
    "bot-144": 1,
    "bot-22": 2,
    "bot-97": 1,
    "root": 2,
    "bot-113": 1,
    "bot-73": 1,
    "not bot": 1,
    "bot-53": 2,
    "bot-127": 2,
    "bot-62": 3,
    "bot-128": 1,
    "bot-25": 2,
    "bot-116": 2,
    "bot-30": 2,
    "bot-48": 2,
    "bot-142": 1,
    "Soldier Ant": 4,
    "bot-39": 2,
    "Worker Ant": 3,
    "bot-77": 4,
    "thorny": 1,
    "bot-63": 1,
    "bot-143": 2,
    "bot-136": 1,
    "bot-70": 3,
    "67": 1,
    "bot-122": 1,
    "bot-140": 1,
    "bot-134": 2,
    "bot-85": 1,
    "bot-79": 2,
    "bot-44": 1,
    "bot-55": 1,
    "bot-105": 1,
    "bot-50": 1,
    "bot-139": 2,
    "bloom": 1,
    "bot": 1,
    "bot-119": 2,
    "bot-58": 2,
    "bot-141": 1,
    "bot-33": 4,
    "bot-129": 2,
    "petalpop": 1,
    "bot-101": 2,
    "bot-133": 1,
    "rosie": 1,
    "bot-34": 1,
    "bot-95": 1,
    "bot-124": 1,
    "bot-56": 1,
    "bot-126": 1,
    "zorr": 1,
    "bloomy": 2,
    "Baby Ant": 1,
    "bot-45": 1,
    "bot-82": 1,
    "bot-29": 1,
    "Ant Hole": 1,
    "florrio": 1
  },
  "loadout_history": {
    "0": 976,
    "9": 13,
    "1": 827,
    "10": 5,
    "14": 8,
    "18": 11,
    "19": 10,
    "24": 11,
    "5": 6,
    "39": 2,
    "34": 2,
    "79": 4,
    "25": 3,
    "11": 4,
    "52": 1,
    "6": 9,
    "23": 1,
    "15": 5,
    "16": 3,
    "13": 2,
    "7": 6,
    "61": 1,
    "29": 2,
    "89": 1,
    "35": 3,
    "26": 4,
    "84": 1,
    "56": 1,
    "32": 2,
    "58": 2,
    "30": 2,
    "46": 1,
    "116": 1,
    "167": 1,
    "36": 1,
    "168": 1,
    "28": 1,
    "182": 1,
    "8": 2,
    "97": 1,
    "20": 1,
    "117": 1
  }
}