{
  "schema": 1,
  "name": "bot-142",
  "first_seen": 1778543492.261076,
  "last_seen": 1778718376.764605,
  "episodes": 1171,
  "score_total": 174871,
  "score_best": 5806,
  "best_loadout": [
    0,
    0,
    12,
    0,
    0,
    0,
    0
  ],
  "killed_by": {
    "Beetle": 51,
    "Hornet": 300,
    "Evil Centipede": 7,
    "Mantis": 88,
    "Bee": 76,
    "Wasp": 212,
    "Scorpion": 5,
    "Bush": 14,
    "bot-140": 1,
    "bot-23": 2,
    "Sandstorm": 16,
    "Cactus": 68,
    "bot-30": 1,
    "bot-61": 2,
    "bot-67": 2,
    "gardn": 1,
    "bot-81": 2,
    "bot-102": 1,
    "Ladybug": 45,
    "Centipede": 31,
    "not bot": 2,
    "bot-139": 3,
    "bot-48": 2,
    "bot-24": 1,
    "Leafbug": 17,
    "Spider": 29,
    "Soldier Ant": 6,
    "bot-101": 1,
    "bot-79": 1,
    "Desert Centipede": 20,
    "bot-74": 6,
    "bot-78": 1,
    "Baby Ant": 4,
    "bot-56": 2,
    "bot-144": 1,
    "Worker Ant": 2,
    "bot-26": 2,
    "bot-116": 3,
    "bot-114": 1,
    "bot": 5,
    "thorn": 3,
    "bot-97": 2,
    "bot-50": 2,
    "bot-113": 1,
    "bot-84": 5,
    "petalpop": 1,
    "bot-47": 2,
    "bot-75": 2,
    "root": 1,
    "bot-89": 1,
    "bot-127": 2,
    "blossom-v2": 1,
    "bot-123": 2,
    "bot-99": 1,
    "bot-91": 1,
    "bot-80": 1,
    "bot-55": 1,
    "bot-121": 1,
    "bot-134": 6,
    "bot-149": 1,
    "bot-115": 1,
    "bot-33": 1,
    "bot-120": 2,
    "bot-38": 2,
    "bot-59": 2,
    "bot-57": 4,
    "bot-37": 2,
    "Rock": 9,
    "bot-133": 3,
    "bot-49": 1,
    "bot-96": 1,
    "bot-148": 2,
    "bot-129": 1,
    "bloom": 1,
    "bot-147": 1,
    "bot-73": 1,
    "bot-88": 1,
    "bot-119": 1,
    "bot-72": 1,
    "bot-76": 1,
    "bot-32": 2,
    "bot-87": 2,
    "florrio": 1,
    "bot-62": 1,
    "bot-107": 2,
    "thornbloom": 3,
    "bot-94": 1,
    "bot-42": 2,
    "bot-105": 2,
    "bot-104": 1,
    "bot-122": 1,
    "bot-39": 3,
    "bot-110": 1,
    "leafy": 1,
    "bot-29": 1,
    "bot-64": 1,
    "bot-54": 1,
    "blossom": 1,
    "bot-82": 1,
    "bot-138": 1,
    "bot-44": 1,
    "bot-117": 1,
    "a": 1,
    "bot-137": 1,
    "bot-46": 1,
    "bot-65": 1,
    "bot-70": 7,
    "bot-71": 1,
    "bloomy": 1,
    "bot-135": 2,
    "bot-27": 2,
    "bot-125": 1,
    "bot-90": 1
  },
  "loadout_history": {
    "0": 1005,
    "1": 815,
    "14": 10,
    "45": 1,
    "5": 18,
    "167": 3,
    "25": 4,
    "35": 4,
    "58": 4,
    "15": 8,
    "24": 11,
    "7": 1,
    "18": 3,
    "9": 10,
    "11": 5,
    "33": 2,
    "6": 2,
    "29": 3,
    "26": 2,
    "19": 2,
    "10": 7,
    "28": 3,
    "16": 3,
    "12": 2,
    "79": 4,
    "22": 1,
    "118": 1,
    "23": 2,
    "181": 1,
    "48": 1,
    "206": 1,
    "60": 2,
    "46": 1,
    "32": 1,
    "36": 1,
    "30": 1,
    "116": 1,
    "49": 1,
    "180": 1,
    "168": 1,
    "17": 1
  }
}