{
  "schema": 1,
  "name": "bot-102",
  "first_seen": 1778364740.8740768,
  "last_seen": 1778552131.661691,
  "episodes": 132,
  "score_total": 3396,
  "score_best": 200,
  "best_loadout": [
    1,
    1,
    1,
    1,
    1
  ],
  "killed_by": {
    "Hornet": 48,
    "Beetle": 12,
    "Bee": 4,
    "Spider": 5,
    "bot-707": 2,
    "Cactus": 6,
    "Centipede": 2,
    "Soldier Ant": 4,
    "bot-401": 1,
    "Desert Centipede": 3,
    "Boulder": 4,
    "Evil Centipede": 3,
    "bot-403": 1,
    "Sandstorm": 2,
    "Mantis": 5,
    "bot-206": 1,
    "Wasp": 9,
    "bot-47": 1,
    "Bush": 2,
    "bot-137": 1
  },
  "loadout_history": {
    "0": 117,
    "1": 97,
    "28": 2,
    "14": 4,
    "46": 1,
    "15": 4,
    "10": 2,
    "5": 1,
    "19": 2,
    "167": 1,
    "49": 1,
    "69": 1,
    "204": 1,
    "24": 1,
    "18": 1,
    "56": 1
  }
}