{
  "schema": 1,
  "name": "bot-61",
  "first_seen": 1778543183.323554,
  "last_seen": 1779316690.714398,
  "episodes": 1431,
  "score_total": 279883,
  "score_best": 9632,
  "best_loadout": [
    0,
    0,
    0,
    0,
    0,
    0,
    1,
    0
  ],
  "killed_by": {
    "Hornet": 389,
    "thornbloom": 5,
    "Beetle": 76,
    "Spider": 44,
    "Mantis": 124,
    "Bee": 101,
    "Desert Centipede": 7,
    "Cactus": 70,
    "Ladybug": 55,
    "Wasp": 236,
    "Centipede": 32,
    "bot-36": 1,
    "bot-125": 1,
    "Evil Centipede": 20,
    "bot-53": 2,
    "bot-93": 1,
    "Bush": 10,
    "bot-44": 4,
    "bot-145": 1,
    "Rock": 12,
    "bot-71": 1,
    "bot-118": 4,
    "Worker Ant": 11,
    "bot-57": 1,
    "bot-121": 1,
    "Sandstorm": 20,
    "bot-80": 4,
    "Leafbug": 13,
    "bot-24": 1,
    "bot-82": 1,
    "Scorpion": 11,
    "bot-68": 2,
    "thorn": 5,
    "bot-33": 5,
    "bot-95": 4,
    "bot-50": 1,
    "bot-39": 1,
    "florrio": 4,
    "bot-91": 2,
    "bot-45": 5,
    "bot-47": 1,
    "bot-138": 4,
    "bot-119": 3,
    "flower": 4,
    "bot": 2,
    "rosie": 5,
    "bot-51": 5,
    "bot-144": 2,
    "bot-73": 2,
    "bot-23": 6,
    "bot-139": 2,
    "bot-49": 1,
    "bot-86": 1,
    "bot-141": 1,
    "bot-142": 1,
    "bot-31": 2,
    "bot-127": 2,
    "Baby Ant": 2,
    "bot-54": 1,
    "bot-111": 2,
    "bot-26": 1,
    "bot-97": 2,
    "bot-130": 2,
    "bot-128": 5,
    "bot-83": 3,
    "bot-98": 2,
    "bot-48": 3,
    "bot-84": 2,
    "bot-124": 2,
    "bot-113": 5,
    "bot-34": 2,
    "blossom-v2": 1,
    "a": 1,
    "Soldier Ant": 5,
    "zorr": 1,
    "bot-67": 2,
    "bot-35": 1,
    "bot-132": 1,
    "bot-94": 1,
    "bot-56": 1,
    "bot-123": 1,
    "bot-66": 2,
    "bot-90": 1,
    "bot-108": 2,
    "bot-115": 4,
    "bot-77": 1,
    "bot-58": 2,
    "leafy": 1,
    "bot-92": 1,
    "bot-129": 1,
    "bot-102": 1,
    "bot-40": 1,
    "root": 1,
    "bot-134": 2,
    "bot-122": 2,
    "bot-112": 1,
    "bot-43": 1,
    "bot-52": 1,
    "blossom": 2,
    "bot-64": 2,
    "bot-62": 1
  },
  "loadout_history": {
    "0": 1243,
    "1": 980,
    "14": 33,
    "9": 23,
    "48": 1,
    "10": 11,
    "46": 3,
    "24": 17,
    "116": 6,
    "28": 8,
    "5": 22,
    "23": 5,
    "20": 5,
    "19": 8,
    "25": 11,
    "17": 5,
    "7": 10,
    "15": 8,
    "6": 14,
    "18": 11,
    "29": 3,
    "34": 6,
    "55": 1,
    "16": 4,
    "51": 3,
    "35": 4,
    "11": 3,
    "8": 1,
    "26": 2,
    "86": 1,
    "83": 1,
    "13": 4,
    "183": 1,
    "135": 1,
    "79": 1,
    "97": 1,
    "31": 2,
    "117": 1,
    "49": 4,
    "175": 1,
    "39": 1,
    "47": 1,
    "58": 1,
    "21": 1,
    "124": 1,
    "61": 1,
    "119": 1,
    "32": 1,
    "40": 2,
    "205": 2,
    "45": 1
  }
}