{
  "schema": 1,
  "name": "bot-109",
  "first_seen": 1778364741.606845,
  "last_seen": 1779316414.495399,
  "episodes": 1563,
  "score_total": 211963,
  "score_best": 6186,
  "best_loadout": [
    0,
    0,
    0,
    0,
    0,
    0,
    0
  ],
  "killed_by": {
    "Sandstorm": 23,
    "Hornet": 408,
    "Evil Centipede": 33,
    "Mantis": 137,
    "Wasp": 270,
    "Scorpion": 6,
    "bot-120": 2,
    "bot-128": 1,
    "Beetle": 89,
    "bot-56": 1,
    "bot-127": 1,
    "Bush": 11,
    "Bee": 109,
    "Spider": 47,
    "bot-76": 3,
    "Cactus": 100,
    "bot-27": 2,
    "bot-97": 3,
    "Leafbug": 18,
    "Ladybug": 63,
    "hello": 1,
    "bot-118": 2,
    "bot-110": 2,
    "bot-68": 2,
    "bot-41": 4,
    "Centipede": 39,
    "bot-147": 2,
    "bot-84": 3,
    "Rock": 8,
    "bot-38": 3,
    "bot-86": 2,
    "zorr": 3,
    "Desert Centipede": 3,
    "bloomy": 2,
    "bot-137": 6,
    "bot-79": 3,
    "Worker Ant": 4,
    "blossom-v2": 2,
    "bot-75": 2,
    "a": 3,
    "bot-74": 3,
    "bot-146": 1,
    "bot-98": 2,
    "bot-43": 1,
    "bot-99": 2,
    "bot-25": 2,
    "bot-119": 1,
    "bot-31": 1,
    "Soldier Ant": 2,
    "bot-44": 2,
    "bot-145": 1,
    "bot-62": 2,
    "bot-28": 3,
    "bot-116": 1,
    "bot-133": 1,
    "bot-113": 2,
    "bot-60": 2,
    "thornbloom": 4,
    "bot-131": 2,
    "bot-40": 1,
    "bot-63": 1,
    "bot-148": 2,
    "bot-143": 2,
    "bot-93": 2,
    "67": 2,
    "bot-92": 3,
    "bot-107": 4,
    "bot-144": 1,
    "bot-83": 1,
    "bot-42": 2,
    "bot-26": 1,
    "bot-124": 1,
    "bot-46": 3,
    "bot-141": 1,
    "bot-123": 1,
    "bot-30": 2,
    "Baby Ant": 1,
    "bot-94": 3,
    "bot-106": 2,
    "thorn": 1,
    "bot-51": 1,
    "bot-117": 1,
    "bot-39": 1,
    "bot-95": 1,
    "aa": 1,
    "bot-47": 1,
    "bot-108": 2,
    "bot-70": 1,
    "bot-82": 1,
    "rosie": 2,
    "petalpop": 1,
    "bot-139": 1,
    "bot-69": 1,
    "bot-100": 1,
    "bloom": 1,
    "bot-130": 1,
    "bot-81": 1,
    "bot-89": 1,
    "bot-135": 1,
    "root": 1,
    "bot-96": 1,
    "bot-32": 1,
    "bot-136": 1,
    "bot-35": 2,
    "bot-102": 1,
    "bot-29": 2,
    "bot-101": 2,
    "bot-142": 1,
    "bot-138": 1,
    "blossom": 1,
    "bot-72": 1,
    "sussy": 1,
    "florrio": 1
  },
  "loadout_history": {
    "1": 1153,
    "0": 1327,
    "10": 12,
    "24": 22,
    "14": 27,
    "49": 2,
    "116": 3,
    "64": 1,
    "15": 9,
    "34": 7,
    "35": 4,
    "79": 9,
    "5": 20,
    "46": 5,
    "68": 1,
    "6": 8,
    "19": 10,
    "39": 2,
    "51": 2,
    "83": 1,
    "13": 2,
    "8": 3,
    "16": 4,
    "17": 2,
    "29": 4,
    "7": 6,
    "9": 15,
    "25": 9,
    "20": 3,
    "12": 1,
    "92": 1,
    "97": 1,
    "168": 2,
    "60": 1,
    "180": 2,
    "89": 2,
    "26": 3,
    "54": 1,
    "27": 1,
    "167": 3,
    "32": 2,
    "58": 1,
    "11": 3,
    "48": 1,
    "18": 3,
    "28": 4,
    "205": 1,
    "59": 1,
    "147": 1,
    "169": 1,
    "40": 3,
    "118": 1,
    "206": 1,
    "23": 1
  }
}