{
  "schema": 1,
  "name": "bot-wbxw",
  "first_seen": 1778218302.232944,
  "last_seen": 1778278843.3938508,
  "episodes": 2280,
  "score_total": 220908,
  "score_best": 6032,
  "best_loadout": [
    1,
    0,
    18,
    0,
    0,
    0,
    0
  ],
  "killed_by": {
    "Hornet": 1230,
    "bot-fuvq": 16,
    "Ladybug": 38,
    "Bee": 124,
    "aa": 26,
    "Centipede": 62,
    "bot-nugt": 18,
    "zorr": 22,
    "Spider": 71,
    "bot-iraf": 31,
    "bot-ihff": 20,
    "bot-thyg": 32,
    "Soldier Ant": 29,
    "Rock": 34,
    "gardn": 22,
    "leafy": 21,
    "rosie": 27,
    "petalpop": 31,
    "florrio": 32,
    "bot-derv": 20,
    "bot-mcta": 31,
    "bot-rklz": 20,
    "not bot": 16,
    "bot": 18,
    "blossom": 25,
    "bot-eqvx": 23,
    "bot-mqcq": 15,
    "thorn": 32,
    "bot-yrut": 17,
    "Boulder": 7,
    "hello": 24,
    "bot-uxnr": 20,
    "root": 30,
    "Beetle": 1,
    "a": 23,
    "bot-qhpe": 26,
    "bot-liwn": 16,
    "Cactus": 1,
    "67": 22,
    "Baby Ant": 5,
    "Massive Ladybug": 1
  },
  "loadout_history": {
    "0": 2233,
    "1": 1296,
    "18": 107,
    "5": 125,
    "46": 14,
    "6": 36,
    "16": 17,
    "14": 105,
    "9": 85,
    "55": 11,
    "40": 119,
    "10": 24,
    "35": 25,
    "24": 63,
    "7": 11,
    "29": 6,
    "15": 18,
    "41": 32,
    "11": 11,
    "37": 2,
    "23": 24,
    "25": 17,
    "17": 2,
    "28": 16,
    "32": 14,
    "34": 61,
    "65": 1,
    "47": 2,
    "60": 2,
    "48": 19,
    "19": 28,
    "33": 11,
    "67": 1,
    "42": 10,
    "61": 1,
    "8": 3,
    "36": 3,
    "20": 5,
    "52": 4,
    "39": 3,
    "44": 2,
    "26": 4,
    "62": 2,
    "77": 2,
    "12": 2,
    "43": 5,
    "63": 1,
    "21": 2,
    "30": 2
  }
}