{
  "schema": 1,
  "name": "bot-34",
  "first_seen": 1778543100.295371,
  "last_seen": 1778556749.541074,
  "episodes": 48,
  "score_total": 1899,
  "score_best": 101,
  "best_loadout": [
    1,
    5,
    0,
    0,
    0
  ],
  "killed_by": {
    "bot-100": 2,
    "Cactus": 1,
    "Wasp": 8,
    "Hornet": 10,
    "Mantis": 3,
    "bot-96": 1,
    "thorny": 1,
    "Beetle": 2,
    "Bee": 1,
    "Spider": 1,
    "bot-147": 1,
    "bot-107": 1,
    "bot-40": 1,
    "bot-31": 1,
    "Centipede": 1,
    "bot-56": 1
  },
  "loadout_history": {
    "0": 45,
    "1": 34,
    "14": 1,
    "49": 1,
    "28": 2,
    "5": 4,
    "24": 3,
    "25": 2,
    "9": 1,
    "6": 1,
    "23": 1,
    "47": 1
  }
}