{
  "schema": 1,
  "name": "bot-61",
  "first_seen": 1778543183.323554,
  "last_seen": 1778556561.668589,
  "episodes": 58,
  "score_total": 5628,
  "score_best": 397,
  "best_loadout": [
    15,
    0,
    0,
    0,
    0,
    0
  ],
  "killed_by": {
    "Hornet": 18,
    "thornbloom": 1,
    "Beetle": 2,
    "Spider": 2,
    "Mantis": 6,
    "Bee": 4,
    "Desert Centipede": 1,
    "Cactus": 1,
    "Ladybug": 2,
    "Wasp": 8,
    "Centipede": 2,
    "bot-36": 1,
    "bot-125": 1,
    "Evil Centipede": 1,
    "bot-53": 1,
    "bot-93": 1
  },
  "loadout_history": {
    "0": 55,
    "1": 34,
    "14": 8,
    "9": 10,
    "48": 1,
    "10": 5,
    "46": 1,
    "24": 3,
    "116": 4,
    "28": 1,
    "5": 2,
    "23": 1,
    "20": 1,
    "19": 1,
    "25": 2,
    "17": 1,
    "7": 1,
    "15": 2,
    "6": 1,
    "18": 1
  }
}