{
  "schema": 1,
  "name": "bot-55",
  "first_seen": 1778543456.409951,
  "last_seen": 1778727154.7436242,
  "episodes": 1196,
  "score_total": 206676,
  "score_best": 5606,
  "best_loadout": [
    0,
    0,
    13,
    0,
    0,
    0,
    0
  ],
  "killed_by": {
    "Beetle": 43,
    "Hornet": 263,
    "Mantis": 109,
    "Wasp": 206,
    "Scorpion": 21,
    "Desert Centipede": 10,
    "blossom-v2": 2,
    "bot-50": 2,
    "Bee": 88,
    "bloom": 1,
    "Cactus": 65,
    "bot-115": 2,
    "bot-34": 2,
    "Leafbug": 15,
    "rosie": 5,
    "Centipede": 43,
    "Spider": 34,
    "Evil Centipede": 11,
    "Ladybug": 66,
    "bot-140": 1,
    "bot-78": 2,
    "bot-123": 3,
    "bot-68": 4,
    "bot-65": 3,
    "Sandstorm": 16,
    "bot-23": 1,
    "bot-131": 1,
    "bot-108": 1,
    "bot-122": 1,
    "bot-92": 2,
    "bot-144": 1,
    "Rock": 6,
    "bot-137": 8,
    "bot-97": 1,
    "Worker Ant": 11,
    "gardn": 2,
    "bot-56": 1,
    "bot-94": 1,
    "bot-88": 1,
    "bot-27": 2,
    "bot-114": 1,
    "bot-85": 1,
    "bot-29": 3,
    "bot-127": 1,
    "bot-120": 1,
    "bot-48": 1,
    "Baby Ant": 4,
    "bot-104": 3,
    "bot-136": 2,
    "bot-129": 1,
    "bot-77": 4,
    "bot-69": 2,
    "florrio": 2,
    "bot-53": 1,
    "bot-134": 5,
    "bloomy": 2,
    "bot-79": 1,
    "not bot": 1,
    "Soldier Ant": 3,
    "Bush": 13,
    "bot-81": 2,
    "bot-61": 1,
    "bot-118": 3,
    "bot-51": 1,
    "bot-75": 3,
    "bot-98": 3,
    "bot-95": 2,
    "bot-121": 1,
    "bot-31": 1,
    "bot-59": 1,
    "bot-46": 2,
    "bot-146": 1,
    "bot-102": 2,
    "bot-38": 1,
    "bot-74": 1,
    "bot-145": 9,
    "bot-116": 1,
    "bot-112": 1,
    "bot-84": 1,
    "bot-25": 1,
    "bot-82": 4,
    "bot-49": 1,
    "zorr": 2,
    "leafy": 1,
    "bot-40": 1,
    "bot-96": 2,
    "bot-30": 1,
    "aa": 4,
    "bot-147": 1,
    "bot-60": 1,
    "bot-100": 1,
    "bot-135": 1,
    "bot-103": 1,
    "bot-72": 2,
    "bot-89": 1,
    "bot-107": 1,
    "bot-37": 1,
    "bot-125": 1,
    "petalpop": 2,
    "bot-93": 2,
    "bot-39": 1,
    "bot-111": 1
  },
  "loadout_history": {
    "1": 797,
    "0": 1031,
    "9": 13,
    "5": 14,
    "25": 5,
    "6": 8,
    "8": 4,
    "10": 4,
    "46": 2,
    "18": 4,
    "14": 15,
    "168": 1,
    "49": 2,
    "7": 6,
    "51": 2,
    "83": 1,
    "79": 5,
    "93": 1,
    "15": 13,
    "26": 3,
    "13": 2,
    "61": 1,
    "28": 2,
    "24": 9,
    "23": 2,
    "20": 2,
    "19": 2,
    "116": 1,
    "60": 2,
    "17": 1,
    "167": 1,
    "36": 2,
    "34": 3,
    "11": 2,
    "84": 1,
    "12": 3,
    "56": 1,
    "27": 1,
    "30": 1,
    "35": 2,
    "69": 1,
    "29": 4,
    "16": 2
  }
}