{
  "schema": 1,
  "name": "bot-137",
  "first_seen": 1778543574.336104,
  "last_seen": 1778623601.39677,
  "episodes": 454,
  "score_total": 65210,
  "score_best": 7564,
  "best_loadout": [
    0,
    0,
    0,
    0,
    0,
    0,
    0,
    0
  ],
  "killed_by": {
    "Mantis": 45,
    "Desert Centipede": 4,
    "bot-105": 1,
    "Hornet": 100,
    "bot-31": 3,
    "bot-99": 2,
    "Bee": 39,
    "Wasp": 76,
    "bot-103": 2,
    "Sandstorm": 8,
    "bot-84": 1,
    "bot-91": 5,
    "bot-100": 2,
    "Evil Centipede": 6,
    "prickly": 1,
    "bot-149": 1,
    "Cactus": 27,
    "Worker Ant": 2,
    "bot-108": 1,
    "Baby Ant": 1,
    "bot-24": 2,
    "bot-44": 1,
    "Rock": 5,
    "Beetle": 14,
    "Ladybug": 10,
    "Bush": 4,
    "Centipede": 16,
    "Spider": 7,
    "Leafbug": 7,
    "Scorpion": 7,
    "bot-89": 2,
    "bot-56": 1,
    "bot-142": 1,
    "not bot": 2,
    "bot-109": 2,
    "bot-54": 2,
    "bot-79": 1,
    "bot-29": 1,
    "bot-82": 1,
    "bot-32": 2,
    "bot-90": 1,
    "bot-131": 2,
    "bot-110": 1,
    "bot-50": 1,
    "florrio": 1,
    "bot-125": 1,
    "petalpop": 1,
    "bot-73": 2,
    "bot-58": 1,
    "bot-66": 2,
    "bot-69": 2,
    "blossom-v2": 1,
    "bloomy": 2,
    "bot-92": 1,
    "bot": 1,
    "bot-133": 1,
    "bot-135": 1,
    "bot-122": 1,
    "bot-113": 1,
    "bot-87": 1,
    "bot-101": 1,
    "bot-107": 1,
    "bot-53": 1,
    "bot-46": 1,
    "bot-96": 1,
    "bot-64": 1
  },
  "loadout_history": {
    "0": 391,
    "1": 292,
    "49": 3,
    "5": 15,
    "34": 1,
    "11": 2,
    "24": 2,
    "25": 4,
    "14": 5,
    "9": 4,
    "15": 7,
    "18": 2,
    "29": 3,
    "17": 1,
    "23": 2,
    "6": 3,
    "79": 3,
    "97": 1,
    "8": 1,
    "21": 1,
    "13": 1,
    "60": 1,
    "16": 1
  }
}