{
  "schema": 1,
  "name": "bot-36",
  "first_seen": 1778543098.195971,
  "last_seen": 1778556747.901851,
  "episodes": 58,
  "score_total": 3635,
  "score_best": 659,
  "best_loadout": [
    0,
    0,
    0,
    0,
    0,
    0
  ],
  "killed_by": {
    "Hornet": 11,
    "Bee": 2,
    "Wasp": 14,
    "Cactus": 4,
    "Mantis": 6,
    "bot-70": 1,
    "Centipede": 1,
    "Bush": 1,
    "bot-111": 1,
    "Beetle": 3,
    "Scorpion": 2,
    "bot-86": 1
  },
  "loadout_history": {
    "0": 53,
    "1": 42,
    "24": 3,
    "9": 5,
    "5": 3,
    "28": 2,
    "14": 2,
    "79": 2,
    "10": 4,
    "116": 1,
    "11": 1,
    "167": 1
  }
}