{
  "schema": 1,
  "name": "bot-42",
  "first_seen": 1778543102.0895848,
  "last_seen": 1779316450.701189,
  "episodes": 1511,
  "score_total": 262498,
  "score_best": 7979,
  "best_loadout": [
    0,
    0,
    0,
    0,
    0,
    0,
    0,
    0
  ],
  "killed_by": {
    "Hornet": 405,
    "Wasp": 277,
    "Beetle": 72,
    "Leafbug": 12,
    "Mantis": 119,
    "Cactus": 85,
    "bot-72": 3,
    "bot-84": 5,
    "Bee": 104,
    "Sandstorm": 22,
    "bot-130": 1,
    "bot-81": 4,
    "bot-129": 2,
    "Ladybug": 55,
    "root": 1,
    "bot-34": 1,
    "rosie": 5,
    "bot-94": 1,
    "bot-79": 6,
    "bot-82": 3,
    "Evil Centipede": 17,
    "Spider": 44,
    "Centipede": 40,
    "bloomy": 2,
    "bot-101": 1,
    "Baby Ant": 4,
    "bot-99": 4,
    "bot-102": 3,
    "bot-60": 2,
    "bot-76": 1,
    "flower": 1,
    "bot-89": 3,
    "bot-51": 1,
    "leafy": 1,
    "bot-31": 6,
    "bot-139": 1,
    "bot": 1,
    "bot-87": 5,
    "bot-32": 1,
    "bot-71": 2,
    "bot-141": 2,
    "bot-148": 1,
    "bot-114": 2,
    "bot-53": 1,
    "bot-119": 1,
    "bot-26": 1,
    "bot-22": 1,
    "bot-38": 1,
    "hello": 1,
    "Rock": 13,
    "bot-58": 1,
    "bot-123": 1,
    "Worker Ant": 9,
    "bot-142": 1,
    "bot-113": 2,
    "Scorpion": 10,
    "Bush": 14,
    "bot-88": 2,
    "bot-126": 2,
    "bot-122": 1,
    "bot-125": 1,
    "bot-44": 1,
    "bot-143": 1,
    "bot-149": 4,
    "bot-54": 2,
    "thorny": 1,
    "bot-74": 3,
    "bot-80": 3,
    "bot-147": 1,
    "bot-64": 1,
    "bot-105": 2,
    "bot-92": 1,
    "bot-104": 2,
    "bot-140": 4,
    "bot-59": 1,
    "zorr": 3,
    "bot-132": 2,
    "bot-134": 1,
    "bot-108": 1,
    "bot-90": 1,
    "bot-121": 1,
    "bot-37": 1,
    "bot-138": 3,
    "bot-135": 1,
    "thornbloom": 2,
    "67": 1,
    "bot-56": 5,
    "bot-117": 1,
    "bot-85": 1,
    "bot-48": 1,
    "aa": 5,
    "bot-115": 1,
    "bot-46": 1,
    "bot-111": 1,
    "bot-65": 2,
    "bot-36": 1,
    "bot-137": 2,
    "bot-127": 1,
    "gardn": 1,
    "bot-40": 1,
    "bot-68": 1,
    "Desert Centipede": 2,
    "blossom-v2": 2,
    "bot-118": 3,
    "bot-144": 1,
    "bot-116": 1,
    "Soldier Ant": 5,
    "Boulder": 2,
    "not bot": 1,
    "bot-136": 1,
    "bot-70": 1
  },
  "loadout_history": {
    "0": 1289,
    "1": 1056,
    "14": 30,
    "5": 29,
    "6": 8,
    "167": 7,
    "24": 28,
    "46": 5,
    "15": 11,
    "10": 11,
    "29": 5,
    "34": 7,
    "69": 3,
    "35": 5,
    "9": 17,
    "7": 4,
    "18": 19,
    "31": 1,
    "12": 5,
    "178": 1,
    "26": 4,
    "16": 3,
    "25": 6,
    "23": 7,
    "84": 1,
    "51": 1,
    "116": 1,
    "20": 2,
    "8": 4,
    "27": 2,
    "45": 1,
    "54": 1,
    "19": 4,
    "89": 1,
    "79": 3,
    "17": 1,
    "61": 1,
    "180": 2,
    "182": 2,
    "11": 1,
    "64": 1,
    "13": 1,
    "68": 1,
    "28": 4,
    "21": 1,
    "32": 2,
    "40": 8,
    "168": 1,
    "41": 2,
    "33": 3,
    "75": 1,
    "36": 1,
    "39": 1,
    "42": 1
  }
}