{
  "schema": 1,
  "name": "bot-145",
  "first_seen": 1778543548.623719,
  "last_seen": 1778727394.94547,
  "episodes": 1313,
  "score_total": 248345,
  "score_best": 10089,
  "best_loadout": [
    0,
    0,
    0,
    0,
    1,
    0,
    0,
    0
  ],
  "killed_by": {
    "Hornet": 295,
    "Cactus": 85,
    "Bee": 95,
    "bot-123": 2,
    "Mantis": 117,
    "Wasp": 243,
    "Beetle": 58,
    "aa": 2,
    "bot-36": 1,
    "bot-141": 3,
    "bot-74": 1,
    "Leafbug": 21,
    "bot-108": 2,
    "67": 2,
    "Sandstorm": 21,
    "Scorpion": 5,
    "bot-50": 1,
    "Ladybug": 53,
    "Rock": 16,
    "Centipede": 32,
    "bot-97": 3,
    "bot-112": 2,
    "bot-113": 2,
    "bot-100": 1,
    "Spider": 45,
    "bot-109": 3,
    "bot-114": 2,
    "bot-33": 3,
    "bot-28": 3,
    "Evil Centipede": 11,
    "bot-147": 3,
    "bot-52": 3,
    "bot-82": 2,
    "bot-86": 5,
    "bot-75": 3,
    "Bush": 10,
    "bot-134": 1,
    "Baby Ant": 2,
    "bot-38": 2,
    "bot-124": 1,
    "bot-49": 1,
    "bot-78": 1,
    "bot-119": 4,
    "bot-107": 2,
    "bot-106": 1,
    "flower": 2,
    "bot-122": 1,
    "bot-63": 3,
    "Worker Ant": 5,
    "bot-64": 1,
    "Desert Centipede": 4,
    "bot-70": 1,
    "bot-143": 1,
    "bot-55": 3,
    "bot-45": 1,
    "bot-90": 3,
    "bot-77": 2,
    "bot-61": 2,
    "bot-120": 1,
    "bot-48": 1,
    "bot-47": 1,
    "bot-115": 2,
    "bot-140": 3,
    "bot-117": 7,
    "bot-131": 1,
    "bot-51": 2,
    "bot-139": 2,
    "bot-148": 2,
    "blossom-v2": 2,
    "bot": 2,
    "bot-22": 2,
    "bot-40": 3,
    "bot-116": 2,
    "bot-137": 1,
    "bot-110": 1,
    "bot-121": 3,
    "bot-149": 2,
    "bot-44": 1,
    "bot-129": 2,
    "bot-34": 1,
    "bot-72": 1,
    "bot-98": 2,
    "bot-83": 2,
    "bloomy": 2,
    "bot-53": 1,
    "bot-126": 1,
    "bot-54": 1,
    "gardn": 2,
    "bot-87": 2,
    "bot-118": 2,
    "bot-73": 1,
    "bot-67": 2,
    "bot-128": 2,
    "bot-88": 1,
    "bot-130": 1,
    "bot-94": 1,
    "hello": 2,
    "bot-99": 1,
    "bot-95": 1,
    "bot-42": 2,
    "bot-127": 1,
    "bot-101": 1,
    "bot-79": 1,
    "bot-146": 1,
    "bot-138": 1,
    "bot-103": 1,
    "bot-37": 3,
    "bot-69": 1,
    "bot-35": 1,
    "a": 8,
    "bot-85": 1,
    "thornbloom": 1,
    "florrio": 2,
    "bot-142": 1,
    "thorn": 1,
    "bot-60": 1
  },
  "loadout_history": {
    "0": 1095,
    "1": 940,
    "9": 14,
    "5": 8,
    "6": 11,
    "34": 2,
    "29": 4,
    "24": 14,
    "14": 19,
    "79": 7,
    "167": 4,
    "19": 7,
    "116": 2,
    "7": 2,
    "89": 1,
    "61": 1,
    "11": 4,
    "180": 3,
    "15": 17,
    "161": 1,
    "13": 1,
    "17": 1,
    "18": 6,
    "23": 3,
    "25": 3,
    "28": 2,
    "83": 1,
    "46": 2,
    "21": 2,
    "16": 2,
    "137": 1,
    "8": 1,
    "60": 1,
    "136": 1,
    "124": 1,
    "10": 5,
    "33": 1,
    "20": 1,
    "27": 1,
    "204": 1,
    "168": 1,
    "63": 1,
    "49": 1
  }
}