{
  "schema": 1,
  "name": "bot-23",
  "first_seen": 1778543448.6881092,
  "last_seen": 1778624242.643575,
  "episodes": 411,
  "score_total": 56500,
  "score_best": 5046,
  "best_loadout": [
    0,
    0,
    1,
    0,
    0,
    0,
    0
  ],
  "killed_by": {
    "Mantis": 49,
    "Wasp": 68,
    "Hornet": 79,
    "Desert Centipede": 6,
    "bot-139": 1,
    "Bee": 30,
    "bot-60": 1,
    "Sandstorm": 8,
    "Beetle": 15,
    "Cactus": 27,
    "Evil Centipede": 8,
    "bot-149": 1,
    "flower": 1,
    "bot-35": 2,
    "thorn": 1,
    "bot-114": 1,
    "bot-63": 1,
    "bot-107": 1,
    "bot-51": 2,
    "Ladybug": 12,
    "Spider": 6,
    "Worker Ant": 3,
    "bot-27": 3,
    "bot-115": 1,
    "Scorpion": 2,
    "Centipede": 15,
    "bot-141": 2,
    "bot-116": 1,
    "bot-25": 1,
    "aa": 1,
    "bot-111": 1,
    "bot-103": 1,
    "Bush": 1,
    "Leafbug": 2,
    "bot-72": 1,
    "bot-113": 1,
    "bot-22": 1,
    "bot-119": 1,
    "Rock": 10,
    "bot-57": 1,
    "bot-112": 1,
    "leafy": 1,
    "bot-86": 1,
    "bot-54": 1,
    "hello": 1,
    "bot-101": 1,
    "bot-41": 4,
    "bot-78": 1,
    "bot-91": 1,
    "blossom-v2": 1,
    "bot-36": 5,
    "bot-90": 2,
    "bot-48": 1,
    "bot-124": 1,
    "bot-146": 1,
    "bot-104": 1,
    "rosie": 2,
    "a": 1,
    "bot-28": 1,
    "bot-61": 1,
    "bot-50": 1,
    "bot-121": 1,
    "bot-45": 1
  },
  "loadout_history": {
    "0": 365,
    "1": 256,
    "9": 3,
    "5": 5,
    "18": 1,
    "24": 2,
    "14": 4,
    "7": 4,
    "6": 1,
    "167": 2,
    "15": 4,
    "51": 1,
    "37": 1,
    "92": 1,
    "25": 1,
    "17": 1,
    "75": 1,
    "29": 1
  }
}