{
  "schema": 1,
  "name": "bot-52",
  "first_seen": 1778543101.238882,
  "last_seen": 1778731834.282231,
  "episodes": 1365,
  "score_total": 172615,
  "score_best": 6165,
  "best_loadout": [
    0,
    0,
    0,
    0,
    1,
    0,
    0
  ],
  "killed_by": {
    "Hornet": 331,
    "Mantis": 122,
    "Beetle": 65,
    "Bee": 99,
    "Spider": 51,
    "bot-100": 1,
    "Wasp": 236,
    "bot-59": 1,
    "Cactus": 83,
    "bot-24": 1,
    "Centipede": 39,
    "bot-78": 5,
    "bot-45": 1,
    "Leafbug": 19,
    "Evil Centipede": 16,
    "bot-131": 2,
    "bot-58": 2,
    "bot-101": 2,
    "Ladybug": 41,
    "bot-47": 1,
    "bot-95": 1,
    "bot-49": 3,
    "bloom": 1,
    "thornbloom": 2,
    "bot-79": 4,
    "bot-88": 2,
    "Worker Ant": 7,
    "Rock": 11,
    "bot-39": 3,
    "bot-123": 1,
    "bot-84": 1,
    "bot-38": 1,
    "bot-147": 2,
    "Scorpion": 8,
    "bot-107": 2,
    "Baby Ant": 6,
    "Bush": 9,
    "bot-141": 4,
    "bot-28": 5,
    "bot-105": 3,
    "bot-35": 1,
    "bot-43": 5,
    "bot-134": 1,
    "bot-133": 2,
    "bot-69": 2,
    "bot-62": 2,
    "bot-145": 2,
    "bot-139": 2,
    "Desert Centipede": 6,
    "bot-110": 1,
    "bot-108": 2,
    "bot-124": 2,
    "aa": 2,
    "bot-23": 1,
    "bot-103": 2,
    "leafy": 2,
    "bot-89": 1,
    "blossom": 1,
    "bot-138": 1,
    "Sandstorm": 12,
    "bot-149": 2,
    "bot-90": 1,
    "bot-64": 1,
    "bot-75": 1,
    "bot-142": 2,
    "bot-127": 1,
    "bot-102": 3,
    "not bot": 1,
    "bot-148": 2,
    "bot-119": 2,
    "bot-120": 2,
    "bot-32": 2,
    "bot-74": 1,
    "root": 1,
    "bot-57": 3,
    "bot-111": 3,
    "thorny": 5,
    "bot-137": 2,
    "petalpop": 1,
    "thorn": 3,
    "Soldier Ant": 4,
    "bot-29": 1,
    "bot-48": 1,
    "bot-128": 1,
    "bot-144": 1,
    "zorr": 2,
    "bot-61": 2,
    "bot-135": 3,
    "bot-94": 1,
    "bot-86": 6,
    "bot-83": 1,
    "bot-129": 1,
    "bot-85": 1,
    "bot-41": 1,
    "bot-55": 1,
    "bot-104": 2,
    "blossom-v2": 1,
    "bot-109": 2,
    "bot-63": 1,
    "bot-140": 3,
    "bot-93": 1,
    "bot-82": 2,
    "bot-92": 2,
    "bot-116": 2,
    "bot-66": 2,
    "bot-136": 1,
    "bloomy": 1,
    "bot-56": 3,
    "bot-68": 3,
    "bot-46": 1,
    "bot-87": 1,
    "bot-44": 2,
    "bot-67": 1,
    "bot-50": 2,
    "Massive Beetle": 1,
    "bot-91": 2,
    "bot-96": 1
  },
  "loadout_history": {
    "1": 987,
    "0": 1169,
    "14": 17,
    "69": 2,
    "29": 5,
    "79": 6,
    "28": 7,
    "24": 17,
    "16": 8,
    "15": 13,
    "12": 4,
    "5": 33,
    "55": 1,
    "36": 1,
    "167": 4,
    "25": 7,
    "10": 10,
    "9": 13,
    "49": 2,
    "175": 1,
    "135": 1,
    "8": 2,
    "18": 5,
    "6": 12,
    "51": 1,
    "17": 4,
    "26": 1,
    "19": 9,
    "180": 1,
    "181": 2,
    "34": 3,
    "11": 1,
    "30": 3,
    "58": 2,
    "142": 1,
    "23": 3,
    "84": 1,
    "13": 1,
    "32": 3,
    "86": 3,
    "7": 4,
    "169": 1,
    "117": 1,
    "182": 1,
    "21": 2,
    "35": 2,
    "116": 3,
    "37": 1,
    "47": 1,
    "159": 1
  }
}