{
  "schema": 1,
  "name": "bot-66",
  "first_seen": 1778543167.1696079,
  "last_seen": 1778732097.139692,
  "episodes": 1260,
  "score_total": 278397,
  "score_best": 12090,
  "best_loadout": [
    15,
    37,
    0,
    0,
    0,
    0,
    0,
    0
  ],
  "killed_by": {
    "Hornet": 325,
    "Wasp": 215,
    "Spider": 52,
    "Centipede": 35,
    "bot-140": 3,
    "Mantis": 113,
    "bot-83": 2,
    "blossom-v2": 1,
    "Cactus": 79,
    "Evil Centipede": 16,
    "bot-108": 2,
    "bot-114": 2,
    "Bee": 94,
    "Beetle": 31,
    "Sandstorm": 10,
    "bot-88": 2,
    "bot-28": 1,
    "Scorpion": 9,
    "Desert Centipede": 12,
    "Ladybug": 58,
    "Leafbug": 8,
    "Bush": 11,
    "Baby Ant": 5,
    "bot-129": 1,
    "bot-27": 1,
    "bot-24": 1,
    "bot-31": 3,
    "bot-105": 2,
    "bot-26": 6,
    "bot-30": 1,
    "bot-23": 1,
    "bot-103": 1,
    "bot-136": 2,
    "bot-96": 2,
    "bot-146": 2,
    "bot-64": 3,
    "bot-93": 3,
    "bot-104": 2,
    "petalpop": 2,
    "Rock": 9,
    "bot-91": 1,
    "bot-44": 1,
    "bot-95": 3,
    "bot-110": 1,
    "bot-48": 1,
    "bot-68": 3,
    "bot-63": 1,
    "bot-78": 1,
    "bot-53": 5,
    "bot-142": 3,
    "Worker Ant": 4,
    "bot-76": 2,
    "bot-138": 2,
    "bot-35": 1,
    "bot-49": 2,
    "bot-70": 2,
    "bot-34": 2,
    "bot-72": 2,
    "bot-115": 2,
    "bot-90": 2,
    "67": 3,
    "thorny": 1,
    "bot-57": 2,
    "bot-133": 1,
    "bloom": 1,
    "root": 1,
    "bot-126": 3,
    "zorr": 2,
    "florrio": 1,
    "bot-122": 3,
    "bot-121": 2,
    "bot-106": 2,
    "bot-46": 8,
    "bot-58": 3,
    "bot-111": 1,
    "bot-77": 1,
    "blossom": 1,
    "bot-43": 1,
    "bot-112": 1,
    "bot-97": 1,
    "bot-130": 1,
    "bot-61": 3,
    "bot-149": 1,
    "bot-87": 1,
    "bot-107": 2,
    "bot-141": 1,
    "bot-127": 1,
    "bot-47": 1,
    "bot-119": 1,
    "bot-113": 1,
    "bot-60": 1,
    "thorn": 1,
    "bot-84": 2,
    "bot-145": 2,
    "leafy": 1,
    "bot-51": 1,
    "bot-52": 2,
    "bot-40": 1,
    "bot-98": 1,
    "bot-82": 1,
    "bot-79": 1,
    "bot-36": 1,
    "bot-143": 1,
    "bot-22": 1,
    "bot-99": 1,
    "bot-128": 1,
    "sussy": 1
  },
  "loadout_history": {
    "0": 1050,
    "1": 881,
    "14": 18,
    "25": 5,
    "24": 8,
    "9": 20,
    "34": 5,
    "6": 10,
    "15": 16,
    "18": 6,
    "79": 8,
    "5": 24,
    "7": 6,
    "49": 2,
    "16": 6,
    "10": 4,
    "33": 3,
    "30": 1,
    "12": 5,
    "8": 2,
    "116": 3,
    "26": 5,
    "108": 2,
    "20": 3,
    "124": 2,
    "75": 1,
    "167": 5,
    "23": 1,
    "46": 2,
    "35": 3,
    "19": 3,
    "48": 2,
    "54": 1,
    "13": 1,
    "93": 1,
    "29": 3,
    "39": 1,
    "11": 2,
    "117": 1,
    "37": 2,
    "86": 1,
    "60": 1,
    "32": 1,
    "28": 2,
    "68": 1,
    "51": 1
  }
}