{
  "schema": 1,
  "name": "bot-32",
  "first_seen": 1778543121.295475,
  "last_seen": 1778552131.719854,
  "episodes": 39,
  "score_total": 2565,
  "score_best": 182,
  "best_loadout": [
    49,
    1,
    1,
    39,
    0
  ],
  "killed_by": {
    "Wasp": 9,
    "Beetle": 3,
    "bot-111": 1,
    "Hornet": 8,
    "Mantis": 5,
    "bot-95": 2,
    "Bee": 2,
    "Spider": 1,
    "Ladybug": 1,
    "bot-52": 1,
    "Scorpion": 1
  },
  "loadout_history": {
    "0": 35,
    "1": 32,
    "28": 2,
    "18": 2,
    "14": 1,
    "45": 1,
    "79": 1,
    "49": 2,
    "39": 1,
    "24": 1,
    "35": 1,
    "175": 1
  }
}