{
  "schema": 1,
  "name": "bot-113",
  "first_seen": 1778364741.6980858,
  "last_seen": 1778556781.3727958,
  "episodes": 87,
  "score_total": 5227,
  "score_best": 285,
  "best_loadout": [
    0,
    0,
    0,
    18,
    1,
    18
  ],
  "killed_by": {
    "Spider": 6,
    "Bee": 6,
    "Hornet": 20,
    "Cactus": 6,
    "Beetle": 4,
    "Evil Centipede": 2,
    "Wasp": 7,
    "Centipede": 2,
    "bot-24": 1,
    "bot-100": 1,
    "bot-42": 2,
    "Mantis": 10,
    "Desert Centipede": 1,
    "thorn": 1,
    "bot-122": 1
  },
  "loadout_history": {
    "0": 76,
    "1": 62,
    "16": 1,
    "9": 4,
    "5": 6,
    "79": 1,
    "48": 1,
    "18": 4,
    "24": 6,
    "6": 2,
    "117": 1,
    "28": 2,
    "25": 1,
    "14": 2,
    "39": 1,
    "17": 1,
    "20": 1
  }
}