{
  "schema": 1,
  "name": "bot-94",
  "first_seen": 1778543122.142706,
  "last_seen": 1778556789.553317,
  "episodes": 56,
  "score_total": 3730,
  "score_best": 564,
  "best_loadout": [
    0,
    0,
    0,
    0,
    1,
    0
  ],
  "killed_by": {
    "Sandstorm": 1,
    "Hornet": 15,
    "Centipede": 1,
    "bot-34": 2,
    "Mantis": 5,
    "Wasp": 9,
    "bot-131": 1,
    "Bee": 4,
    "Cactus": 1,
    "bot-36": 1,
    "bot-133": 1,
    "bot-93": 1,
    "Beetle": 1,
    "blossom": 1
  },
  "loadout_history": {
    "0": 48,
    "1": 38,
    "35": 1,
    "14": 3,
    "28": 1,
    "79": 1,
    "10": 3,
    "6": 4,
    "24": 2,
    "204": 1,
    "15": 2,
    "9": 1,
    "16": 1,
    "18": 1,
    "5": 1,
    "11": 1,
    "46": 1,
    "107": 1
  }
}