{
  "schema": 1,
  "name": "bot-123",
  "first_seen": 1778543584.912252,
  "last_seen": 1778718374.259288,
  "episodes": 1272,
  "score_total": 188996,
  "score_best": 6310,
  "best_loadout": [
    28,
    14,
    0,
    1,
    0,
    0,
    0,
    0
  ],
  "killed_by": {
    "Hornet": 291,
    "Cactus": 89,
    "Wasp": 230,
    "bot-73": 1,
    "Beetle": 37,
    "bot-120": 3,
    "Desert Centipede": 14,
    "bot-80": 2,
    "bot-102": 2,
    "Mantis": 120,
    "bot-45": 3,
    "Sandstorm": 7,
    "Spider": 30,
    "Bee": 87,
    "Scorpion": 13,
    "bot-32": 1,
    "bot-84": 2,
    "Evil Centipede": 12,
    "bot-89": 1,
    "bot-137": 5,
    "bot-105": 1,
    "Bush": 17,
    "67": 3,
    "gardn": 1,
    "Ladybug": 48,
    "bot-28": 1,
    "Rock": 21,
    "bot-83": 1,
    "Leafbug": 18,
    "bot-142": 2,
    "Centipede": 43,
    "bot-29": 1,
    "bot-92": 1,
    "bot-97": 1,
    "bot-116": 1,
    "bot-49": 5,
    "bot-71": 3,
    "Soldier Ant": 4,
    "bot-112": 3,
    "bot-25": 2,
    "bot-146": 1,
    "rosie": 2,
    "blossom-v2": 2,
    "bot-126": 1,
    "bot-118": 2,
    "bot-48": 5,
    "leafy": 1,
    "flower": 2,
    "bot-99": 3,
    "bot-74": 1,
    "bot-103": 1,
    "bot-68": 1,
    "bot-42": 2,
    "bot-22": 2,
    "bot-136": 1,
    "bot-95": 2,
    "bot-58": 1,
    "bot-79": 4,
    "bot-87": 1,
    "aa": 4,
    "bot-75": 1,
    "Worker Ant": 2,
    "Baby Ant": 2,
    "bot-122": 3,
    "bot-59": 1,
    "thorny": 1,
    "bot-63": 2,
    "bot-41": 4,
    "zorr": 2,
    "bot-24": 1,
    "bot-30": 1,
    "bot-94": 5,
    "bot-67": 1,
    "bot-129": 2,
    "bot-33": 3,
    "bot-107": 1,
    "bot-65": 3,
    "bot-81": 2,
    "bloom": 3,
    "prickly": 3,
    "bot-60": 2,
    "bot-138": 1,
    "bot-51": 1,
    "bot-148": 2,
    "bot-128": 1,
    "bot-98": 2,
    "bot-114": 1,
    "bot-69": 1,
    "bot-27": 1,
    "a": 1,
    "bot-35": 1,
    "bot-132": 1,
    "bot-110": 3,
    "bot-50": 1,
    "bot-88": 1,
    "florrio": 1,
    "bot-127": 1,
    "bot-72": 1,
    "bot-130": 1,
    "bot-57": 1,
    "bot-117": 1,
    "bot-149": 2,
    "bloomy": 1,
    "bot-140": 1,
    "bot-52": 1,
    "bot-124": 1,
    "bot-55": 3,
    "bot-115": 1,
    "bot-26": 1,
    "bot-53": 1,
    "bot-40": 4,
    "bot-85": 1,
    "bot-91": 1,
    "bot-141": 1,
    "bot-133": 1,
    "sussy": 1,
    "bot-78": 1
  },
  "loadout_history": {
    "0": 1059,
    "1": 903,
    "14": 16,
    "46": 3,
    "24": 8,
    "62": 1,
    "18": 13,
    "116": 3,
    "168": 2,
    "5": 18,
    "9": 9,
    "23": 2,
    "28": 4,
    "204": 1,
    "55": 1,
    "10": 10,
    "26": 2,
    "6": 5,
    "15": 8,
    "34": 4,
    "54": 1,
    "20": 2,
    "60": 1,
    "79": 3,
    "48": 2,
    "29": 2,
    "25": 7,
    "16": 2,
    "19": 5,
    "83": 4,
    "167": 2,
    "182": 1,
    "94": 1,
    "13": 1,
    "159": 2,
    "58": 1,
    "11": 2,
    "69": 2,
    "35": 5,
    "7": 2,
    "101": 1
  }
}