{
  "schema": 1,
  "name": "bot-134",
  "first_seen": 1778543541.314962,
  "last_seen": 1778713222.66329,
  "episodes": 1204,
  "score_total": 219863,
  "score_best": 9338,
  "best_loadout": [
    0,
    0,
    0,
    0,
    0,
    0,
    0,
    0
  ],
  "killed_by": {
    "Beetle": 43,
    "Bee": 67,
    "Wasp": 239,
    "rosie": 5,
    "Hornet": 275,
    "Evil Centipede": 18,
    "Mantis": 99,
    "bot-116": 1,
    "Scorpion": 8,
    "Desert Centipede": 8,
    "Ladybug": 42,
    "bloomy": 1,
    "Cactus": 85,
    "bot-56": 2,
    "Rock": 12,
    "not bot": 1,
    "bot-48": 3,
    "bot-114": 1,
    "bot-135": 3,
    "Leafbug": 15,
    "Sandstorm": 22,
    "Spider": 35,
    "bot-97": 1,
    "bot-35": 1,
    "bot-88": 1,
    "bot-112": 2,
    "bot-101": 2,
    "Centipede": 31,
    "zorr": 1,
    "bot-106": 1,
    "bot-146": 1,
    "bot-137": 2,
    "bot-26": 1,
    "bot-120": 3,
    "bot-128": 2,
    "bot-126": 1,
    "bot-122": 2,
    "Worker Ant": 8,
    "bot-33": 1,
    "bot-145": 2,
    "prickly": 3,
    "bot-53": 1,
    "bot-84": 2,
    "bot-95": 1,
    "bot-36": 2,
    "bot-49": 2,
    "bot-104": 1,
    "bot": 2,
    "Bush": 22,
    "bot-105": 1,
    "root": 4,
    "bot-133": 1,
    "bot-68": 3,
    "bot-59": 1,
    "bot-82": 2,
    "bot-54": 1,
    "bot-81": 2,
    "thorny": 2,
    "gardn": 2,
    "bot-57": 1,
    "bot-37": 3,
    "petalpop": 2,
    "bot-131": 1,
    "Soldier Ant": 6,
    "bot-144": 1,
    "bot-127": 2,
    "bot-108": 1,
    "bot-28": 1,
    "bot-86": 2,
    "bot-102": 2,
    "bot-119": 2,
    "blossom-v2": 1,
    "bot-70": 1,
    "bot-142": 3,
    "bot-78": 2,
    "bot-79": 1,
    "bot-45": 1,
    "bot-74": 2,
    "67": 1,
    "bot-24": 1,
    "bot-47": 3,
    "Baby Ant": 2,
    "bot-55": 1,
    "bot-50": 2,
    "bot-141": 1,
    "bot-27": 1,
    "blossom": 1,
    "bot-61": 2,
    "bot-138": 2,
    "bot-93": 1,
    "bot-69": 1,
    "bot-89": 2,
    "bot-72": 1,
    "bot-143": 3,
    "bot-32": 1,
    "bot-136": 1,
    "bot-140": 2,
    "bot-125": 1,
    "bot-71": 2,
    "bot-100": 1,
    "thorn": 1,
    "bot-149": 1,
    "bot-73": 1,
    "bot-117": 1,
    "bot-34": 1,
    "bot-58": 1,
    "bot-22": 1,
    "a": 1,
    "bot-99": 1,
    "bot-41": 2,
    "bot-64": 1,
    "bot-121": 1,
    "bot-66": 8,
    "bot-62": 1
  },
  "loadout_history": {
    "0": 1021,
    "1": 857,
    "69": 1,
    "79": 4,
    "28": 8,
    "9": 8,
    "14": 12,
    "167": 1,
    "15": 13,
    "6": 8,
    "29": 3,
    "18": 10,
    "25": 4,
    "11": 3,
    "24": 5,
    "204": 1,
    "5": 16,
    "58": 1,
    "46": 1,
    "17": 3,
    "168": 1,
    "7": 4,
    "30": 1,
    "12": 2,
    "107": 1,
    "83": 2,
    "35": 4,
    "19": 5,
    "10": 3,
    "26": 3,
    "16": 3,
    "22": 1,
    "34": 1,
    "60": 1,
    "55": 1,
    "124": 1,
    "8": 2,
    "45": 1,
    "20": 2,
    "51": 2,
    "21": 2,
    "116": 1,
    "135": 1,
    "97": 1,
    "39": 1,
    "31": 1,
    "84": 1
  }
}