{
  "schema": 1,
  "name": "bot-32",
  "first_seen": 1778543121.295475,
  "last_seen": 1778722194.7124329,
  "episodes": 1258,
  "score_total": 209100,
  "score_best": 5470,
  "best_loadout": [
    0,
    1,
    1,
    1,
    0,
    1,
    0
  ],
  "killed_by": {
    "Wasp": 208,
    "Beetle": 57,
    "bot-111": 2,
    "Hornet": 312,
    "Mantis": 85,
    "bot-95": 5,
    "Bee": 122,
    "Spider": 37,
    "Ladybug": 63,
    "bot-52": 1,
    "Scorpion": 3,
    "Sandstorm": 11,
    "bot-45": 2,
    "bot-115": 2,
    "bot-73": 3,
    "thorn": 2,
    "Evil Centipede": 16,
    "Cactus": 62,
    "root": 2,
    "Centipede": 30,
    "bot-46": 1,
    "Leafbug": 14,
    "bot-23": 1,
    "bot-76": 3,
    "hello": 3,
    "bot-59": 2,
    "bot-50": 4,
    "bot-82": 1,
    "Worker Ant": 5,
    "thorny": 3,
    "bot-137": 5,
    "bot-108": 1,
    "Bush": 10,
    "bot-65": 1,
    "bot-58": 1,
    "Desert Centipede": 3,
    "a": 2,
    "bot-128": 1,
    "bot-119": 1,
    "bot-24": 1,
    "bot-145": 1,
    "leafy": 2,
    "Rock": 14,
    "bot-147": 2,
    "not bot": 1,
    "thornbloom": 2,
    "bot-36": 3,
    "bot-99": 3,
    "bot-135": 1,
    "bot-68": 2,
    "bot-127": 3,
    "bot-104": 3,
    "bot-63": 1,
    "rosie": 1,
    "bot-84": 2,
    "bot-96": 3,
    "bot-113": 2,
    "Soldier Ant": 1,
    "bot-54": 3,
    "bot-98": 1,
    "bot-91": 5,
    "bot-123": 1,
    "bot-66": 2,
    "bot-51": 1,
    "bot-140": 2,
    "bot-27": 2,
    "bot-146": 3,
    "bot-33": 2,
    "bot-134": 1,
    "bot-67": 2,
    "bot-120": 2,
    "bot-125": 1,
    "bot-122": 2,
    "bot-74": 2,
    "bot-42": 1,
    "bot-131": 2,
    "bloom": 1,
    "bot-72": 2,
    "bot-48": 1,
    "Baby Ant": 1,
    "bot-28": 5,
    "bot-136": 2,
    "bot-75": 4,
    "bot-49": 2,
    "bot-87": 2,
    "bot-103": 2,
    "bot-64": 3,
    "petalpop": 3,
    "bot-102": 2,
    "bot-89": 4,
    "bot-31": 1,
    "bot-26": 3,
    "bot-93": 1,
    "zorr": 1,
    "bot-138": 1,
    "bot-37": 2,
    "bot-143": 1,
    "bot-81": 1,
    "bot-62": 1,
    "bot-92": 1,
    "bloomy": 3,
    "bot-107": 1,
    "bot-88": 1,
    "bot-106": 1,
    "bot-116": 1,
    "bot-40": 1,
    "bot-39": 1,
    "bot-53": 1,
    "aa": 1,
    "bot-22": 1,
    "bot-117": 1,
    "bot-70": 1,
    "blossom": 3,
    "bot-43": 1,
    "bot-61": 2,
    "bot-97": 1,
    "bot-90": 1,
    "bot-105": 1
  },
  "loadout_history": {
    "0": 1062,
    "1": 897,
    "28": 8,
    "18": 8,
    "14": 17,
    "45": 1,
    "79": 4,
    "49": 8,
    "39": 1,
    "24": 11,
    "35": 5,
    "175": 1,
    "33": 2,
    "11": 4,
    "10": 5,
    "46": 1,
    "5": 13,
    "167": 2,
    "15": 7,
    "51": 2,
    "116": 4,
    "30": 2,
    "6": 14,
    "25": 3,
    "16": 5,
    "34": 2,
    "112": 2,
    "7": 6,
    "9": 6,
    "8": 3,
    "12": 3,
    "26": 1,
    "137": 1,
    "13": 1,
    "32": 2,
    "19": 2,
    "20": 2,
    "29": 1,
    "17": 1,
    "180": 1,
    "181": 1,
    "21": 1
  }
}