{
  "schema": 1,
  "name": "bot-62",
  "first_seen": 1778543463.372726,
  "last_seen": 1778556762.902762,
  "episodes": 58,
  "score_total": 5141,
  "score_best": 1060,
  "best_loadout": [
    1,
    0,
    1,
    1,
    0,
    0
  ],
  "killed_by": {
    "Hornet": 17,
    "Evil Centipede": 3,
    "Wasp": 10,
    "Beetle": 4,
    "Rock": 2,
    "Centipede": 1,
    "Mantis": 2,
    "bot-27": 1,
    "Leafbug": 1,
    "bot-134": 1,
    "bot-103": 1,
    "bot-87": 1,
    "Bee": 3,
    "Spider": 1,
    "bot-135": 1
  },
  "loadout_history": {
    "0": 53,
    "1": 36,
    "69": 2,
    "51": 2,
    "79": 2,
    "14": 2,
    "25": 2,
    "28": 1,
    "9": 3,
    "5": 2,
    "12": 1,
    "49": 2,
    "33": 1
  }
}