{
  "schema": 1,
  "name": "bot-72",
  "first_seen": 1778543134.410288,
  "last_seen": 1778624093.30846,
  "episodes": 399,
  "score_total": 86822,
  "score_best": 10006,
  "best_loadout": [
    0,
    0,
    0,
    0,
    0,
    0,
    0,
    0
  ],
  "killed_by": {
    "Wasp": 83,
    "Mantis": 39,
    "Sandstorm": 8,
    "Hornet": 82,
    "bot-48": 2,
    "flower": 2,
    "bot-131": 2,
    "bot-125": 1,
    "Rock": 2,
    "Cactus": 22,
    "Beetle": 12,
    "prickly": 2,
    "Evil Centipede": 4,
    "Bee": 28,
    "bot-78": 2,
    "bot": 5,
    "Spider": 10,
    "bot-43": 2,
    "Ladybug": 16,
    "bot-89": 1,
    "gardn": 1,
    "bot-30": 1,
    "bot-139": 1,
    "bot-80": 1,
    "bot-46": 1,
    "bot-145": 1,
    "Leafbug": 3,
    "Worker Ant": 2,
    "bot-56": 1,
    "bot-40": 1,
    "Centipede": 10,
    "bot-148": 1,
    "bot-53": 1,
    "Desert Centipede": 2,
    "leafy": 1,
    "bot-44": 2,
    "bloom": 1,
    "bot-120": 1,
    "bot-149": 3,
    "bot-135": 2,
    "bot-27": 1,
    "bot-32": 3,
    "bot-36": 1,
    "bot-26": 1,
    "bot-23": 1,
    "rosie": 2,
    "bot-142": 1,
    "bot-24": 2,
    "bot-69": 1,
    "not bot": 2,
    "bot-81": 1,
    "bot-59": 5,
    "bot-122": 1,
    "bot-130": 1,
    "bot-86": 1,
    "bot-107": 1,
    "bot-100": 1,
    "bot-66": 1,
    "bot-61": 1,
    "aa": 1
  },
  "loadout_history": {
    "0": 360,
    "1": 233,
    "14": 4,
    "5": 5,
    "20": 1,
    "79": 1,
    "34": 1,
    "25": 1,
    "15": 6,
    "24": 3,
    "47": 1,
    "167": 1,
    "19": 1,
    "9": 4,
    "29": 1,
    "17": 1
  }
}