{
  "schema": 1,
  "name": "bot-35",
  "first_seen": 1778543812.3935318,
  "last_seen": 1778548797.078725,
  "episodes": 19,
  "score_total": 1326,
  "score_best": 271,
  "best_loadout": [
    9,
    0,
    0,
    0,
    1,
    0
  ],
  "killed_by": {
    "Hornet": 2,
    "Wasp": 5,
    "Mantis": 2,
    "Beetle": 3,
    "bot-30": 1,
    "bot-86": 2,
    "bot-65": 2
  },
  "loadout_history": {
    "0": 13,
    "1": 14,
    "9": 4,
    "5": 1,
    "79": 1,
    "49": 1,
    "15": 1
  }
}