{
  "schema": 1,
  "name": "bot-117",
  "first_seen": 1778364742.580827,
  "last_seen": 1778623728.952586,
  "episodes": 461,
  "score_total": 46024,
  "score_best": 5134,
  "best_loadout": [
    1,
    0,
    1,
    35,
    1,
    0,
    0
  ],
  "killed_by": {
    "Hornet": 114,
    "Worker Ant": 2,
    "Wasp": 81,
    "Mantis": 57,
    "Scorpion": 4,
    "Centipede": 12,
    "bot-99": 1,
    "Sandstorm": 5,
    "Cactus": 20,
    "bot-126": 2,
    "Beetle": 16,
    "Bee": 26,
    "bot-101": 1,
    "bot-37": 2,
    "bot-108": 2,
    "bot-32": 1,
    "bot-146": 1,
    "Ladybug": 25,
    "Spider": 10,
    "Rock": 1,
    "Leafbug": 5,
    "Bush": 2,
    "flower": 4,
    "bot-114": 1,
    "bot-64": 2,
    "bot-27": 2,
    "bot-90": 2,
    "Desert Centipede": 4,
    "bot-73": 1,
    "rosie": 1,
    "bot-106": 1,
    "bot-46": 1,
    "bot-80": 1,
    "bot-125": 1,
    "petalpop": 1,
    "blossom-v2": 1,
    "bot-145": 1,
    "bot-28": 4,
    "bot-83": 1,
    "bot-143": 1,
    "bot-51": 1,
    "bot-35": 1,
    "Evil Centipede": 1,
    "bot-63": 1,
    "bot-70": 1,
    "Baby Ant": 2,
    "bot-87": 1,
    "bot-96": 1,
    "bot-98": 2,
    "bot-109": 1,
    "bloomy": 1,
    "bot-81": 1,
    "bot-62": 1,
    "bot-121": 1,
    "bot-134": 1,
    "bot-52": 1,
    "bot-50": 1,
    "bot-116": 1,
    "bot-34": 1,
    "blossom": 5,
    "bot-149": 1
  },
  "loadout_history": {
    "1": 298,
    "0": 403,
    "16": 4,
    "9": 3,
    "18": 3,
    "34": 2,
    "10": 6,
    "5": 8,
    "79": 2,
    "49": 2,
    "39": 1,
    "19": 5,
    "6": 3,
    "24": 4,
    "15": 5,
    "14": 6,
    "167": 1,
    "20": 2,
    "17": 2,
    "58": 1,
    "35": 1,
    "181": 1,
    "51": 1,
    "7": 2,
    "83": 1
  }
}