{
  "schema": 1,
  "name": "bot-75",
  "first_seen": 1778543133.499709,
  "last_seen": 1778545794.9460921,
  "episodes": 24,
  "score_total": 2040,
  "score_best": 212,
  "best_loadout": [
    0,
    12,
    0,
    0,
    0
  ],
  "killed_by": {
    "Hornet": 8,
    "bot-39": 1,
    "bot-62": 1,
    "Spider": 1,
    "Mantis": 5,
    "bot-32": 2,
    "Wasp": 2,
    "Beetle": 1
  },
  "loadout_history": {
    "0": 19,
    "1": 18,
    "14": 5,
    "24": 1,
    "5": 3,
    "18": 1,
    "15": 1,
    "12": 1,
    "69": 1,
    "79": 1
  }
}