{
  "schema": 1,
  "name": "bot-igwn",
  "first_seen": 1778119759.473608,
  "last_seen": 1778119759.473608,
  "episodes": 1,
  "score_total": 20,
  "score_best": 20,
  "best_loadout": [
    9,
    19,
    18,
    48,
    23
  ],
  "killed_by": {},
  "loadout_history": {
    "9": 1,
    "48": 1,
    "18": 1,
    "19": 1,
    "23": 1
  }
}