{
  "schema": 1,
  "name": "bot-135",
  "first_seen": 1778543148.358541,
  "last_seen": 1778624168.05313,
  "episodes": 453,
  "score_total": 59742,
  "score_best": 5009,
  "best_loadout": [
    0,
    0,
    0,
    0,
    0,
    0,
    0
  ],
  "killed_by": {
    "Mantis": 44,
    "Scorpion": 2,
    "Wasp": 98,
    "Hornet": 111,
    "Evil Centipede": 4,
    "bot-77": 1,
    "rosie": 1,
    "Bee": 30,
    "bot-33": 1,
    "Centipede": 10,
    "bot-145": 1,
    "Cactus": 26,
    "bot-56": 1,
    "Ladybug": 20,
    "florrio": 2,
    "bot-111": 1,
    "bot-51": 1,
    "Sandstorm": 2,
    "Desert Centipede": 3,
    "bot-73": 1,
    "Bush": 2,
    "Spider": 11,
    "not bot": 1,
    "Beetle": 13,
    "Rock": 6,
    "Worker Ant": 1,
    "bot-131": 2,
    "bot-40": 1,
    "bot-27": 2,
    "bot-128": 1,
    "Leafbug": 6,
    "bot-90": 1,
    "bot-50": 1,
    "bot-123": 2,
    "Baby Ant": 1,
    "bot-99": 1,
    "bot-113": 1,
    "bot-80": 1,
    "bot-105": 1,
    "thorn": 1,
    "bot-29": 1,
    "blossom": 1,
    "bot-87": 1,
    "bot-122": 1,
    "bot-138": 1,
    "bot-32": 2,
    "bot-26": 1,
    "67": 1,
    "bot-52": 1,
    "bot-64": 4,
    "bot-84": 1,
    "bot-85": 1,
    "zorr": 1,
    "bot-86": 3,
    "bot-149": 1,
    "bot-93": 1,
    "bot-31": 1,
    "bot-48": 1,
    "bot-148": 1,
    "bloom": 1
  },
  "loadout_history": {
    "0": 399,
    "1": 289,
    "24": 7,
    "14": 12,
    "5": 6,
    "18": 6,
    "28": 2,
    "15": 6,
    "12": 4,
    "7": 4,
    "10": 2,
    "51": 1,
    "34": 2,
    "19": 3,
    "6": 5,
    "29": 2,
    "116": 1,
    "9": 2,
    "35": 1,
    "46": 1,
    "86": 1,
    "25": 2,
    "22": 1,
    "20": 2,
    "36": 1,
    "45": 1,
    "8": 1,
    "79": 1,
    "119": 1,
    "23": 1,
    "17": 1,
    "54": 1
  }
}