{
  "schema": 1,
  "name": "bot-65",
  "first_seen": 1778543582.466288,
  "last_seen": 1778556762.543811,
  "episodes": 65,
  "score_total": 3161,
  "score_best": 152,
  "best_loadout": [
    14,
    1,
    0,
    0,
    1
  ],
  "killed_by": {
    "Ladybug": 1,
    "Hornet": 22,
    "Mantis": 4,
    "Bush": 1,
    "Wasp": 12,
    "Sandstorm": 2,
    "bot-118": 1,
    "bot-50": 1,
    "bot-89": 1,
    "bot-106": 1,
    "hello": 2,
    "Beetle": 3,
    "bot-31": 1,
    "Evil Centipede": 1,
    "Bee": 1,
    "bot-42": 1,
    "bot-128": 1,
    "bot-117": 1
  },
  "loadout_history": {
    "0": 55,
    "1": 46,
    "9": 2,
    "25": 1,
    "14": 5,
    "24": 2,
    "5": 2,
    "19": 2,
    "20": 1,
    "107": 1,
    "10": 1
  }
}