{
  "schema": 1,
  "name": "bot-50",
  "first_seen": 1778543631.3822532,
  "last_seen": 1778731781.459166,
  "episodes": 1288,
  "score_total": 235663,
  "score_best": 10248,
  "best_loadout": [
    0,
    1,
    1,
    1,
    0,
    0,
    0,
    0
  ],
  "killed_by": {
    "bot-147": 2,
    "Cactus": 81,
    "Sandstorm": 22,
    "Beetle": 53,
    "bot-148": 1,
    "Hornet": 319,
    "Centipede": 42,
    "bot-46": 4,
    "Scorpion": 10,
    "Wasp": 232,
    "Mantis": 117,
    "Bee": 95,
    "bot-93": 3,
    "Rock": 17,
    "bot-95": 4,
    "bot-111": 1,
    "bot-51": 2,
    "bot-38": 3,
    "bot-86": 4,
    "Ladybug": 38,
    "Baby Ant": 3,
    "bot-55": 1,
    "bot-138": 1,
    "Bush": 8,
    "bot-98": 2,
    "bot-110": 4,
    "rosie": 1,
    "bot": 2,
    "bot-80": 2,
    "Evil Centipede": 10,
    "Spider": 35,
    "bot-35": 3,
    "aa": 1,
    "Leafbug": 16,
    "leafy": 1,
    "bot-130": 2,
    "bot-73": 2,
    "bot-45": 1,
    "bot-85": 1,
    "bot-44": 2,
    "bot-83": 2,
    "bot-106": 2,
    "bot-79": 4,
    "bot-82": 2,
    "blossom-v2": 1,
    "bot-109": 1,
    "bot-94": 2,
    "thorny": 2,
    "bot-42": 2,
    "bot-66": 2,
    "bot-68": 2,
    "bot-72": 4,
    "bot-87": 5,
    "bot-115": 1,
    "bot-114": 4,
    "bot-90": 2,
    "bloomy": 1,
    "thorn": 2,
    "bot-96": 2,
    "bot-123": 1,
    "bot-107": 1,
    "bot-58": 3,
    "bot-134": 2,
    "bot-136": 1,
    "bot-81": 1,
    "bot-71": 3,
    "hello": 1,
    "bot-49": 5,
    "bot-118": 4,
    "Worker Ant": 2,
    "bot-43": 4,
    "bot-102": 1,
    "bot-63": 2,
    "bot-127": 2,
    "bot-28": 5,
    "bot-112": 4,
    "bot-62": 1,
    "bot-97": 2,
    "blossom": 2,
    "gardn": 1,
    "Soldier Ant": 3,
    "bot-121": 1,
    "bot-144": 1,
    "bot-34": 1,
    "bot-40": 1,
    "Desert Centipede": 3,
    "bot-25": 3,
    "bot-119": 1,
    "thornbloom": 1,
    "bot-65": 1,
    "florrio": 1,
    "bot-120": 1,
    "bot-113": 1,
    "bot-108": 1,
    "bot-77": 1,
    "bot-132": 1,
    "bot-76": 1,
    "bot-78": 1,
    "bot-31": 1,
    "bot-128": 1,
    "bot-56": 1,
    "bot-126": 1,
    "bot-124": 1,
    "prickly": 1,
    "sussy": 1,
    "bot-54": 1,
    "bot-146": 1,
    "bot-100": 1
  },
  "loadout_history": {
    "0": 1095,
    "1": 897,
    "69": 1,
    "14": 24,
    "45": 2,
    "5": 20,
    "204": 1,
    "20": 3,
    "7": 4,
    "18": 9,
    "24": 13,
    "9": 10,
    "180": 2,
    "37": 2,
    "79": 3,
    "25": 6,
    "19": 7,
    "15": 12,
    "8": 2,
    "21": 1,
    "16": 3,
    "10": 6,
    "22": 1,
    "28": 3,
    "26": 2,
    "6": 4,
    "168": 4,
    "58": 2,
    "86": 5,
    "11": 4,
    "116": 2,
    "34": 1,
    "12": 2,
    "46": 1,
    "48": 1,
    "75": 1,
    "23": 1,
    "135": 1,
    "17": 2,
    "32": 1,
    "29": 3,
    "113": 1,
    "33": 1,
    "35": 2,
    "167": 4,
    "55": 1
  }
}