{
  "schema": 1,
  "name": "bot-48",
  "first_seen": 1778543455.3588312,
  "last_seen": 1778556799.666912,
  "episodes": 67,
  "score_total": 6055,
  "score_best": 1181,
  "best_loadout": [
    0,
    0,
    0,
    0,
    0,
    0
  ],
  "killed_by": {
    "Beetle": 3,
    "Wasp": 17,
    "Hornet": 17,
    "Bush": 2,
    "bot-22": 1,
    "Mantis": 6,
    "Cactus": 5,
    "blossom": 1,
    "bot-141": 1,
    "Bee": 2,
    "Sandstorm": 1,
    "Soldier Ant": 1,
    "bot-33": 1
  },
  "loadout_history": {
    "0": 62,
    "1": 42,
    "5": 4,
    "116": 1,
    "18": 1,
    "167": 1,
    "16": 2,
    "10": 1,
    "14": 1,
    "46": 1,
    "9": 5,
    "15": 1,
    "48": 1,
    "19": 1,
    "28": 1,
    "29": 1
  }
}