{
  "schema": 1,
  "name": "bot-98",
  "first_seen": 1778543168.548741,
  "last_seen": 1778556774.729492,
  "episodes": 56,
  "score_total": 4890,
  "score_best": 1047,
  "best_loadout": [
    0,
    0,
    0,
    0,
    0,
    0
  ],
  "killed_by": {
    "Hornet": 15,
    "Mantis": 2,
    "Beetle": 2,
    "Spider": 2,
    "bot-121": 2,
    "Wasp": 14,
    "bloomy": 1,
    "bot-149": 2,
    "bot-58": 1,
    "Sandstorm": 1,
    "bot-87": 1,
    "bot-104": 1,
    "zorr": 1,
    "Baby Ant": 1,
    "Bee": 1,
    "bot-106": 1
  },
  "loadout_history": {
    "0": 53,
    "1": 41,
    "5": 4,
    "45": 1,
    "19": 1,
    "28": 1,
    "18": 2,
    "25": 1,
    "34": 3,
    "6": 1,
    "37": 1,
    "35": 1,
    "23": 1
  }
}