{
  "schema": 1,
  "name": "bot-87",
  "first_seen": 1778543145.8908741,
  "last_seen": 1778638369.638303,
  "episodes": 635,
  "score_total": 87976,
  "score_best": 6862,
  "best_loadout": [
    0,
    0,
    0,
    0,
    0,
    0,
    0,
    0
  ],
  "killed_by": {
    "Wasp": 104,
    "aa": 4,
    "Mantis": 66,
    "Hornet": 158,
    "bot-94": 1,
    "Bee": 49,
    "Desert Centipede": 4,
    "Evil Centipede": 7,
    "Beetle": 15,
    "Cactus": 35,
    "bot-121": 1,
    "bot-28": 1,
    "prickly": 1,
    "bot-84": 1,
    "Centipede": 12,
    "bot-118": 2,
    "Ladybug": 20,
    "Leafbug": 21,
    "blossom": 1,
    "Scorpion": 4,
    "Spider": 14,
    "Bush": 7,
    "bot-60": 1,
    "bot-145": 1,
    "Soldier Ant": 1,
    "bot-31": 1,
    "bot-86": 1,
    "Sandstorm": 5,
    "Baby Ant": 1,
    "bot-96": 1,
    "bot-142": 2,
    "bot-23": 2,
    "bot-56": 1,
    "bot-93": 1,
    "bot-138": 1,
    "bot-146": 1,
    "bot-119": 2,
    "bot-67": 2,
    "Worker Ant": 5,
    "Rock": 14,
    "bot-107": 1,
    "bot-128": 1,
    "bot-26": 1,
    "bot-104": 1,
    "bot-140": 2,
    "bot-91": 3,
    "thorny": 6,
    "bot-88": 3,
    "bot-22": 1,
    "bot-149": 1,
    "florrio": 1,
    "bot-117": 1,
    "bot-101": 1,
    "bot-73": 1,
    "bot-106": 1,
    "bot-98": 2,
    "bot-44": 1,
    "bot-147": 2,
    "petalpop": 4,
    "bot-57": 1,
    "bot-36": 1,
    "rosie": 2,
    "bot-148": 1,
    "bot-77": 1,
    "bot-137": 2,
    "bot-76": 2,
    "bot-82": 2,
    "bot-47": 2,
    "bot-29": 1,
    "bot-139": 1,
    "bot-130": 2,
    "bot-79": 1
  },
  "loadout_history": {
    "0": 528,
    "1": 447,
    "51": 1,
    "69": 1,
    "14": 14,
    "9": 5,
    "25": 5,
    "15": 4,
    "49": 1,
    "6": 5,
    "17": 2,
    "18": 4,
    "167": 1,
    "26": 3,
    "20": 1,
    "10": 5,
    "24": 9,
    "5": 6,
    "47": 1,
    "8": 1,
    "34": 1,
    "79": 1,
    "7": 2,
    "35": 4,
    "12": 2,
    "11": 2,
    "27": 1,
    "23": 2,
    "19": 1,
    "46": 1,
    "63": 1,
    "28": 1
  }
}