{
  "schema": 1,
  "name": "bot-70",
  "first_seen": 1778543504.171948,
  "last_seen": 1778624248.244446,
  "episodes": 477,
  "score_total": 57597,
  "score_best": 5332,
  "best_loadout": [
    0,
    0,
    0,
    0,
    10,
    0,
    0
  ],
  "killed_by": {
    "Hornet": 130,
    "blossom-v2": 2,
    "bot-94": 1,
    "Wasp": 89,
    "Ladybug": 13,
    "Desert Centipede": 1,
    "bot-36": 2,
    "Bee": 37,
    "bot-141": 1,
    "Beetle": 14,
    "Evil Centipede": 6,
    "bot-54": 1,
    "bot-30": 1,
    "Sandstorm": 5,
    "Mantis": 47,
    "Centipede": 8,
    "Spider": 24,
    "Cactus": 31,
    "bot-37": 1,
    "Scorpion": 2,
    "bot-88": 1,
    "bot-51": 1,
    "Rock": 3,
    "zorr": 8,
    "Leafbug": 3,
    "bot-136": 1,
    "bot-101": 1,
    "bot-58": 1,
    "bot-102": 1,
    "bot-27": 1,
    "Baby Ant": 1,
    "Bush": 1,
    "bot-68": 1,
    "bot-125": 1,
    "prickly": 2,
    "bot-90": 1,
    "bot-124": 1,
    "bot-69": 1,
    "not bot": 4,
    "bot-116": 5,
    "bot-62": 1,
    "thorn": 1,
    "bot-42": 1,
    "bot-52": 1,
    "bot-60": 1,
    "hello": 1,
    "bot-74": 1,
    "bot-121": 1,
    "bot-24": 1,
    "bot-83": 1,
    "bot-132": 1,
    "bot-81": 1,
    "bot-67": 1,
    "bot-25": 1
  },
  "loadout_history": {
    "0": 407,
    "1": 320,
    "18": 1,
    "10": 5,
    "5": 2,
    "7": 1,
    "15": 5,
    "9": 5,
    "14": 4,
    "51": 1,
    "29": 4,
    "6": 4,
    "167": 1,
    "45": 1,
    "116": 2,
    "26": 2,
    "35": 3,
    "20": 1,
    "83": 1,
    "64": 1,
    "21": 1,
    "32": 1,
    "79": 1
  }
}