{
  "schema": 1,
  "name": "bot-33",
  "first_seen": 1778543101.679935,
  "last_seen": 1778624114.5204968,
  "episodes": 467,
  "score_total": 70444,
  "score_best": 5593,
  "best_loadout": [
    0,
    0,
    0,
    0,
    0,
    0,
    0
  ],
  "killed_by": {
    "Cactus": 34,
    "Mantis": 60,
    "Hornet": 102,
    "Wasp": 72,
    "Bee": 33,
    "bot-95": 1,
    "Rock": 9,
    "bot-148": 1,
    "Spider": 9,
    "Beetle": 16,
    "bot-98": 2,
    "Centipede": 17,
    "Evil Centipede": 4,
    "bot-31": 1,
    "blossom-v2": 1,
    "Scorpion": 2,
    "bot-70": 1,
    "Sandstorm": 4,
    "Ladybug": 16,
    "Leafbug": 5,
    "bot-25": 1,
    "bot-114": 1,
    "bot-78": 1,
    "bot-34": 1,
    "bot-132": 1,
    "bot-142": 1,
    "bot-29": 2,
    "bot-49": 2,
    "bot-44": 1,
    "Soldier Ant": 1,
    "bot-112": 1,
    "Bush": 3,
    "bot-90": 1,
    "bot-75": 4,
    "Desert Centipede": 6,
    "zorr": 1,
    "bot-74": 1,
    "bot-99": 2,
    "bot-134": 1,
    "bot-62": 1,
    "bot-136": 2,
    "bot-47": 1,
    "bot-145": 4,
    "bot-111": 1,
    "bot-24": 2,
    "bot-108": 1,
    "leafy": 1,
    "bot-35": 1,
    "bot-48": 1,
    "bot-83": 1,
    "Worker Ant": 2,
    "bot-124": 1,
    "petalpop": 1,
    "bot-77": 1,
    "bot-110": 1,
    "flower": 4,
    "bot-84": 1,
    "bot-27": 1,
    "Baby Ant": 1,
    "bot-82": 1,
    "bot-113": 1,
    "bot-131": 1
  },
  "loadout_history": {
    "0": 405,
    "1": 304,
    "5": 7,
    "14": 4,
    "15": 3,
    "79": 2,
    "6": 7,
    "25": 1,
    "10": 3,
    "18": 3,
    "28": 3,
    "35": 1,
    "34": 1,
    "26": 1,
    "16": 1,
    "60": 1,
    "168": 1,
    "9": 1,
    "37": 1,
    "24": 1,
    "51": 1,
    "29": 1,
    "48": 1,
    "17": 1
  }
}