{
  "schema": 1,
  "name": "bot-93",
  "first_seen": 1778543161.3629062,
  "last_seen": 1778727484.654372,
  "episodes": 1208,
  "score_total": 186646,
  "score_best": 5571,
  "best_loadout": [
    0,
    1,
    23,
    0,
    0,
    5,
    0
  ],
  "killed_by": {
    "Hornet": 297,
    "Worker Ant": 2,
    "Wasp": 216,
    "Beetle": 35,
    "Cactus": 71,
    "bot-148": 1,
    "Mantis": 99,
    "bot-147": 2,
    "Ladybug": 48,
    "bot-67": 1,
    "bot-50": 6,
    "Bee": 86,
    "bot-33": 1,
    "bot-113": 1,
    "bot-98": 1,
    "Evil Centipede": 10,
    "Spider": 42,
    "root": 3,
    "Centipede": 39,
    "Leafbug": 19,
    "Desert Centipede": 7,
    "Bush": 10,
    "bot-70": 3,
    "bot-118": 2,
    "Sandstorm": 14,
    "bot-37": 1,
    "Scorpion": 8,
    "bot-68": 7,
    "bot-137": 2,
    "bot-56": 1,
    "bot-143": 2,
    "bot-42": 1,
    "bot-66": 3,
    "bot-48": 5,
    "bot-59": 5,
    "prickly": 1,
    "Rock": 11,
    "bot-120": 2,
    "bot-142": 1,
    "bot-132": 2,
    "bot-28": 3,
    "bot-96": 3,
    "bot-117": 1,
    "bot-95": 2,
    "bloomy": 2,
    "bot-39": 1,
    "bot-84": 1,
    "bot-126": 6,
    "bot-25": 1,
    "bot-129": 2,
    "bot-146": 4,
    "bot-130": 1,
    "bot-115": 2,
    "flower": 1,
    "bot-135": 2,
    "leafy": 1,
    "bot-86": 3,
    "bot-83": 1,
    "bot-127": 2,
    "bot-41": 4,
    "bot-102": 2,
    "bot-92": 2,
    "bot-76": 2,
    "gardn": 3,
    "thorny": 2,
    "bot-45": 1,
    "bot-72": 7,
    "bot-125": 2,
    "bot-140": 3,
    "bot-77": 4,
    "bot-136": 1,
    "bot-54": 1,
    "bot-128": 1,
    "bot-24": 2,
    "bot-106": 3,
    "bot-109": 2,
    "bot-112": 2,
    "bot-29": 3,
    "bot-123": 2,
    "bot-23": 2,
    "bot-32": 2,
    "bot-110": 1,
    "bot-91": 1,
    "bot-53": 3,
    "aa": 1,
    "bot-40": 2,
    "bot-65": 1,
    "bot-94": 3,
    "bot-133": 1,
    "bot-134": 1,
    "bot-114": 1,
    "bot-107": 1,
    "bot-35": 1,
    "Soldier Ant": 2,
    "bot-119": 1,
    "bot-63": 1,
    "bot-43": 1,
    "bot-69": 1,
    "bot-80": 1,
    "bot-36": 1,
    "bloom": 1,
    "bot-101": 1,
    "bot-105": 1,
    "bot-62": 1,
    "bot-124": 1,
    "bot-46": 1
  },
  "loadout_history": {
    "0": 1013,
    "49": 4,
    "1": 846,
    "28": 2,
    "167": 2,
    "10": 7,
    "14": 12,
    "25": 7,
    "180": 3,
    "24": 13,
    "9": 12,
    "6": 9,
    "18": 8,
    "39": 2,
    "46": 1,
    "16": 3,
    "19": 4,
    "32": 1,
    "15": 16,
    "7": 5,
    "35": 3,
    "36": 2,
    "84": 2,
    "5": 8,
    "8": 1,
    "170": 1,
    "12": 3,
    "23": 2,
    "37": 2,
    "11": 2,
    "60": 3,
    "26": 2,
    "29": 1,
    "116": 2,
    "20": 1,
    "63": 1,
    "136": 2,
    "21": 1,
    "61": 1,
    "47": 1,
    "48": 2,
    "86": 1,
    "93": 1,
    "118": 1,
    "79": 2,
    "160": 1,
    "83": 1,
    "205": 1,
    "55": 1,
    "17": 1
  }
}