{
  "schema": 1,
  "name": "bot-133",
  "first_seen": 1778543163.8315258,
  "last_seen": 1778713224.060103,
  "episodes": 1197,
  "score_total": 198494,
  "score_best": 6009,
  "best_loadout": [
    0,
    1,
    1,
    0,
    0,
    0,
    0
  ],
  "killed_by": {
    "Hornet": 265,
    "Wasp": 212,
    "Desert Centipede": 3,
    "leafy": 1,
    "Beetle": 58,
    "Evil Centipede": 10,
    "Spider": 36,
    "bot-31": 3,
    "bot-114": 1,
    "bot-119": 1,
    "Centipede": 35,
    "Mantis": 111,
    "Leafbug": 13,
    "petalpop": 3,
    "bot-104": 2,
    "Cactus": 76,
    "Bee": 93,
    "67": 4,
    "Scorpion": 3,
    "bot-95": 3,
    "Bush": 6,
    "bot-146": 2,
    "hello": 3,
    "Sandstorm": 11,
    "Ladybug": 59,
    "Rock": 13,
    "bot-128": 1,
    "bot-64": 2,
    "bot-66": 1,
    "bot-65": 2,
    "bot-49": 5,
    "bot-35": 2,
    "Worker Ant": 5,
    "bot-82": 3,
    "bot-37": 1,
    "bot-67": 6,
    "Baby Ant": 2,
    "bot-62": 1,
    "bot-140": 1,
    "bot-126": 2,
    "bot-115": 2,
    "Soldier Ant": 5,
    "bot-91": 1,
    "bot-29": 1,
    "bot-47": 3,
    "zorr": 3,
    "bot-69": 4,
    "bot-101": 3,
    "bot-75": 2,
    "bot-149": 3,
    "bot-112": 1,
    "not bot": 2,
    "a": 2,
    "bot-125": 3,
    "bot-111": 2,
    "bot-61": 2,
    "bot-52": 1,
    "bot-93": 2,
    "bot-121": 2,
    "bot-98": 2,
    "blossom-v2": 2,
    "bot-43": 1,
    "bot-77": 2,
    "bot-76": 3,
    "bot-57": 2,
    "bot-86": 1,
    "bot-55": 2,
    "bot-118": 2,
    "rosie": 2,
    "bot-94": 2,
    "bot-34": 2,
    "bot-22": 3,
    "bot-32": 1,
    "bot-143": 1,
    "bot-99": 1,
    "bot-27": 5,
    "bot-63": 1,
    "bot-78": 3,
    "bot-109": 1,
    "bot-136": 2,
    "thorny": 5,
    "bot-60": 2,
    "bot-120": 2,
    "bot-58": 2,
    "bot-141": 2,
    "root": 1,
    "bot-144": 2,
    "blossom": 1,
    "bot-130": 1,
    "bot-74": 1,
    "aa": 1,
    "bot-56": 1,
    "bot-96": 2,
    "bot-38": 2,
    "bot-148": 1,
    "bot-26": 1,
    "bot-137": 1,
    "bot-113": 2,
    "bot-122": 1,
    "bot-24": 1,
    "bot-127": 1,
    "bot-105": 1,
    "bot-89": 1,
    "bot-108": 1,
    "bot-132": 1,
    "bot-110": 1
  },
  "loadout_history": {
    "0": 1019,
    "1": 846,
    "15": 13,
    "33": 1,
    "35": 2,
    "14": 13,
    "5": 17,
    "24": 10,
    "28": 3,
    "9": 11,
    "18": 3,
    "16": 2,
    "34": 3,
    "19": 6,
    "116": 1,
    "167": 1,
    "10": 4,
    "29": 2,
    "90": 1,
    "62": 1,
    "83": 1,
    "6": 12,
    "25": 6,
    "79": 2,
    "12": 2,
    "47": 1,
    "168": 2,
    "181": 1,
    "20": 3,
    "11": 3,
    "170": 1,
    "7": 1,
    "48": 1,
    "23": 2,
    "86": 1,
    "135": 1,
    "55": 1,
    "56": 1,
    "21": 3,
    "46": 1,
    "30": 2,
    "54": 1,
    "58": 1,
    "119": 1,
    "32": 1,
    "27": 1,
    "60": 1
  }
}