{
  "schema": 1,
  "name": "bot-31",
  "first_seen": 1778543460.086347,
  "last_seen": 1779316710.7106292,
  "episodes": 1525,
  "score_total": 235610,
  "score_best": 10458,
  "best_loadout": [
    0,
    0,
    0,
    0,
    0,
    0,
    0,
    0
  ],
  "killed_by": {
    "Scorpion": 8,
    "bot-63": 2,
    "Hornet": 389,
    "Wasp": 246,
    "Cactus": 82,
    "bot-71": 2,
    "Beetle": 75,
    "Rock": 11,
    "bot-137": 1,
    "Spider": 37,
    "Sandstorm": 18,
    "Mantis": 132,
    "Centipede": 68,
    "bot-131": 1,
    "flower": 1,
    "bot-43": 1,
    "bot-70": 4,
    "67": 2,
    "Evil Centipede": 19,
    "Bee": 128,
    "bot-120": 1,
    "bot-40": 1,
    "bloomy": 2,
    "bot-55": 1,
    "Ladybug": 62,
    "bot-25": 3,
    "bot-73": 1,
    "blossom-v2": 2,
    "bot-29": 3,
    "Leafbug": 22,
    "bot-123": 1,
    "Bush": 10,
    "bot-64": 2,
    "gardn": 1,
    "bot-98": 3,
    "bot-100": 1,
    "bot-145": 1,
    "bot-90": 8,
    "bot-102": 2,
    "bot-97": 3,
    "bot-82": 1,
    "bot-80": 1,
    "bot-42": 3,
    "bot-49": 1,
    "bot-132": 3,
    "bot-38": 2,
    "bot-112": 1,
    "bot-121": 3,
    "bot-134": 1,
    "rosie": 2,
    "bot-46": 1,
    "bot-126": 1,
    "bot-88": 1,
    "bot-86": 1,
    "bot-78": 2,
    "bot-95": 4,
    "thorn": 1,
    "bot-22": 1,
    "bot-28": 1,
    "bot-91": 1,
    "a": 2,
    "bot-115": 2,
    "bot-141": 1,
    "bot-87": 1,
    "bot-96": 1,
    "bot-139": 1,
    "bot-119": 1,
    "bot-66": 3,
    "zorr": 3,
    "bot-81": 2,
    "bot-147": 1,
    "bot-142": 1,
    "bot-54": 2,
    "bot-106": 1,
    "bot-117": 5,
    "bot-27": 1,
    "bloom": 2,
    "bot-128": 4,
    "bot-58": 1,
    "bot-51": 1,
    "bot-110": 2,
    "Desert Centipede": 6,
    "bot-34": 2,
    "bot-59": 1,
    "bot-79": 2,
    "not bot": 2,
    "bot-69": 5,
    "bot-57": 4,
    "bot-75": 1,
    "Worker Ant": 2,
    "bot-89": 1,
    "Baby Ant": 3,
    "bot-105": 1,
    "Soldier Ant": 2,
    "bot-116": 1,
    "bot-33": 1,
    "bot-149": 1,
    "bot-108": 3,
    "bot-30": 1,
    "bot-133": 1,
    "bot-103": 1,
    "bot-92": 1,
    "bot-53": 1,
    "blossom": 1,
    "bot-68": 1,
    "bot-113": 2,
    "bot-83": 1,
    "bot-118": 1,
    "bot-107": 1,
    "bot-32": 2,
    "bot-84": 3,
    "bot-52": 1,
    "bot-127": 1,
    "bot-94": 1,
    "bot-62": 1,
    "bot-135": 1,
    "bot-144": 2,
    "bot-74": 1,
    "bot-125": 1,
    "bot-39": 1,
    "petalpop": 2,
    "bot-101": 1
  },
  "loadout_history": {
    "0": 1318,
    "1": 1067,
    "49": 5,
    "5": 22,
    "14": 30,
    "23": 3,
    "15": 16,
    "28": 14,
    "79": 9,
    "46": 3,
    "9": 27,
    "24": 18,
    "167": 6,
    "34": 12,
    "39": 1,
    "6": 16,
    "29": 5,
    "51": 3,
    "8": 3,
    "36": 3,
    "12": 2,
    "7": 4,
    "61": 1,
    "11": 5,
    "18": 14,
    "182": 1,
    "32": 2,
    "10": 6,
    "19": 5,
    "204": 3,
    "58": 1,
    "16": 4,
    "27": 1,
    "60": 1,
    "107": 1,
    "69": 2,
    "55": 1,
    "86": 1,
    "116": 4,
    "25": 3,
    "20": 3,
    "68": 1,
    "48": 1,
    "89": 1,
    "135": 2,
    "17": 1,
    "160": 1,
    "97": 1,
    "35": 3,
    "73": 1,
    "40": 2,
    "21": 1,
    "41": 2
  }
}