{
  "schema": 1,
  "name": "bot-133",
  "first_seen": 1778543163.8315258,
  "last_seen": 1779316415.61612,
  "episodes": 1496,
  "score_total": 230426,
  "score_best": 6009,
  "best_loadout": [
    0,
    1,
    1,
    0,
    0,
    0,
    0
  ],
  "killed_by": {
    "Hornet": 356,
    "Wasp": 253,
    "Desert Centipede": 3,
    "leafy": 1,
    "Beetle": 76,
    "Evil Centipede": 29,
    "Spider": 46,
    "bot-31": 3,
    "bot-114": 1,
    "bot-119": 1,
    "Centipede": 41,
    "Mantis": 142,
    "Leafbug": 13,
    "petalpop": 3,
    "bot-104": 2,
    "Cactus": 89,
    "Bee": 109,
    "67": 4,
    "Scorpion": 10,
    "bot-95": 3,
    "Bush": 7,
    "bot-146": 2,
    "hello": 3,
    "Sandstorm": 16,
    "Ladybug": 67,
    "Rock": 14,
    "bot-128": 1,
    "bot-64": 2,
    "bot-66": 1,
    "bot-65": 2,
    "bot-49": 5,
    "bot-35": 2,
    "Worker Ant": 5,
    "bot-82": 4,
    "bot-37": 1,
    "bot-67": 6,
    "Baby Ant": 2,
    "bot-62": 1,
    "bot-140": 1,
    "bot-126": 3,
    "bot-115": 2,
    "Soldier Ant": 7,
    "bot-91": 1,
    "bot-29": 1,
    "bot-47": 3,
    "zorr": 3,
    "bot-69": 4,
    "bot-101": 3,
    "bot-75": 2,
    "bot-149": 3,
    "bot-112": 2,
    "not bot": 2,
    "a": 2,
    "bot-125": 3,
    "bot-111": 2,
    "bot-61": 2,
    "bot-52": 1,
    "bot-93": 2,
    "bot-121": 2,
    "bot-98": 2,
    "blossom-v2": 2,
    "bot-43": 1,
    "bot-77": 2,
    "bot-76": 3,
    "bot-57": 2,
    "bot-86": 1,
    "bot-55": 2,
    "bot-118": 2,
    "rosie": 2,
    "bot-94": 2,
    "bot-34": 3,
    "bot-22": 4,
    "bot-32": 1,
    "bot-143": 1,
    "bot-99": 1,
    "bot-27": 7,
    "bot-63": 1,
    "bot-78": 4,
    "bot-109": 1,
    "bot-136": 2,
    "thorny": 6,
    "bot-60": 2,
    "bot-120": 2,
    "bot-58": 2,
    "bot-141": 2,
    "root": 1,
    "bot-144": 3,
    "blossom": 1,
    "bot-130": 1,
    "bot-74": 1,
    "aa": 1,
    "bot-56": 1,
    "bot-96": 2,
    "bot-38": 3,
    "bot-148": 1,
    "bot-26": 1,
    "bot-137": 1,
    "bot-113": 2,
    "bot-122": 1,
    "bot-24": 1,
    "bot-127": 1,
    "bot-105": 1,
    "bot-89": 1,
    "bot-108": 1,
    "bot-132": 1,
    "bot-110": 1,
    "bot-117": 1,
    "bot-142": 1,
    "bot-30": 2,
    "bot-79": 1,
    "bloomy": 2,
    "bot-51": 2,
    "bot-81": 1
  },
  "loadout_history": {
    "0": 1288,
    "1": 1053,
    "15": 18,
    "33": 1,
    "35": 3,
    "14": 35,
    "5": 30,
    "24": 18,
    "28": 3,
    "9": 21,
    "18": 9,
    "16": 5,
    "34": 6,
    "19": 9,
    "116": 1,
    "167": 1,
    "10": 8,
    "29": 3,
    "90": 1,
    "62": 1,
    "83": 1,
    "6": 14,
    "25": 7,
    "79": 4,
    "12": 3,
    "47": 1,
    "168": 2,
    "181": 1,
    "20": 4,
    "11": 5,
    "170": 1,
    "7": 1,
    "48": 1,
    "23": 3,
    "86": 1,
    "135": 2,
    "55": 1,
    "56": 1,
    "21": 3,
    "46": 3,
    "30": 3,
    "54": 1,
    "58": 1,
    "119": 1,
    "32": 3,
    "27": 1,
    "60": 2,
    "13": 1,
    "49": 1,
    "136": 1,
    "17": 1,
    "175": 1,
    "93": 1,
    "8": 1,
    "40": 3,
    "50": 1,
    "75": 1
  }
}