{
  "schema": 1,
  "name": "bot-nrfa",
  "first_seen": 1778352475.057236,
  "last_seen": 1778352601.233703,
  "episodes": 14,
  "score_total": 253,
  "score_best": 151,
  "best_loadout": [
    14,
    1,
    42,
    1,
    37
  ],
  "killed_by": {
    "florrio": 3,
    "Hornet": 6,
    "67": 1,
    "leafy": 3
  },
  "loadout_history": {
    "0": 1,
    "1": 14,
    "42": 1,
    "37": 1,
    "14": 1,
    "48": 1
  }
}