{
  "schema": 1,
  "name": "bot-qmsi",
  "first_seen": 1778194101.0412889,
  "last_seen": 1778194618.729482,
  "episodes": 19,
  "score_total": 9099,
  "score_best": 5043,
  "best_loadout": [
    0,
    0,
    0,
    0,
    0,
    0,
    0
  ],
  "killed_by": {
    "Hornet": 15,
    "bot-csbq": 1,
    "leafy": 1,
    "Bee": 1
  },
  "loadout_history": {
    "0": 17,
    "9": 6,
    "34": 1,
    "35": 1,
    "33": 1,
    "55": 1,
    "28": 3,
    "5": 2,
    "1": 13,
    "40": 1,
    "16": 1,
    "18": 1,
    "24": 1
  }
}