{
  "schema": 1,
  "name": "bot-30",
  "first_seen": 1778543105.570722,
  "last_seen": 1778553033.055982,
  "episodes": 35,
  "score_total": 2412,
  "score_best": 140,
  "best_loadout": [
    34,
    0,
    0,
    1,
    0
  ],
  "killed_by": {
    "Centipede": 3,
    "Scorpion": 1,
    "Sandstorm": 1,
    "Hornet": 13,
    "Bee": 2,
    "Wasp": 3,
    "bot-134": 1,
    "Cactus": 1,
    "bot-113": 1,
    "Mantis": 2,
    "blossom-v2": 1
  },
  "loadout_history": {
    "0": 31,
    "1": 22,
    "14": 2,
    "5": 1,
    "9": 4,
    "6": 2,
    "28": 1,
    "34": 3,
    "29": 1,
    "25": 1,
    "10": 1,
    "32": 1,
    "107": 1
  }
}