{
  "schema": 1,
  "name": "bot-jbid",
  "first_seen": 1778195395.38939,
  "last_seen": 1778196036.206728,
  "episodes": 22,
  "score_total": 556,
  "score_best": 76,
  "best_loadout": [
    1,
    1,
    0,
    1,
    0
  ],
  "killed_by": {
    "gardn": 1,
    "bot-wwip": 2,
    "Hornet": 15,
    "Spider": 2,
    "67": 1
  },
  "loadout_history": {
    "0": 22,
    "1": 14,
    "5": 2,
    "24": 1,
    "20": 1,
    "15": 2,
    "9": 2,
    "50": 1,
    "55": 1,
    "28": 1,
    "23": 1,
    "14": 1,
    "40": 1
  }
}