{
  "schema": 1,
  "name": "bot-146",
  "first_seen": 1778543136.504431,
  "last_seen": 1778624163.95981,
  "episodes": 435,
  "score_total": 47468,
  "score_best": 7918,
  "best_loadout": [
    0,
    0,
    0,
    1,
    0,
    0,
    0,
    0
  ],
  "killed_by": {
    "Hornet": 113,
    "Scorpion": 3,
    "Wasp": 83,
    "Ladybug": 13,
    "Mantis": 43,
    "bot-112": 1,
    "Beetle": 19,
    "Bush": 3,
    "Bee": 31,
    "Evil Centipede": 2,
    "bot-121": 1,
    "Cactus": 18,
    "Leafbug": 6,
    "Centipede": 17,
    "bot-42": 1,
    "Spider": 13,
    "bot-70": 1,
    "thornbloom": 1,
    "petalpop": 2,
    "bot-135": 1,
    "bot-96": 1,
    "bot-65": 1,
    "bot-117": 1,
    "bot-71": 1,
    "bot-141": 1,
    "Desert Centipede": 2,
    "Rock": 5,
    "bot-83": 1,
    "bot-107": 1,
    "blossom-v2": 1,
    "bloomy": 1,
    "bot-98": 1,
    "bot-35": 1,
    "bot-93": 2,
    "Worker Ant": 2,
    "bot-115": 1,
    "bot-25": 1,
    "bot-52": 1,
    "bot-33": 1,
    "bot-102": 2,
    "Sandstorm": 5,
    "67": 1,
    "bot-137": 1,
    "bot-45": 1,
    "bot-106": 1,
    "bot-76": 1,
    "bot-74": 1,
    "bot-40": 1,
    "bot-84": 1,
    "bot-27": 2,
    "bot-30": 1,
    "bot-66": 1,
    "bot-95": 1,
    "bot-104": 1,
    "flower": 1,
    "bot-46": 1,
    "bot-36": 1,
    "root": 1,
    "bot-92": 1
  },
  "loadout_history": {
    "0": 391,
    "1": 276,
    "5": 9,
    "10": 1,
    "28": 2,
    "79": 1,
    "18": 4,
    "19": 4,
    "15": 2,
    "167": 1,
    "35": 1,
    "9": 3,
    "23": 1,
    "51": 3,
    "29": 2,
    "20": 1,
    "7": 2,
    "68": 1,
    "14": 2,
    "12": 1,
    "25": 2,
    "24": 1,
    "56": 1
  }
}