{
  "schema": 1,
  "name": "bot-95",
  "first_seen": 1778543125.823444,
  "last_seen": 1778552131.6683068,
  "episodes": 45,
  "score_total": 3048,
  "score_best": 385,
  "best_loadout": [
    69,
    49,
    1,
    30,
    0,
    0
  ],
  "killed_by": {
    "Ladybug": 1,
    "Hornet": 8,
    "Sandstorm": 1,
    "Mantis": 5,
    "Beetle": 2,
    "hello": 1,
    "Wasp": 7,
    "bot-127": 1,
    "bot-59": 1,
    "Bee": 5,
    "bot-131": 2,
    "Evil Centipede": 1,
    "Cactus": 1,
    "Centipede": 1,
    "bot-46": 1,
    "bot-50": 1
  },
  "loadout_history": {
    "1": 32,
    "14": 2,
    "0": 40,
    "19": 2,
    "24": 1,
    "46": 1,
    "28": 1,
    "16": 1,
    "33": 1,
    "5": 1,
    "79": 1,
    "69": 2,
    "49": 1,
    "30": 1,
    "15": 1,
    "9": 1
  }
}