{
  "schema": 1,
  "name": "bot-74",
  "first_seen": 1778543473.4266272,
  "last_seen": 1778556770.197419,
  "episodes": 50,
  "score_total": 3336,
  "score_best": 350,
  "best_loadout": [
    0,
    1,
    0,
    0,
    0,
    0
  ],
  "killed_by": {
    "Beetle": 2,
    "Wasp": 7,
    "Hornet": 13,
    "bot-46": 2,
    "Cactus": 1,
    "Sandstorm": 2,
    "bot-129": 1,
    "Mantis": 6,
    "petalpop": 1,
    "bot-137": 1,
    "bloom": 1,
    "Bee": 2,
    "bot-145": 1,
    "gardn": 1
  },
  "loadout_history": {
    "0": 42,
    "1": 34,
    "45": 2,
    "25": 1,
    "7": 1,
    "10": 2,
    "24": 7,
    "62": 1,
    "15": 1,
    "34": 1,
    "19": 1,
    "5": 6,
    "9": 5,
    "39": 1,
    "12": 1,
    "79": 1,
    "20": 1,
    "23": 1,
    "6": 1
  }
}