{
  "schema": 1,
  "name": "bot-92",
  "first_seen": 1778543531.2506518,
  "last_seen": 1778556178.65229,
  "episodes": 48,
  "score_total": 5913,
  "score_best": 1251,
  "best_loadout": [
    0,
    0,
    1,
    1,
    0,
    0
  ],
  "killed_by": {
    "Wasp": 9,
    "Hornet": 14,
    "Mantis": 6,
    "Beetle": 3,
    "Scorpion": 1,
    "bot-111": 1,
    "Evil Centipede": 1,
    "Cactus": 1,
    "bot-64": 1,
    "flower": 1,
    "bot-116": 1,
    "bot-103": 1,
    "Spider": 1
  },
  "loadout_history": {
    "0": 42,
    "1": 33,
    "167": 1,
    "49": 1,
    "9": 3,
    "18": 1,
    "34": 1,
    "24": 1,
    "19": 1,
    "13": 1,
    "10": 1,
    "28": 1
  }
}