{
  "schema": 1,
  "name": "bot-139",
  "first_seen": 1778543547.0881379,
  "last_seen": 1779316399.3018692,
  "episodes": 1473,
  "score_total": 195485,
  "score_best": 7770,
  "best_loadout": [
    0,
    0,
    0,
    0,
    0,
    0,
    0,
    0
  ],
  "killed_by": {
    "Spider": 54,
    "Hornet": 362,
    "Bee": 109,
    "Wasp": 260,
    "bot-74": 5,
    "Mantis": 131,
    "bot-145": 3,
    "Evil Centipede": 12,
    "Cactus": 75,
    "Sandstorm": 12,
    "Scorpion": 12,
    "Beetle": 73,
    "bot-113": 4,
    "Ladybug": 79,
    "bot-101": 1,
    "Baby Ant": 3,
    "Bush": 12,
    "bot-69": 1,
    "Desert Centipede": 11,
    "bot-26": 2,
    "Rock": 16,
    "rosie": 1,
    "Leafbug": 23,
    "bot-130": 1,
    "bot-73": 2,
    "bot-137": 1,
    "Centipede": 28,
    "bot-144": 3,
    "bot-72": 1,
    "67": 2,
    "bot-48": 5,
    "bot-142": 4,
    "bot-149": 2,
    "bot-38": 2,
    "bloom": 1,
    "bot-67": 1,
    "blossom": 2,
    "bot-109": 4,
    "bot-23": 4,
    "gardn": 1,
    "bot-70": 2,
    "bot-43": 2,
    "bot-131": 1,
    "bot-62": 3,
    "bot-87": 1,
    "bot-76": 1,
    "bot-86": 2,
    "bot-66": 1,
    "bot-45": 3,
    "bot-111": 1,
    "bot-56": 3,
    "a": 2,
    "bot-97": 2,
    "bot-119": 1,
    "bot-124": 1,
    "bot-84": 2,
    "bot-30": 5,
    "bot-96": 1,
    "bot-64": 4,
    "bot-34": 1,
    "bot-93": 1,
    "bot-53": 1,
    "bot-132": 3,
    "bot-55": 3,
    "bot-133": 2,
    "bot-114": 1,
    "bot-59": 1,
    "bot-112": 2,
    "bot-135": 2,
    "bot-141": 1,
    "bot-110": 2,
    "bot-91": 4,
    "bot-33": 1,
    "bot-24": 1,
    "bot-25": 1,
    "bot-98": 1,
    "bot-29": 3,
    "bot-121": 2,
    "bot-44": 2,
    "bot-57": 3,
    "thornbloom": 2,
    "bot-115": 2,
    "bot-92": 1,
    "bot-82": 1,
    "petalpop": 2,
    "bot-126": 1,
    "thorn": 1,
    "bot-50": 7,
    "bot-106": 2,
    "not bot": 1,
    "bot-103": 1,
    "bot-68": 1,
    "bot-136": 1,
    "Worker Ant": 1,
    "bot-116": 1,
    "zorr": 2,
    "bot-46": 1,
    "bot-138": 1,
    "flower": 1,
    "bot": 1,
    "bot-123": 1,
    "bot-147": 1,
    "bot-148": 1,
    "bot-85": 4,
    "root": 1,
    "bot-80": 1,
    "bot-71": 1,
    "bot-105": 1,
    "hello": 1,
    "bot-100": 2,
    "bot-60": 1,
    "bot-54": 1,
    "bot-104": 1,
    "bot-81": 1,
    "bot-95": 1,
    "Soldier Ant": 1,
    "bot-51": 1,
    "leafy": 1
  },
  "loadout_history": {
    "24": 15,
    "0": 1250,
    "1": 1025,
    "9": 17,
    "12": 4,
    "14": 37,
    "64": 2,
    "32": 1,
    "18": 14,
    "5": 21,
    "15": 17,
    "19": 7,
    "10": 12,
    "39": 2,
    "30": 1,
    "11": 5,
    "6": 9,
    "17": 2,
    "60": 3,
    "34": 6,
    "26": 5,
    "167": 5,
    "23": 5,
    "16": 10,
    "84": 2,
    "46": 3,
    "33": 2,
    "28": 10,
    "25": 4,
    "49": 1,
    "29": 4,
    "89": 2,
    "20": 2,
    "35": 6,
    "79": 3,
    "181": 1,
    "58": 1,
    "182": 1,
    "36": 1,
    "116": 3,
    "56": 1,
    "51": 2,
    "7": 1,
    "8": 1,
    "40": 3,
    "204": 1,
    "45": 1
  }
}