{
  "schema": 1,
  "name": "bot-78",
  "first_seen": 1778543550.690562,
  "last_seen": 1778718441.331531,
  "episodes": 1169,
  "score_total": 230957,
  "score_best": 8094,
  "best_loadout": [
    0,
    0,
    0,
    0,
    0,
    0,
    0,
    0
  ],
  "killed_by": {
    "Hornet": 260,
    "Ladybug": 57,
    "Wasp": 199,
    "Cactus": 94,
    "Bee": 82,
    "Mantis": 89,
    "bot-58": 3,
    "Beetle": 44,
    "bot-97": 2,
    "Evil Centipede": 8,
    "bot-29": 1,
    "Bush": 23,
    "florrio": 1,
    "bot-125": 2,
    "rosie": 1,
    "bot-130": 3,
    "bot-37": 2,
    "Spider": 24,
    "Sandstorm": 12,
    "bot-82": 1,
    "Centipede": 34,
    "bot-65": 1,
    "Leafbug": 27,
    "blossom": 3,
    "bot-123": 4,
    "Desert Centipede": 4,
    "bot-118": 2,
    "a": 1,
    "thornbloom": 2,
    "bot-34": 4,
    "Worker Ant": 4,
    "thorny": 3,
    "bot-33": 4,
    "bot-39": 1,
    "bot-26": 6,
    "not bot": 2,
    "bot-56": 1,
    "thorn": 3,
    "bot-96": 1,
    "bot-148": 1,
    "bot-32": 4,
    "Rock": 11,
    "bot-94": 1,
    "bot-127": 1,
    "bot-51": 1,
    "bot-100": 1,
    "bot-103": 1,
    "bot-55": 1,
    "bot-124": 1,
    "Baby Ant": 1,
    "bot-141": 2,
    "bot-23": 4,
    "bot-117": 6,
    "bot-45": 2,
    "bot-112": 2,
    "bot-92": 3,
    "bot-137": 5,
    "bot-44": 2,
    "bot-86": 1,
    "bot-88": 2,
    "bot-95": 7,
    "bot-129": 2,
    "bloom": 2,
    "bot-101": 3,
    "Scorpion": 7,
    "bot-38": 2,
    "aa": 1,
    "bot-77": 8,
    "bot-113": 1,
    "bot-83": 1,
    "bot-43": 1,
    "bot-48": 1,
    "bot-42": 2,
    "bot-72": 2,
    "bot-128": 2,
    "bot-28": 1,
    "bot-68": 2,
    "bot-126": 1,
    "bot-25": 3,
    "bot-115": 2,
    "prickly": 2,
    "bot-146": 2,
    "bot-109": 1,
    "bot-22": 2,
    "bot-142": 1,
    "bot-89": 1,
    "bot-40": 4,
    "bot-140": 1,
    "bot-87": 1,
    "bot-76": 1,
    "bot-49": 1,
    "bot-85": 1,
    "bot-57": 1,
    "bot-131": 1,
    "bot-136": 3,
    "bot-145": 1,
    "bot-147": 1,
    "bot-27": 1,
    "flower": 1,
    "root": 1,
    "bot-74": 1,
    "bot-66": 1,
    "bot-114": 1,
    "bot-98": 1,
    "bot": 2,
    "bot-111": 2,
    "bot-79": 1,
    "bot-52": 1,
    "bot-70": 1
  },
  "loadout_history": {
    "0": 984,
    "1": 809,
    "14": 17,
    "29": 5,
    "6": 7,
    "5": 11,
    "15": 10,
    "19": 4,
    "10": 5,
    "7": 8,
    "51": 1,
    "18": 5,
    "167": 2,
    "16": 3,
    "9": 6,
    "92": 1,
    "25": 5,
    "24": 12,
    "11": 1,
    "84": 2,
    "135": 1,
    "93": 1,
    "35": 3,
    "116": 1,
    "46": 1,
    "64": 1,
    "79": 6,
    "39": 1,
    "30": 1,
    "20": 1,
    "107": 1,
    "12": 3,
    "32": 1,
    "58": 1,
    "33": 1,
    "118": 1,
    "26": 1,
    "22": 1,
    "95": 1,
    "61": 1,
    "21": 4,
    "60": 1,
    "147": 1,
    "27": 1,
    "48": 2,
    "17": 2,
    "176": 1,
    "99": 1,
    "123": 1,
    "13": 1
  }
}