{
  "schema": 1,
  "name": "bot-146",
  "first_seen": 1778543136.504431,
  "last_seen": 1778713223.201306,
  "episodes": 1084,
  "score_total": 204992,
  "score_best": 11400,
  "best_loadout": [
    0,
    0,
    0,
    0,
    0,
    0,
    0,
    0
  ],
  "killed_by": {
    "Hornet": 263,
    "Scorpion": 6,
    "Wasp": 206,
    "Ladybug": 38,
    "Mantis": 97,
    "bot-112": 2,
    "Beetle": 58,
    "Bush": 13,
    "Bee": 77,
    "Evil Centipede": 4,
    "bot-121": 1,
    "Cactus": 49,
    "Leafbug": 14,
    "Centipede": 35,
    "bot-42": 1,
    "Spider": 31,
    "bot-70": 1,
    "thornbloom": 3,
    "petalpop": 2,
    "bot-135": 2,
    "bot-96": 2,
    "bot-65": 3,
    "bot-117": 3,
    "bot-71": 2,
    "bot-141": 1,
    "Desert Centipede": 8,
    "Rock": 13,
    "bot-83": 1,
    "bot-107": 2,
    "blossom-v2": 1,
    "bloomy": 4,
    "bot-98": 2,
    "bot-35": 2,
    "bot-93": 2,
    "Worker Ant": 3,
    "bot-115": 3,
    "bot-25": 3,
    "bot-52": 2,
    "bot-33": 1,
    "bot-102": 2,
    "Sandstorm": 11,
    "67": 1,
    "bot-137": 1,
    "bot-45": 1,
    "bot-106": 1,
    "bot-76": 1,
    "bot-74": 1,
    "bot-40": 1,
    "bot-84": 1,
    "bot-27": 2,
    "bot-30": 2,
    "bot-66": 1,
    "bot-95": 2,
    "bot-104": 4,
    "flower": 2,
    "bot-46": 2,
    "bot-36": 2,
    "root": 1,
    "bot-92": 2,
    "not bot": 2,
    "bot-32": 2,
    "bot-119": 2,
    "blossom": 2,
    "bot-145": 1,
    "bot-81": 1,
    "bot-59": 1,
    "bot-34": 1,
    "zorr": 2,
    "bot-127": 1,
    "bot-131": 1,
    "bot-68": 2,
    "bot-72": 2,
    "bot-136": 2,
    "bot-26": 2,
    "bot-22": 3,
    "bot-29": 1,
    "bot-60": 2,
    "bot-142": 1,
    "bot-124": 2,
    "a": 1,
    "bot-82": 3,
    "bot-100": 2,
    "bot-139": 2,
    "Baby Ant": 3,
    "bot-147": 2,
    "bot-99": 1,
    "bot-77": 2,
    "bot-78": 1,
    "leafy": 1,
    "bot-80": 1,
    "bot-51": 1,
    "bot-123": 1,
    "bot-54": 1,
    "bot-94": 1,
    "bot-44": 1,
    "bot-67": 2,
    "bot-73": 1,
    "bot-64": 2,
    "bot-130": 2,
    "bot-101": 1,
    "bot-140": 1,
    "thorny": 1,
    "bot-138": 1,
    "bot-61": 1,
    "bot-31": 1
  },
  "loadout_history": {
    "0": 936,
    "1": 725,
    "5": 18,
    "10": 4,
    "28": 3,
    "79": 2,
    "18": 7,
    "19": 5,
    "15": 8,
    "167": 1,
    "35": 1,
    "9": 9,
    "23": 1,
    "51": 3,
    "29": 3,
    "20": 3,
    "7": 6,
    "68": 2,
    "14": 13,
    "12": 1,
    "25": 4,
    "24": 6,
    "56": 1,
    "204": 1,
    "21": 2,
    "69": 1,
    "30": 1,
    "107": 2,
    "13": 1,
    "6": 5,
    "37": 2,
    "39": 1,
    "46": 1,
    "17": 1,
    "26": 1,
    "60": 1,
    "16": 4,
    "92": 1,
    "33": 1,
    "47": 1,
    "34": 1,
    "207": 1,
    "205": 1,
    "8": 1,
    "11": 1
  }
}