{
  "schema": 1,
  "name": "bot-rhit",
  "first_seen": 1778215550.708714,
  "last_seen": 1778218181.9732952,
  "episodes": 66,
  "score_total": 3960,
  "score_best": 289,
  "best_loadout": [
    33,
    0,
    0,
    0,
    0,
    0
  ],
  "killed_by": {
    "Hornet": 44,
    "bot-vakt": 1,
    "Bee": 6,
    "Beetle": 1,
    "Centipede": 1,
    "bot-krza": 1,
    "bot-cvju": 1,
    "thorn": 1,
    "Soldier Ant": 4,
    "bot-kktz": 1,
    "bot-kqmz": 1,
    "Rock": 1
  },
  "loadout_history": {
    "0": 62,
    "1": 49,
    "42": 1,
    "28": 2,
    "5": 6,
    "18": 2,
    "19": 2,
    "41": 2,
    "34": 5,
    "24": 3,
    "35": 2,
    "9": 1,
    "23": 2,
    "40": 6,
    "16": 1,
    "61": 1,
    "46": 1,
    "14": 3,
    "26": 1,
    "36": 1,
    "48": 1,
    "33": 2,
    "10": 1
  }
}