{
  "schema": 1,
  "name": "bot-59",
  "first_seen": 1778543498.623895,
  "last_seen": 1778731778.895367,
  "episodes": 1264,
  "score_total": 230549,
  "score_best": 10000,
  "best_loadout": [
    0,
    0,
    0,
    0,
    0,
    0,
    0,
    0
  ],
  "killed_by": {
    "Beetle": 52,
    "Hornet": 290,
    "Wasp": 253,
    "Mantis": 106,
    "bot-52": 1,
    "petalpop": 1,
    "Cactus": 61,
    "bot-106": 2,
    "bot-112": 1,
    "Sandstorm": 21,
    "Ladybug": 71,
    "Evil Centipede": 8,
    "Leafbug": 16,
    "bot-143": 9,
    "bot-134": 2,
    "Desert Centipede": 4,
    "bot-104": 2,
    "Spider": 36,
    "bot-54": 4,
    "Bee": 88,
    "bot-75": 1,
    "bot-80": 2,
    "Bush": 11,
    "Centipede": 34,
    "bot-117": 13,
    "bot-83": 1,
    "bot-121": 3,
    "blossom-v2": 3,
    "Worker Ant": 6,
    "bot-139": 2,
    "bot-122": 1,
    "Rock": 13,
    "bot-57": 4,
    "bot-32": 1,
    "bot-92": 2,
    "bot-142": 1,
    "bot-67": 1,
    "bot-96": 2,
    "a": 2,
    "bot-29": 2,
    "bot-149": 2,
    "bot-24": 1,
    "bot-145": 1,
    "bot-125": 2,
    "bot-140": 1,
    "prickly": 1,
    "bot-93": 4,
    "bot-72": 3,
    "Scorpion": 4,
    "bot-76": 1,
    "bot-51": 1,
    "bot-123": 3,
    "bot-35": 1,
    "thornbloom": 1,
    "bot-81": 1,
    "rosie": 1,
    "Baby Ant": 5,
    "bot-40": 2,
    "bot-89": 1,
    "bot-44": 1,
    "bot-118": 2,
    "bot-90": 2,
    "bot-88": 2,
    "bot-74": 1,
    "bot-110": 2,
    "bot-28": 2,
    "bot-111": 2,
    "bot-85": 1,
    "bot-141": 2,
    "florrio": 1,
    "bot-60": 1,
    "bot-124": 2,
    "bot-73": 3,
    "bot-135": 2,
    "thorn": 2,
    "bot-49": 2,
    "bot-102": 2,
    "bot-42": 1,
    "bot-113": 1,
    "bot-79": 1,
    "bot-70": 2,
    "bot-107": 3,
    "bot-137": 2,
    "Soldier Ant": 1,
    "bot-115": 3,
    "bot-146": 1,
    "bot-37": 1,
    "bot-34": 1,
    "bot-144": 1,
    "bot-62": 1,
    "bot-129": 1,
    "bot-58": 1,
    "bot-38": 2,
    "bot-30": 1,
    "bot-101": 1,
    "67": 3,
    "blossom": 2,
    "bot-48": 1,
    "bot-39": 2,
    "bot-116": 3,
    "bot-100": 2,
    "bot-61": 1,
    "bot-33": 1,
    "bot-138": 1,
    "zorr": 1,
    "root": 1,
    "bot-26": 2
  },
  "loadout_history": {
    "0": 1060,
    "1": 897,
    "39": 1,
    "28": 8,
    "5": 20,
    "14": 14,
    "116": 4,
    "18": 11,
    "24": 7,
    "48": 2,
    "10": 14,
    "6": 9,
    "56": 1,
    "11": 5,
    "167": 3,
    "49": 4,
    "15": 8,
    "19": 3,
    "35": 2,
    "61": 2,
    "83": 4,
    "9": 8,
    "34": 3,
    "29": 2,
    "23": 2,
    "27": 4,
    "31": 1,
    "25": 2,
    "51": 2,
    "47": 2,
    "204": 1,
    "46": 2,
    "16": 2,
    "55": 1,
    "21": 1,
    "79": 1,
    "26": 2,
    "36": 1,
    "7": 3,
    "169": 1,
    "20": 2,
    "181": 1,
    "135": 1,
    "17": 1,
    "45": 1,
    "58": 1,
    "168": 1,
    "8": 1,
    "170": 1,
    "32": 1,
    "182": 1,
    "12": 1
  }
}