{
  "schema": 1,
  "name": "bot-65",
  "first_seen": 1778543582.466288,
  "last_seen": 1779316687.745048,
  "episodes": 1398,
  "score_total": 252686,
  "score_best": 6868,
  "best_loadout": [
    0,
    0,
    0,
    1,
    0,
    0,
    0,
    0
  ],
  "killed_by": {
    "Ladybug": 67,
    "Hornet": 362,
    "Mantis": 114,
    "Bush": 11,
    "Wasp": 243,
    "Sandstorm": 19,
    "bot-118": 1,
    "bot-50": 1,
    "bot-89": 1,
    "bot-106": 2,
    "hello": 3,
    "Beetle": 58,
    "bot-31": 2,
    "Evil Centipede": 24,
    "Bee": 96,
    "bot-42": 1,
    "bot-128": 1,
    "bot-117": 1,
    "bot-69": 2,
    "Cactus": 72,
    "Spider": 46,
    "Centipede": 42,
    "bot-27": 2,
    "bot-70": 4,
    "bot-90": 2,
    "bot-54": 2,
    "thornbloom": 2,
    "bot-92": 1,
    "bot-80": 1,
    "bot-49": 5,
    "bloomy": 1,
    "Scorpion": 6,
    "bot-112": 1,
    "bot-134": 1,
    "bot-85": 1,
    "bot-131": 2,
    "bot-29": 1,
    "Desert Centipede": 3,
    "bot-73": 2,
    "bot-115": 6,
    "bot-66": 1,
    "bot-129": 3,
    "bot-142": 8,
    "bot-87": 2,
    "bot-47": 1,
    "Baby Ant": 1,
    "bot-139": 10,
    "bot-136": 3,
    "bot-67": 1,
    "bot-147": 1,
    "bot-102": 1,
    "bot-23": 3,
    "bot-116": 2,
    "bot-68": 2,
    "bot-101": 1,
    "bot-113": 1,
    "aa": 1,
    "Rock": 7,
    "bot-36": 3,
    "bot-45": 3,
    "bot-108": 2,
    "blossom": 3,
    "prickly": 1,
    "Leafbug": 10,
    "bot-143": 2,
    "bot-132": 3,
    "bot-32": 2,
    "bot-95": 2,
    "bot-104": 1,
    "bot-110": 2,
    "bot-35": 3,
    "bot-77": 2,
    "thorny": 3,
    "petalpop": 1,
    "rosie": 1,
    "bot-60": 3,
    "bot-84": 1,
    "bot-114": 2,
    "bot-71": 3,
    "not bot": 1,
    "bot-126": 1,
    "bot-79": 2,
    "bot-135": 2,
    "bot-146": 1,
    "67": 2,
    "thorn": 1,
    "bot-57": 1,
    "bot-122": 2,
    "bot-52": 1,
    "flower": 1,
    "bot-33": 2,
    "bot-44": 2,
    "bot-61": 2,
    "bot-74": 1,
    "bot-53": 1,
    "bot-59": 1,
    "bot-63": 3,
    "bot-99": 1,
    "bloom": 1,
    "Worker Ant": 6,
    "bot-22": 1,
    "bot-111": 2,
    "bot-72": 1,
    "bot-41": 1,
    "bot-145": 1,
    "bot-107": 1,
    "bot-43": 1,
    "bot-96": 1,
    "bot-86": 1,
    "Soldier Ant": 12,
    "bot-58": 1,
    "bot-75": 2,
    "bot-81": 2,
    "leafy": 1,
    "bot-94": 1,
    "bot-103": 1
  },
  "loadout_history": {
    "0": 1203,
    "1": 952,
    "9": 16,
    "25": 10,
    "14": 27,
    "24": 17,
    "5": 25,
    "19": 10,
    "20": 3,
    "107": 1,
    "10": 5,
    "6": 15,
    "142": 1,
    "51": 1,
    "28": 12,
    "49": 1,
    "36": 1,
    "11": 3,
    "15": 15,
    "79": 4,
    "7": 3,
    "12": 1,
    "167": 4,
    "16": 4,
    "29": 5,
    "56": 1,
    "34": 9,
    "58": 1,
    "27": 1,
    "55": 2,
    "17": 1,
    "93": 1,
    "89": 1,
    "18": 7,
    "86": 1,
    "35": 3,
    "176": 1,
    "33": 1,
    "117": 1,
    "26": 1,
    "124": 1,
    "32": 2,
    "69": 1,
    "180": 1,
    "116": 2,
    "204": 2,
    "50": 1,
    "47": 2,
    "39": 1
  }
}