{
  "schema": 1,
  "name": "bot-43",
  "first_seen": 1778543460.6414669,
  "last_seen": 1778731878.313322,
  "episodes": 1330,
  "score_total": 248226,
  "score_best": 7813,
  "best_loadout": [
    0,
    0,
    0,
    0,
    0,
    0,
    0,
    0
  ],
  "killed_by": {
    "Spider": 44,
    "bot-55": 1,
    "bot-67": 3,
    "Wasp": 247,
    "Beetle": 62,
    "Hornet": 290,
    "Bee": 99,
    "bot-103": 1,
    "Mantis": 121,
    "bot-59": 1,
    "bot-119": 5,
    "Ladybug": 64,
    "bot-144": 4,
    "bot-147": 1,
    "bot-117": 3,
    "bot-33": 2,
    "blossom": 2,
    "bot-78": 2,
    "Evil Centipede": 16,
    "Sandstorm": 10,
    "bot-91": 3,
    "Desert Centipede": 6,
    "bot-62": 1,
    "Cactus": 80,
    "Centipede": 33,
    "Bush": 11,
    "Scorpion": 9,
    "bot-88": 8,
    "bot-83": 2,
    "bot-58": 3,
    "bot-52": 1,
    "bot-38": 2,
    "bot-68": 3,
    "not bot": 1,
    "Leafbug": 17,
    "bot-125": 1,
    "bot-64": 3,
    "bot-69": 1,
    "Soldier Ant": 3,
    "bot-132": 1,
    "bot-107": 1,
    "bot-26": 3,
    "bot-76": 2,
    "bot-82": 1,
    "bot-44": 1,
    "bot-42": 1,
    "bot-139": 1,
    "bot-80": 2,
    "bot-46": 4,
    "Rock": 15,
    "bot-113": 2,
    "bot-77": 1,
    "bot-135": 1,
    "root": 2,
    "bot-121": 3,
    "bot-131": 1,
    "bot-28": 4,
    "bot-22": 4,
    "bot-99": 1,
    "bot-30": 1,
    "bot-98": 1,
    "bot-141": 1,
    "rosie": 1,
    "bot-35": 1,
    "bot-47": 5,
    "bot-48": 2,
    "bot-54": 2,
    "bot-97": 2,
    "flower": 4,
    "bot-63": 1,
    "bot-94": 3,
    "bot-114": 2,
    "bot-142": 1,
    "bot-31": 1,
    "Worker Ant": 8,
    "bot-138": 2,
    "bot-41": 2,
    "bot-79": 2,
    "bot-149": 2,
    "bot-124": 1,
    "bot-89": 1,
    "thorny": 2,
    "bot-146": 3,
    "bot-140": 2,
    "bot-134": 2,
    "bot-112": 2,
    "bot-36": 2,
    "bot-71": 2,
    "bot-145": 1,
    "bot-133": 1,
    "bot-56": 1,
    "bot-108": 1,
    "bot-85": 1,
    "bot-32": 1,
    "bot-86": 1,
    "bot-84": 4,
    "hello": 1,
    "bot-102": 2,
    "petalpop": 1,
    "bot-87": 1,
    "bot-115": 1,
    "bot-72": 1,
    "bot-120": 1,
    "bot-90": 1,
    "bot-34": 1,
    "bot-40": 3,
    "prickly": 1,
    "bot-104": 2,
    "bloom": 1,
    "bot-73": 2,
    "bot-105": 1,
    "sussy": 1,
    "bot-109": 1
  },
  "loadout_history": {
    "0": 1115,
    "1": 943,
    "24": 10,
    "167": 4,
    "19": 5,
    "14": 21,
    "28": 4,
    "15": 12,
    "5": 28,
    "6": 9,
    "10": 14,
    "18": 4,
    "7": 3,
    "26": 4,
    "9": 12,
    "16": 5,
    "79": 5,
    "51": 2,
    "8": 6,
    "83": 3,
    "32": 2,
    "11": 3,
    "35": 4,
    "94": 1,
    "25": 6,
    "58": 2,
    "49": 2,
    "13": 3,
    "34": 3,
    "176": 2,
    "86": 2,
    "29": 1,
    "37": 2,
    "12": 4,
    "27": 2,
    "20": 3,
    "180": 1,
    "137": 1,
    "60": 1,
    "17": 1,
    "101": 1,
    "55": 1,
    "36": 1
  }
}