{
  "schema": 1,
  "name": "bot-irod",
  "first_seen": 1778210956.873387,
  "last_seen": 1778211780.49004,
  "episodes": 22,
  "score_total": 1006,
  "score_best": 113,
  "best_loadout": [
    0,
    14,
    11,
    0,
    9
  ],
  "killed_by": {
    "Hornet": 18,
    "bot-hpuv": 1,
    "bot-smaj": 1,
    "Bee": 1
  },
  "loadout_history": {
    "0": 19,
    "1": 16,
    "36": 1,
    "10": 2,
    "39": 1,
    "5": 1,
    "24": 1,
    "17": 1,
    "14": 2,
    "9": 3,
    "11": 1
  }
}