{
  "schema": 1,
  "name": "bot-105",
  "first_seen": 1778364740.783486,
  "last_seen": 1778713224.8435001,
  "episodes": 1244,
  "score_total": 215548,
  "score_best": 8114,
  "best_loadout": [
    0,
    0,
    0,
    0,
    0,
    0,
    0,
    0
  ],
  "killed_by": {
    "bot-312": 1,
    "Hornet": 286,
    "Beetle": 63,
    "bot-604": 1,
    "Worker Ant": 8,
    "Bee": 70,
    "Spider": 39,
    "Cactus": 76,
    "Desert Centipede": 9,
    "Evil Centipede": 22,
    "Soldier Ant": 5,
    "root": 2,
    "Scorpion": 7,
    "bot-401": 1,
    "not bot": 5,
    "Massive Beetle": 1,
    "bot-301": 1,
    "Wasp": 226,
    "Mantis": 114,
    "bot-26": 2,
    "Ladybug": 44,
    "Leafbug": 22,
    "bot": 1,
    "gardn": 3,
    "bot-55": 1,
    "Baby Ant": 1,
    "Centipede": 30,
    "Rock": 10,
    "bot-44": 1,
    "bot-135": 1,
    "Bush": 9,
    "bloom": 1,
    "bot-78": 2,
    "bot-116": 1,
    "bot-133": 1,
    "bot-31": 3,
    "bot-93": 1,
    "florrio": 1,
    "bot-104": 3,
    "zorr": 1,
    "bot-29": 3,
    "bot-99": 3,
    "bot-88": 2,
    "bot-46": 4,
    "bot-117": 4,
    "bot-60": 3,
    "bot-121": 9,
    "bot-125": 2,
    "bot-131": 3,
    "bot-90": 2,
    "bot-106": 4,
    "Sandstorm": 5,
    "bot-120": 3,
    "bot-87": 1,
    "bot-82": 1,
    "bot-73": 1,
    "bot-66": 4,
    "bot-79": 1,
    "bot-118": 3,
    "bot-95": 2,
    "bot-62": 1,
    "bot-22": 2,
    "bot-97": 1,
    "leafy": 1,
    "bot-91": 4,
    "flower": 5,
    "bot-139": 1,
    "bot-136": 1,
    "bot-35": 4,
    "bot-70": 1,
    "bot-128": 1,
    "bot-89": 3,
    "bloomy": 3,
    "bot-69": 1,
    "bot-61": 1,
    "bot-45": 7,
    "bot-134": 2,
    "bot-59": 1,
    "bot-124": 3,
    "bot-111": 5,
    "bot-58": 1,
    "bot-85": 2,
    "bot-76": 1,
    "bot-32": 1,
    "bot-149": 2,
    "bot-132": 1,
    "bot-96": 1,
    "bot-142": 2,
    "bot-101": 1,
    "bot-67": 1,
    "bot-122": 1,
    "bot-75": 1,
    "bot-51": 5,
    "bot-107": 1,
    "bot-64": 1,
    "bot-34": 1,
    "rosie": 1,
    "thornbloom": 2,
    "67": 2,
    "bot-28": 2,
    "bot-129": 1,
    "a": 1,
    "bot-103": 1,
    "bot-43": 1,
    "bot-81": 1,
    "bot-141": 1,
    "bot-102": 1,
    "bot-40": 1,
    "Ant Hole": 1,
    "prickly": 1,
    "bot-108": 1
  },
  "loadout_history": {
    "1": 870,
    "0": 1057,
    "63": 1,
    "9": 14,
    "40": 2,
    "29": 4,
    "25": 6,
    "18": 6,
    "14": 12,
    "24": 12,
    "28": 7,
    "167": 4,
    "6": 8,
    "52": 1,
    "34": 4,
    "10": 6,
    "16": 3,
    "116": 2,
    "11": 5,
    "19": 3,
    "15": 7,
    "5": 12,
    "20": 3,
    "23": 2,
    "38": 1,
    "17": 2,
    "147": 1,
    "21": 2,
    "33": 3,
    "7": 2,
    "36": 2,
    "12": 1,
    "22": 1,
    "79": 7,
    "51": 3,
    "182": 1,
    "135": 1,
    "35": 2,
    "30": 2,
    "84": 2,
    "49": 1,
    "32": 1,
    "26": 1,
    "58": 1,
    "83": 1,
    "8": 1,
    "180": 1
  }
}