{
  "schema": 1,
  "name": "bot-48",
  "first_seen": 1778543455.3588312,
  "last_seen": 1778552131.706594,
  "episodes": 45,
  "score_total": 4853,
  "score_best": 1181,
  "best_loadout": [
    0,
    0,
    0,
    0,
    0,
    0
  ],
  "killed_by": {
    "Beetle": 3,
    "Wasp": 10,
    "Hornet": 13,
    "Bush": 2,
    "bot-22": 1,
    "Mantis": 5,
    "Cactus": 5,
    "blossom": 1,
    "bot-141": 1,
    "Bee": 1
  },
  "loadout_history": {
    "0": 41,
    "1": 30,
    "5": 2,
    "116": 1,
    "18": 1,
    "167": 1,
    "16": 2,
    "10": 1,
    "14": 1,
    "46": 1,
    "9": 1,
    "15": 1,
    "48": 1,
    "19": 1
  }
}