{
  "schema": 1,
  "name": "bot-43",
  "first_seen": 1778543460.6414669,
  "last_seen": 1778624308.330286,
  "episodes": 477,
  "score_total": 75298,
  "score_best": 7813,
  "best_loadout": [
    0,
    0,
    0,
    0,
    0,
    0,
    0,
    0
  ],
  "killed_by": {
    "Spider": 19,
    "bot-55": 1,
    "bot-67": 1,
    "Wasp": 76,
    "Beetle": 20,
    "Hornet": 104,
    "Bee": 33,
    "bot-103": 1,
    "Mantis": 63,
    "bot-59": 1,
    "bot-119": 4,
    "Ladybug": 22,
    "bot-144": 2,
    "bot-147": 1,
    "bot-117": 1,
    "bot-33": 1,
    "blossom": 1,
    "bot-78": 1,
    "Evil Centipede": 6,
    "Sandstorm": 6,
    "bot-91": 1,
    "Desert Centipede": 3,
    "bot-62": 1,
    "Cactus": 23,
    "Centipede": 17,
    "Bush": 3,
    "Scorpion": 5,
    "bot-88": 3,
    "bot-83": 2,
    "bot-58": 2,
    "bot-52": 1,
    "bot-38": 2,
    "bot-68": 2,
    "not bot": 1,
    "Leafbug": 1,
    "bot-125": 1,
    "bot-64": 2,
    "bot-69": 1,
    "Soldier Ant": 1,
    "bot-132": 1,
    "bot-107": 1,
    "bot-26": 2,
    "bot-76": 1,
    "bot-82": 1,
    "bot-44": 1,
    "bot-42": 1,
    "bot-139": 1,
    "bot-80": 1,
    "bot-46": 3,
    "Rock": 3,
    "bot-113": 1,
    "bot-77": 1,
    "bot-135": 1,
    "root": 1,
    "bot-121": 3,
    "bot-131": 1,
    "bot-28": 1,
    "bot-22": 1,
    "bot-99": 1,
    "bot-30": 1,
    "bot-98": 1,
    "bot-141": 1,
    "rosie": 1,
    "bot-35": 1
  },
  "loadout_history": {
    "0": 415,
    "1": 309,
    "24": 6,
    "167": 2,
    "19": 3,
    "14": 3,
    "28": 3,
    "15": 5,
    "5": 9,
    "6": 3,
    "10": 6,
    "18": 3,
    "7": 2,
    "26": 3,
    "9": 3,
    "16": 2,
    "79": 1,
    "51": 1,
    "8": 4,
    "83": 3,
    "32": 1,
    "11": 1,
    "35": 2,
    "94": 1,
    "25": 1
  }
}