{
  "schema": 1,
  "name": "bot-47",
  "first_seen": 1778543142.586463,
  "last_seen": 1778624301.811472,
  "episodes": 443,
  "score_total": 45858,
  "score_best": 5273,
  "best_loadout": [
    0,
    0,
    0,
    1,
    0,
    0,
    0
  ],
  "killed_by": {
    "Worker Ant": 2,
    "Wasp": 61,
    "Bee": 38,
    "Hornet": 117,
    "Mantis": 46,
    "Cactus": 38,
    "Beetle": 12,
    "bot-125": 3,
    "Ladybug": 10,
    "Sandstorm": 9,
    "Spider": 11,
    "bot-62": 1,
    "bot-104": 2,
    "Evil Centipede": 6,
    "bot-97": 1,
    "bot-91": 1,
    "bot-29": 2,
    "bot-53": 1,
    "bot-77": 1,
    "Desert Centipede": 1,
    "Scorpion": 2,
    "bot-78": 2,
    "Rock": 2,
    "Centipede": 10,
    "bot-120": 1,
    "thorny": 1,
    "zorr": 1,
    "bot-129": 1,
    "bot-33": 1,
    "Leafbug": 3,
    "bot-118": 2,
    "bot-107": 2,
    "bot-80": 1,
    "thornbloom": 1,
    "bot-92": 2,
    "petalpop": 2,
    "bloomy": 1,
    "bot-40": 1,
    "prickly": 2,
    "bot-28": 1,
    "bot-95": 1,
    "bot-31": 2,
    "bot-147": 1,
    "bot-41": 1,
    "bot-85": 2,
    "bot-114": 8,
    "bot-115": 1,
    "bot-135": 1,
    "Bush": 4,
    "bot-138": 1,
    "bot-108": 1,
    "bot-48": 1,
    "bot-128": 1,
    "bot-68": 1,
    "bot-126": 1,
    "bot-142": 1,
    "67": 1,
    "bot-88": 1,
    "bot-69": 1
  },
  "loadout_history": {
    "0": 386,
    "1": 276,
    "35": 2,
    "5": 2,
    "33": 1,
    "14": 5,
    "34": 2,
    "49": 2,
    "28": 2,
    "11": 2,
    "7": 1,
    "167": 1,
    "25": 1,
    "6": 5,
    "9": 2,
    "39": 1,
    "15": 4,
    "10": 5,
    "17": 1,
    "93": 1,
    "29": 1,
    "18": 2,
    "23": 1,
    "16": 1,
    "58": 1,
    "19": 1,
    "79": 1,
    "26": 1
  }
}