{
  "schema": 1,
  "name": "bot-sqrk",
  "first_seen": 1778213081.218483,
  "last_seen": 1778213311.5706701,
  "episodes": 45,
  "score_total": 12746,
  "score_best": 5035,
  "best_loadout": [
    25,
    0,
    1,
    0,
    0,
    0,
    0
  ],
  "killed_by": {
    "blossom": 4,
    "Hornet": 15,
    "bot-ngyh": 2,
    "Scorpion": 2,
    "Spider": 4,
    "bot-madf": 1,
    "Soldier Ant": 1,
    "bot": 3,
    "Cactus": 2,
    "bot-apai": 2,
    "Bee": 6,
    "Rock": 3
  },
  "loadout_history": {
    "0": 30,
    "1": 38,
    "16": 2,
    "50": 2,
    "34": 6,
    "18": 2,
    "35": 1,
    "28": 3,
    "5": 12,
    "14": 7,
    "11": 1,
    "25": 2,
    "24": 1,
    "17": 1,
    "55": 1,
    "32": 1,
    "37": 1,
    "10": 1,
    "9": 4,
    "19": 2,
    "33": 1,
    "40": 1,
    "6": 1,
    "41": 1,
    "48": 1,
    "29": 1
  }
}