{
  "schema": 1,
  "name": "bot-33",
  "first_seen": 1778543101.679935,
  "last_seen": 1778553039.6739368,
  "episodes": 34,
  "score_total": 2926,
  "score_best": 1260,
  "best_loadout": [
    1,
    1,
    79,
    15,
    1,
    0
  ],
  "killed_by": {
    "Cactus": 2,
    "Mantis": 3,
    "Hornet": 11,
    "Wasp": 5,
    "Bee": 2,
    "bot-95": 1,
    "Rock": 1,
    "bot-148": 1
  },
  "loadout_history": {
    "0": 32,
    "1": 24,
    "5": 3,
    "14": 2,
    "15": 2,
    "79": 1
  }
}