{
  "schema": 1,
  "name": "bot-26",
  "first_seen": 1778543455.120498,
  "last_seen": 1778556775.070977,
  "episodes": 66,
  "score_total": 4621,
  "score_best": 368,
  "best_loadout": [
    29,
    5,
    1,
    0,
    49,
    0
  ],
  "killed_by": {
    "Hornet": 16,
    "Scorpion": 1,
    "Wasp": 14,
    "Beetle": 5,
    "Mantis": 3,
    "bot-114": 1,
    "bot-41": 1,
    "Cactus": 2,
    "Bee": 4,
    "bot-105": 1,
    "Sandstorm": 1,
    "Bush": 1,
    "bot-57": 1,
    "Ladybug": 1,
    "bot-101": 1,
    "Centipede": 1
  },
  "loadout_history": {
    "0": 60,
    "1": 46,
    "28": 1,
    "47": 1,
    "24": 6,
    "14": 2,
    "18": 4,
    "49": 2,
    "10": 1,
    "51": 1,
    "5": 8,
    "46": 2,
    "25": 1,
    "29": 3,
    "9": 3,
    "48": 1,
    "19": 1,
    "167": 2,
    "34": 1,
    "15": 1
  }
}