{
  "schema": 1,
  "name": "bot-95",
  "first_seen": 1778543125.823444,
  "last_seen": 1778556773.252445,
  "episodes": 63,
  "score_total": 4476,
  "score_best": 385,
  "best_loadout": [
    69,
    49,
    1,
    30,
    0,
    0
  ],
  "killed_by": {
    "Ladybug": 1,
    "Hornet": 15,
    "Sandstorm": 2,
    "Mantis": 6,
    "Beetle": 2,
    "hello": 1,
    "Wasp": 8,
    "bot-127": 1,
    "bot-59": 1,
    "Bee": 6,
    "bot-131": 2,
    "Evil Centipede": 1,
    "Cactus": 2,
    "Centipede": 1,
    "bot-46": 1,
    "bot-50": 1,
    "bot-126": 1,
    "Worker Ant": 1,
    "bot-55": 1
  },
  "loadout_history": {
    "1": 43,
    "14": 2,
    "0": 57,
    "19": 2,
    "24": 2,
    "46": 1,
    "28": 1,
    "16": 1,
    "33": 1,
    "5": 3,
    "79": 1,
    "69": 2,
    "49": 1,
    "30": 2,
    "15": 1,
    "9": 1,
    "10": 2,
    "25": 1,
    "51": 1,
    "18": 1
  }
}