{
  "schema": 1,
  "name": "bot-77",
  "first_seen": 1778543134.0063858,
  "last_seen": 1778623716.498026,
  "episodes": 444,
  "score_total": 67531,
  "score_best": 5397,
  "best_loadout": [
    0,
    1,
    1,
    0,
    1,
    0,
    0
  ],
  "killed_by": {
    "Wasp": 76,
    "Hornet": 114,
    "prickly": 1,
    "Beetle": 18,
    "Evil Centipede": 3,
    "Mantis": 34,
    "Bee": 31,
    "Ladybug": 20,
    "bot-85": 1,
    "root": 3,
    "Cactus": 22,
    "Spider": 10,
    "bot-101": 1,
    "bot-120": 3,
    "bot-100": 1,
    "bot-149": 1,
    "Rock": 4,
    "bot-67": 1,
    "bot-116": 1,
    "bot-27": 1,
    "bot-22": 1,
    "bot-24": 1,
    "Centipede": 14,
    "Worker Ant": 2,
    "bot-137": 2,
    "bot-55": 1,
    "bot-141": 1,
    "bot-62": 1,
    "Sandstorm": 7,
    "Desert Centipede": 4,
    "bot-133": 1,
    "Leafbug": 3,
    "bot-124": 1,
    "thorny": 2,
    "bot-142": 1,
    "bot-84": 2,
    "bot-35": 2,
    "bot-30": 2,
    "bot-88": 2,
    "bot-47": 1,
    "bot-33": 1,
    "Bush": 2,
    "bot-91": 1,
    "bot-130": 2,
    "bot-26": 1,
    "bot-78": 1,
    "bot-132": 7,
    "Scorpion": 3,
    "bot-93": 1,
    "thorn": 1,
    "bot-122": 1,
    "bot-140": 3,
    "bot-45": 1,
    "bot-81": 1,
    "bot-107": 1,
    "bot-135": 1,
    "bot-61": 1,
    "bot-57": 1,
    "bot-76": 1,
    "bot-131": 1,
    "bloom": 1,
    "zorr": 1,
    "bot": 1,
    "Soldier Ant": 1,
    "hello": 1,
    "bot-138": 1,
    "bot-129": 1,
    "bot-113": 1
  },
  "loadout_history": {
    "1": 293,
    "5": 8,
    "9": 4,
    "0": 387,
    "24": 8,
    "79": 1,
    "47": 1,
    "19": 1,
    "15": 3,
    "28": 4,
    "25": 4,
    "35": 2,
    "14": 6,
    "62": 1,
    "18": 3,
    "7": 1,
    "10": 2,
    "23": 1,
    "168": 1,
    "11": 1,
    "8": 1,
    "58": 1,
    "34": 2,
    "20": 2,
    "13": 1,
    "61": 1,
    "68": 1,
    "83": 1
  }
}