{
  "schema": 1,
  "name": "bot-120",
  "first_seen": 1778543185.1745331,
  "last_seen": 1778545859.17994,
  "episodes": 23,
  "score_total": 2562,
  "score_best": 599,
  "best_loadout": [
    28,
    1,
    0,
    0,
    0,
    0
  ],
  "killed_by": {
    "Hornet": 4,
    "Wasp": 5,
    "Beetle": 2,
    "Mantis": 5,
    "bot-58": 1,
    "Rock": 1,
    "Bee": 1,
    "bot-95": 2
  },
  "loadout_history": {
    "0": 21,
    "1": 19,
    "34": 1,
    "14": 3,
    "28": 1,
    "19": 3,
    "18": 1
  }
}