{
  "schema": 1,
  "name": "bot-124",
  "first_seen": 1778543499.70433,
  "last_seen": 1778713204.0720599,
  "episodes": 1129,
  "score_total": 220694,
  "score_best": 6033,
  "best_loadout": [
    0,
    0,
    0,
    0,
    0,
    0,
    0
  ],
  "killed_by": {
    "Hornet": 271,
    "Wasp": 190,
    "Mantis": 112,
    "Beetle": 32,
    "bot-52": 3,
    "bot-134": 3,
    "bot-30": 4,
    "Bee": 81,
    "Spider": 34,
    "bot-62": 1,
    "bot-56": 1,
    "bot-35": 2,
    "Centipede": 22,
    "Bush": 24,
    "bot-128": 2,
    "bot-43": 2,
    "Evil Centipede": 13,
    "bot-143": 1,
    "Ladybug": 62,
    "aa": 1,
    "bot-71": 6,
    "Cactus": 64,
    "Leafbug": 10,
    "bot-54": 2,
    "Desert Centipede": 11,
    "bot-27": 3,
    "Rock": 10,
    "Baby Ant": 1,
    "bot-99": 4,
    "bot-49": 1,
    "bot-29": 1,
    "bot-104": 3,
    "bot-105": 1,
    "bot-146": 2,
    "petalpop": 1,
    "blossom": 3,
    "bot-96": 1,
    "bot-26": 2,
    "Sandstorm": 15,
    "Worker Ant": 8,
    "bot-86": 1,
    "bot-122": 4,
    "bloom": 2,
    "bot-142": 2,
    "bot-57": 1,
    "bot-65": 2,
    "bot-98": 1,
    "florrio": 3,
    "leafy": 2,
    "bot-123": 2,
    "Soldier Ant": 1,
    "bot-97": 2,
    "bot-138": 1,
    "bot-136": 2,
    "bot-144": 3,
    "bot-119": 1,
    "bot-94": 2,
    "bot-114": 3,
    "bot-77": 2,
    "bot-131": 1,
    "a": 1,
    "bot-78": 3,
    "bot-33": 1,
    "bot-145": 2,
    "bot-70": 2,
    "bot-72": 4,
    "bot-47": 1,
    "bot-141": 1,
    "thorn": 2,
    "bot-135": 2,
    "bot-137": 2,
    "bot-64": 1,
    "bot-45": 1,
    "bot-102": 2,
    "bot-40": 1,
    "bot-107": 3,
    "gardn": 3,
    "bot-50": 1,
    "bot-127": 2,
    "bot-140": 2,
    "bot-120": 2,
    "bot-61": 1,
    "bot-121": 2,
    "bot-113": 1,
    "bot-83": 1,
    "thornbloom": 1,
    "bot-111": 1,
    "bot-37": 1,
    "bot-101": 1,
    "bot-91": 1,
    "bot-60": 1,
    "bot-48": 1,
    "bot-42": 1,
    "bot-118": 1,
    "bot-130": 1,
    "bot-129": 2,
    "bot-80": 1,
    "zorr": 1,
    "bot-41": 1,
    "bot-95": 1,
    "flower": 1,
    "bot-93": 1,
    "bot-139": 1,
    "bot-108": 1,
    "bot-22": 1,
    "bot-74": 1,
    "bot-55": 1,
    "bot-53": 1,
    "bot-89": 1,
    "bot-67": 1,
    "bot-69": 1,
    "not bot": 1
  },
  "loadout_history": {
    "0": 959,
    "1": 778,
    "24": 9,
    "35": 1,
    "9": 5,
    "28": 2,
    "167": 2,
    "46": 2,
    "26": 1,
    "34": 2,
    "14": 14,
    "32": 1,
    "10": 6,
    "6": 7,
    "83": 2,
    "19": 6,
    "92": 1,
    "29": 2,
    "16": 3,
    "25": 5,
    "182": 1,
    "12": 1,
    "15": 4,
    "160": 1,
    "108": 1,
    "5": 5,
    "116": 2,
    "7": 1,
    "18": 5,
    "79": 3,
    "51": 1,
    "30": 1,
    "54": 2,
    "49": 1,
    "21": 1,
    "20": 1,
    "23": 1,
    "58": 1,
    "17": 1,
    "38": 1
  }
}