{
  "schema": 1,
  "name": "bot-147",
  "first_seen": 1778543129.902696,
  "last_seen": 1779316390.9723608,
  "episodes": 1488,
  "score_total": 162415,
  "score_best": 5110,
  "best_loadout": [
    1,
    1,
    1,
    0,
    1,
    0,
    0
  ],
  "killed_by": {
    "Hornet": 377,
    "bot-50": 4,
    "Wasp": 288,
    "Centipede": 48,
    "Sandstorm": 13,
    "bot-139": 2,
    "Cactus": 89,
    "Scorpion": 3,
    "Rock": 7,
    "Mantis": 113,
    "Beetle": 74,
    "bot-57": 3,
    "bot-80": 2,
    "bot-94": 1,
    "bot-98": 2,
    "Bee": 92,
    "bot-37": 1,
    "Evil Centipede": 16,
    "bot-133": 3,
    "bot-149": 1,
    "bot-93": 3,
    "bot-22": 1,
    "Spider": 42,
    "Desert Centipede": 10,
    "Bush": 14,
    "bot-136": 3,
    "bot-74": 2,
    "Ladybug": 55,
    "bot-102": 1,
    "bot-82": 2,
    "bot-145": 1,
    "bot-112": 1,
    "Worker Ant": 6,
    "petalpop": 2,
    "bot-36": 1,
    "bot-35": 1,
    "bot": 8,
    "Leafbug": 16,
    "67": 1,
    "bot-23": 3,
    "bot-79": 1,
    "bot-73": 1,
    "bot-87": 3,
    "florrio": 2,
    "bot-70": 5,
    "hello": 4,
    "a": 2,
    "bot-92": 2,
    "bot-75": 2,
    "prickly": 1,
    "bot-114": 2,
    "bot-67": 3,
    "bot-24": 1,
    "bot-101": 3,
    "bot-49": 1,
    "bot-137": 2,
    "bot-120": 2,
    "bot-123": 2,
    "bot-56": 4,
    "root": 1,
    "bot-85": 4,
    "bot-128": 1,
    "bot-81": 1,
    "bot-110": 3,
    "bot-132": 1,
    "bot-29": 1,
    "thornbloom": 1,
    "bot-83": 3,
    "bot-28": 1,
    "bot-52": 1,
    "bot-106": 1,
    "aa": 3,
    "bot-31": 2,
    "bot-107": 2,
    "Baby Ant": 5,
    "bot-44": 1,
    "bot-100": 1,
    "bot-125": 1,
    "blossom": 2,
    "bot-60": 2,
    "bot-25": 2,
    "bot-109": 1,
    "bot-34": 1,
    "bot-66": 1,
    "bot-58": 1,
    "bot-142": 1,
    "bot-69": 3,
    "bot-126": 1,
    "bot-97": 2,
    "bot-68": 1,
    "bot-141": 1,
    "bot-41": 3,
    "bot-119": 2,
    "zorr": 6,
    "bot-96": 1,
    "bot-113": 3,
    "bot-103": 2,
    "Soldier Ant": 22,
    "bot-62": 1,
    "bot-104": 1,
    "bot-124": 3,
    "bot-76": 1,
    "bot-129": 1,
    "bot-40": 1,
    "bot-140": 1,
    "bot-30": 1,
    "bot-86": 1,
    "bot-108": 1,
    "flower": 2,
    "bot-146": 1,
    "bot-131": 1,
    "bot-51": 2,
    "bot-116": 1
  },
  "loadout_history": {
    "0": 1271,
    "1": 1035,
    "24": 32,
    "5": 30,
    "14": 31,
    "35": 4,
    "19": 8,
    "10": 5,
    "7": 2,
    "18": 13,
    "116": 2,
    "20": 2,
    "79": 4,
    "6": 12,
    "15": 18,
    "25": 5,
    "12": 8,
    "9": 8,
    "32": 1,
    "30": 2,
    "11": 5,
    "180": 2,
    "23": 4,
    "16": 5,
    "119": 1,
    "46": 3,
    "28": 7,
    "49": 2,
    "84": 1,
    "117": 2,
    "26": 1,
    "92": 2,
    "83": 1,
    "31": 1,
    "34": 5,
    "58": 1,
    "167": 2,
    "51": 1,
    "45": 2,
    "33": 1,
    "29": 2,
    "48": 3,
    "168": 2,
    "40": 4,
    "64": 1,
    "69": 2,
    "62": 1,
    "8": 1,
    "47": 1,
    "205": 1,
    "204": 1,
    "41": 1
  }
}