{
  "schema": 1,
  "name": "bot-96",
  "first_seen": 1778543115.258215,
  "last_seen": 1778552131.6662679,
  "episodes": 46,
  "score_total": 9617,
  "score_best": 5049,
  "best_loadout": [
    1,
    1,
    0,
    1,
    1,
    14,
    0
  ],
  "killed_by": {
    "Mantis": 5,
    "Beetle": 2,
    "Wasp": 7,
    "Cactus": 3,
    "Hornet": 10,
    "Evil Centipede": 5,
    "Ladybug": 1,
    "petalpop": 2,
    "bot-63": 1,
    "Leafbug": 1,
    "bot-67": 1,
    "Spider": 1,
    "bot-73": 1
  },
  "loadout_history": {
    "0": 42,
    "1": 36,
    "167": 3,
    "24": 1,
    "16": 1,
    "34": 1,
    "9": 1,
    "10": 1,
    "46": 1,
    "15": 1,
    "14": 1,
    "18": 1,
    "5": 2,
    "19": 1
  }
}