{
  "schema": 1,
  "name": "bot-100",
  "first_seen": 1778364740.804471,
  "last_seen": 1778624301.393538,
  "episodes": 577,
  "score_total": 71756,
  "score_best": 10089,
  "best_loadout": [
    0,
    0,
    0,
    0,
    0,
    0,
    0,
    0
  ],
  "killed_by": {
    "Hornet": 134,
    "Spider": 16,
    "Beetle": 27,
    "Cactus": 39,
    "Rock": 9,
    "Soldier Ant": 5,
    "Worker Ant": 2,
    "Evil Centipede": 6,
    "a": 1,
    "bot-602": 1,
    "Centipede": 27,
    "bot-203": 4,
    "Queen Ant": 1,
    "bot-304": 1,
    "Bee": 40,
    "bot-106": 2,
    "Sandstorm": 10,
    "Desert Centipede": 4,
    "Ladybug": 33,
    "Baby Ant": 3,
    "Wasp": 83,
    "Bush": 3,
    "Mantis": 39,
    "bot-115": 1,
    "bot-70": 1,
    "Leafbug": 8,
    "bot-118": 1,
    "florrio": 2,
    "Scorpion": 3,
    "hello": 1,
    "bot-43": 1,
    "bot-104": 2,
    "bot-41": 1,
    "bot-127": 1,
    "bot-28": 1,
    "bloom": 3,
    "bot-92": 1,
    "bot-53": 1,
    "bot-86": 2,
    "bot-67": 2,
    "not bot": 1,
    "bot-23": 1,
    "bot-58": 1,
    "aa": 2,
    "bot-76": 1,
    "bot-64": 1,
    "bot-148": 1,
    "bot-49": 1,
    "bot-90": 1,
    "bot-39": 2,
    "bot-73": 1,
    "bot-32": 1,
    "bot-26": 1,
    "bot-60": 1,
    "bot-66": 1,
    "root": 1,
    "bot-125": 4,
    "bot-99": 1,
    "rosie": 1,
    "bot-131": 1,
    "petalpop": 5,
    "bot-108": 1,
    "bot-110": 2,
    "bot-83": 1,
    "bot-29": 1,
    "bot-139": 1,
    "67": 1,
    "bot-69": 1
  },
  "loadout_history": {
    "0": 498,
    "1": 408,
    "10": 4,
    "18": 5,
    "15": 6,
    "40": 1,
    "5": 5,
    "14": 7,
    "20": 2,
    "48": 2,
    "28": 5,
    "167": 4,
    "69": 1,
    "39": 1,
    "35": 1,
    "24": 6,
    "49": 2,
    "9": 2,
    "79": 1,
    "29": 1,
    "45": 1,
    "11": 1,
    "25": 4,
    "6": 3,
    "68": 1,
    "51": 1,
    "83": 2,
    "8": 1,
    "37": 1,
    "137": 1,
    "19": 2,
    "17": 1,
    "7": 1
  }
}