{
  "schema": 1,
  "name": "bot-57",
  "first_seen": 1778543102.961463,
  "last_seen": 1778552131.698876,
  "episodes": 50,
  "score_total": 3018,
  "score_best": 261,
  "best_loadout": [
    0,
    0,
    0,
    1,
    0,
    0
  ],
  "killed_by": {
    "Desert Centipede": 1,
    "Hornet": 17,
    "Spider": 2,
    "Wasp": 10,
    "bot-144": 1,
    "Evil Centipede": 5,
    "Leafbug": 1,
    "Cactus": 4,
    "bot-119": 1,
    "Mantis": 1,
    "bot-101": 1,
    "Beetle": 1
  },
  "loadout_history": {
    "0": 45,
    "1": 39,
    "14": 3,
    "167": 2,
    "20": 1,
    "46": 1,
    "24": 3,
    "10": 2,
    "19": 1,
    "34": 1,
    "5": 1,
    "11": 1,
    "181": 1
  }
}