{
  "schema": 1,
  "name": "bot-99",
  "first_seen": 1778543502.017312,
  "last_seen": 1778731963.265214,
  "episodes": 1251,
  "score_total": 140042,
  "score_best": 5520,
  "best_loadout": [
    1,
    0,
    0,
    0,
    0,
    0,
    0
  ],
  "killed_by": {
    "Hornet": 308,
    "Beetle": 38,
    "bot-122": 4,
    "Cactus": 73,
    "Mantis": 123,
    "Wasp": 210,
    "gardn": 3,
    "rosie": 1,
    "Desert Centipede": 11,
    "Ladybug": 56,
    "Bee": 92,
    "Sandstorm": 16,
    "bot-95": 2,
    "bot-128": 3,
    "bot-50": 1,
    "bot-91": 3,
    "bot-53": 2,
    "bot-52": 2,
    "bot-61": 1,
    "not bot": 6,
    "bot-60": 3,
    "Bush": 12,
    "Centipede": 26,
    "blossom": 2,
    "Spider": 40,
    "bot-100": 2,
    "bot-40": 2,
    "bot-109": 1,
    "Rock": 14,
    "bot-147": 2,
    "bot-136": 1,
    "bot-113": 1,
    "bot-126": 2,
    "bot-115": 1,
    "bot-120": 1,
    "bot-90": 3,
    "Evil Centipede": 9,
    "Worker Ant": 4,
    "bot-119": 2,
    "bot-107": 1,
    "bot-79": 9,
    "bot-68": 2,
    "bot-111": 2,
    "bot-56": 1,
    "bot-74": 1,
    "bot-137": 1,
    "bot-135": 2,
    "bot-101": 1,
    "bot-97": 1,
    "bot-83": 1,
    "bot-67": 2,
    "bot-34": 2,
    "bot-46": 2,
    "Scorpion": 7,
    "bot-138": 3,
    "blossom-v2": 2,
    "Leafbug": 19,
    "bot-112": 4,
    "bot-139": 2,
    "bot-121": 1,
    "bloom": 1,
    "bot-31": 5,
    "bot-30": 2,
    "bot-127": 1,
    "zorr": 2,
    "bot-35": 4,
    "bot-96": 1,
    "bot-141": 3,
    "bot-124": 1,
    "hello": 2,
    "Soldier Ant": 1,
    "bot-106": 3,
    "bot-88": 1,
    "bot-62": 4,
    "Queen Ant": 1,
    "bot-92": 2,
    "bot-123": 2,
    "bot-81": 2,
    "bot-41": 2,
    "bot-72": 2,
    "bot-118": 1,
    "bot-102": 1,
    "bot-144": 1,
    "bot-42": 2,
    "prickly": 1,
    "bot-45": 1,
    "bot-39": 1,
    "bot-148": 5,
    "thorny": 2,
    "bot-25": 1,
    "bot-26": 1,
    "bot-125": 2,
    "bot-54": 2,
    "bot-24": 1,
    "bot-58": 1,
    "florrio": 1,
    "bot-143": 1,
    "bot-28": 1,
    "bot-149": 1,
    "root": 1,
    "Ant Hole": 1,
    "bot-145": 1,
    "thorn": 1,
    "petalpop": 1,
    "bot-57": 1,
    "bot-80": 2,
    "bot-32": 1,
    "bot-27": 1,
    "bot-38": 3,
    "bot-142": 1,
    "bot-48": 1,
    "bot-36": 1,
    "Massive Beetle": 1,
    "bot-37": 1,
    "bot-55": 1
  },
  "loadout_history": {
    "0": 1067,
    "1": 876,
    "14": 10,
    "34": 5,
    "20": 2,
    "79": 2,
    "5": 22,
    "9": 9,
    "49": 5,
    "117": 1,
    "28": 4,
    "10": 8,
    "15": 21,
    "24": 13,
    "55": 1,
    "7": 5,
    "29": 2,
    "25": 7,
    "18": 11,
    "13": 2,
    "167": 4,
    "35": 3,
    "6": 7,
    "92": 1,
    "8": 1,
    "168": 1,
    "48": 2,
    "69": 1,
    "51": 2,
    "180": 1,
    "26": 2,
    "19": 6,
    "58": 1,
    "12": 1,
    "56": 1,
    "38": 1,
    "54": 1,
    "89": 1,
    "137": 1,
    "37": 1,
    "97": 1,
    "181": 1,
    "84": 1,
    "16": 1,
    "60": 1,
    "11": 2,
    "116": 1
  }
}