{
  "schema": 1,
  "name": "bot-78",
  "first_seen": 1778543550.690562,
  "last_seen": 1779316400.777596,
  "episodes": 1413,
  "score_total": 245723,
  "score_best": 8094,
  "best_loadout": [
    0,
    0,
    0,
    0,
    0,
    0,
    0,
    0
  ],
  "killed_by": {
    "Hornet": 334,
    "Ladybug": 64,
    "Wasp": 238,
    "Cactus": 105,
    "Bee": 100,
    "Mantis": 105,
    "bot-58": 4,
    "Beetle": 69,
    "bot-97": 2,
    "Evil Centipede": 28,
    "bot-29": 1,
    "Bush": 24,
    "florrio": 1,
    "bot-125": 2,
    "rosie": 1,
    "bot-130": 3,
    "bot-37": 2,
    "Spider": 31,
    "Sandstorm": 13,
    "bot-82": 1,
    "Centipede": 38,
    "bot-65": 1,
    "Leafbug": 29,
    "blossom": 3,
    "bot-123": 4,
    "Desert Centipede": 5,
    "bot-118": 2,
    "a": 1,
    "thornbloom": 2,
    "bot-34": 4,
    "Worker Ant": 4,
    "thorny": 3,
    "bot-33": 4,
    "bot-39": 1,
    "bot-26": 6,
    "not bot": 2,
    "bot-56": 1,
    "thorn": 3,
    "bot-96": 1,
    "bot-148": 1,
    "bot-32": 4,
    "Rock": 13,
    "bot-94": 1,
    "bot-127": 1,
    "bot-51": 1,
    "bot-100": 1,
    "bot-103": 1,
    "bot-55": 1,
    "bot-124": 1,
    "Baby Ant": 1,
    "bot-141": 2,
    "bot-23": 5,
    "bot-117": 6,
    "bot-45": 2,
    "bot-112": 2,
    "bot-92": 3,
    "bot-137": 5,
    "bot-44": 2,
    "bot-86": 1,
    "bot-88": 2,
    "bot-95": 8,
    "bot-129": 2,
    "bloom": 2,
    "bot-101": 3,
    "Scorpion": 9,
    "bot-38": 2,
    "aa": 1,
    "bot-77": 8,
    "bot-113": 1,
    "bot-83": 1,
    "bot-43": 1,
    "bot-48": 1,
    "bot-42": 2,
    "bot-72": 2,
    "bot-128": 2,
    "bot-28": 1,
    "bot-68": 2,
    "bot-126": 1,
    "bot-25": 3,
    "bot-115": 2,
    "prickly": 2,
    "bot-146": 2,
    "bot-109": 1,
    "bot-22": 2,
    "bot-142": 1,
    "bot-89": 1,
    "bot-40": 4,
    "bot-140": 1,
    "bot-87": 1,
    "bot-76": 1,
    "bot-49": 1,
    "bot-85": 1,
    "bot-57": 1,
    "bot-131": 1,
    "bot-136": 3,
    "bot-145": 1,
    "bot-147": 1,
    "bot-27": 1,
    "flower": 2,
    "root": 1,
    "bot-74": 1,
    "bot-66": 1,
    "bot-114": 1,
    "bot-98": 1,
    "bot": 2,
    "bot-111": 2,
    "bot-79": 1,
    "bot-52": 1,
    "bot-70": 1,
    "bot-93": 2
  },
  "loadout_history": {
    "0": 1205,
    "1": 1002,
    "14": 25,
    "29": 5,
    "6": 8,
    "5": 13,
    "15": 13,
    "19": 5,
    "10": 8,
    "7": 9,
    "51": 1,
    "18": 8,
    "167": 4,
    "16": 3,
    "9": 8,
    "92": 1,
    "25": 8,
    "24": 21,
    "11": 1,
    "84": 2,
    "135": 1,
    "93": 1,
    "35": 3,
    "116": 4,
    "46": 4,
    "64": 1,
    "79": 6,
    "39": 3,
    "30": 1,
    "20": 1,
    "107": 1,
    "12": 3,
    "32": 1,
    "58": 1,
    "33": 1,
    "118": 1,
    "26": 1,
    "22": 1,
    "95": 1,
    "61": 1,
    "21": 4,
    "60": 2,
    "147": 1,
    "27": 1,
    "48": 2,
    "17": 2,
    "176": 1,
    "99": 1,
    "123": 1,
    "13": 1,
    "180": 1,
    "34": 6,
    "28": 3,
    "50": 2,
    "168": 1,
    "40": 1,
    "204": 2,
    "41": 2,
    "69": 1,
    "23": 1
  }
}