{
  "schema": 1,
  "name": "bot-86",
  "first_seen": 1778543504.339007,
  "last_seen": 1779316401.812636,
  "episodes": 1420,
  "score_total": 204233,
  "score_best": 6531,
  "best_loadout": [
    0,
    1,
    0,
    0,
    0,
    0,
    0,
    0
  ],
  "killed_by": {
    "Hornet": 353,
    "Wasp": 252,
    "Spider": 51,
    "Beetle": 72,
    "Mantis": 118,
    "Leafbug": 25,
    "bot-119": 2,
    "root": 1,
    "bot-106": 2,
    "bot-140": 4,
    "Bee": 88,
    "bot-79": 1,
    "zorr": 1,
    "bot-39": 3,
    "bot-146": 1,
    "bot-46": 3,
    "bot-32": 1,
    "Ladybug": 50,
    "Centipede": 39,
    "Scorpion": 16,
    "Evil Centipede": 14,
    "bot-102": 3,
    "Cactus": 82,
    "bot-41": 1,
    "bot-143": 2,
    "bot-60": 1,
    "bot-27": 3,
    "bot-34": 1,
    "Desert Centipede": 7,
    "bot-109": 1,
    "Sandstorm": 12,
    "bot-147": 3,
    "67": 4,
    "blossom-v2": 2,
    "bot-116": 2,
    "Rock": 13,
    "Bush": 13,
    "bot-54": 2,
    "bot-93": 5,
    "bot-45": 1,
    "bot-122": 3,
    "bot-87": 1,
    "bot-137": 1,
    "Baby Ant": 5,
    "bot-148": 3,
    "bot-57": 3,
    "bot-70": 1,
    "bot-47": 6,
    "bot-22": 4,
    "bot-30": 1,
    "bot-33": 1,
    "bot-31": 3,
    "bot-139": 2,
    "gardn": 1,
    "bot-85": 1,
    "bot-127": 1,
    "Worker Ant": 5,
    "bot-101": 2,
    "flower": 1,
    "bot-134": 2,
    "bot-128": 1,
    "bot-24": 1,
    "leafy": 2,
    "bot-103": 3,
    "bot-55": 1,
    "bot-63": 1,
    "bot-38": 2,
    "bot-114": 4,
    "bot-133": 2,
    "bot-141": 2,
    "bot-136": 3,
    "bot-117": 3,
    "bot-89": 2,
    "bot-77": 3,
    "bot-88": 2,
    "bloom": 2,
    "bot-68": 1,
    "bot-81": 2,
    "bot-108": 1,
    "bot-73": 1,
    "bot-84": 2,
    "bot-107": 3,
    "bot-123": 1,
    "bot-62": 3,
    "bot-72": 5,
    "bot-113": 1,
    "bot-90": 1,
    "hello": 1,
    "bot-50": 2,
    "bot-112": 2,
    "bot-95": 1,
    "bot-126": 1,
    "bot-40": 2,
    "bot-130": 1,
    "bot-43": 2,
    "bot-132": 1,
    "bot-74": 1,
    "bot-94": 1,
    "bot-105": 2,
    "bot-51": 1,
    "bot-115": 1,
    "bot-56": 2,
    "bot-149": 1,
    "bot-59": 2,
    "bot-28": 2,
    "bot-58": 2,
    "bot-29": 1,
    "bot-144": 2,
    "bot-53": 1,
    "bot-67": 1,
    "bot-35": 1,
    "bot-135": 1,
    "bot-48": 1,
    "bot-42": 3,
    "bot-97": 2,
    "Soldier Ant": 1,
    "Boulder": 1,
    "bot-75": 1,
    "bot-69": 2
  },
  "loadout_history": {
    "0": 1232,
    "9": 17,
    "1": 990,
    "14": 24,
    "48": 2,
    "23": 1,
    "24": 17,
    "175": 1,
    "19": 7,
    "5": 21,
    "10": 11,
    "6": 12,
    "12": 1,
    "15": 12,
    "34": 5,
    "35": 4,
    "27": 1,
    "118": 2,
    "22": 1,
    "51": 3,
    "11": 4,
    "58": 2,
    "123": 1,
    "26": 3,
    "79": 5,
    "7": 3,
    "49": 1,
    "28": 6,
    "25": 5,
    "13": 2,
    "8": 1,
    "54": 1,
    "16": 4,
    "29": 1,
    "20": 1,
    "135": 1,
    "33": 1,
    "18": 6,
    "167": 1,
    "204": 1,
    "116": 3,
    "69": 1,
    "41": 4,
    "206": 1,
    "30": 2,
    "40": 2,
    "46": 3,
    "205": 1,
    "168": 1
  }
}