{
  "schema": 1,
  "name": "bot-64",
  "first_seen": 1778543168.082931,
  "last_seen": 1778718296.105685,
  "episodes": 1289,
  "score_total": 247865,
  "score_best": 5594,
  "best_loadout": [
    0,
    1,
    1,
    1,
    1,
    0,
    0
  ],
  "killed_by": {
    "Hornet": 298,
    "Wasp": 228,
    "Scorpion": 6,
    "bot-27": 3,
    "Cactus": 86,
    "Bush": 12,
    "bot-42": 2,
    "Mantis": 94,
    "Bee": 112,
    "Ladybug": 62,
    "Evil Centipede": 19,
    "Beetle": 50,
    "leafy": 4,
    "Desert Centipede": 7,
    "bot-93": 1,
    "bot-110": 3,
    "bot-112": 3,
    "Spider": 39,
    "bot-116": 2,
    "bot-143": 1,
    "Baby Ant": 2,
    "Centipede": 38,
    "bot-77": 5,
    "bot-105": 3,
    "bot-31": 2,
    "aa": 1,
    "Rock": 15,
    "bot-115": 1,
    "Leafbug": 12,
    "bot-124": 1,
    "bot-69": 2,
    "bot-128": 4,
    "root": 1,
    "bot-81": 4,
    "bot-22": 1,
    "bot-40": 1,
    "bot-86": 1,
    "bot-84": 1,
    "bot-60": 3,
    "Sandstorm": 15,
    "bot-24": 3,
    "bot-148": 2,
    "a": 1,
    "bot-68": 6,
    "bot-46": 1,
    "bot-29": 1,
    "bot-132": 2,
    "bot-111": 2,
    "bot-130": 2,
    "bot-137": 3,
    "bot-126": 1,
    "flower": 1,
    "bot-55": 1,
    "bot-139": 1,
    "bot-100": 2,
    "bot-61": 4,
    "bot-135": 1,
    "bot-35": 2,
    "bot-74": 2,
    "bot-78": 1,
    "67": 1,
    "bot-129": 2,
    "Worker Ant": 6,
    "bot-67": 2,
    "bot-122": 1,
    "bot-127": 1,
    "bot-103": 1,
    "bot-106": 2,
    "bot-95": 1,
    "bot-101": 1,
    "bot-123": 2,
    "bot-53": 2,
    "gardn": 2,
    "bot-102": 2,
    "bot-80": 2,
    "thornbloom": 2,
    "thorny": 2,
    "bot-83": 4,
    "bot-91": 2,
    "bot-56": 4,
    "bot-117": 2,
    "bot-119": 3,
    "Soldier Ant": 4,
    "bot-120": 1,
    "hello": 3,
    "bot-54": 2,
    "bot-88": 1,
    "bot-118": 2,
    "bot-58": 1,
    "bot-109": 1,
    "bot-149": 1,
    "bot": 1,
    "blossom-v2": 1,
    "bot-134": 1,
    "bloomy": 1,
    "bot-141": 1,
    "bot-113": 2,
    "bot-138": 1,
    "bot-44": 2,
    "bot-131": 1,
    "bot-104": 1,
    "bot-48": 2,
    "bot-34": 1,
    "bot-121": 1,
    "bot-92": 1,
    "bot-85": 1,
    "bot-133": 1,
    "blossom": 1,
    "bot-72": 1,
    "bot-30": 1,
    "bot-96": 1,
    "sussy": 1,
    "prickly": 1,
    "bot-41": 1
  },
  "loadout_history": {
    "0": 1081,
    "1": 931,
    "14": 22,
    "167": 2,
    "15": 11,
    "116": 3,
    "5": 21,
    "9": 17,
    "49": 3,
    "18": 6,
    "10": 14,
    "6": 17,
    "7": 7,
    "51": 4,
    "79": 3,
    "25": 4,
    "30": 2,
    "26": 2,
    "21": 1,
    "20": 7,
    "11": 3,
    "17": 1,
    "24": 10,
    "16": 8,
    "58": 3,
    "180": 2,
    "35": 4,
    "19": 9,
    "112": 1,
    "56": 2,
    "59": 1,
    "60": 1,
    "8": 1,
    "89": 2,
    "83": 2,
    "45": 1,
    "33": 1,
    "28": 2,
    "37": 2,
    "97": 1,
    "22": 1,
    "29": 2,
    "118": 1,
    "84": 1,
    "34": 1,
    "160": 1
  }
}