{
  "schema": 1,
  "name": "bot-25",
  "first_seen": 1778543109.5578072,
  "last_seen": 1779316719.6574762,
  "episodes": 1545,
  "score_total": 259236,
  "score_best": 10264,
  "best_loadout": [
    0,
    1,
    0,
    1,
    0,
    0,
    0,
    0
  ],
  "killed_by": {
    "Hornet": 390,
    "Wasp": 276,
    "Scorpion": 13,
    "Evil Centipede": 28,
    "Sandstorm": 17,
    "Bee": 76,
    "bot-39": 2,
    "Cactus": 86,
    "Beetle": 91,
    "Leafbug": 17,
    "bot-124": 6,
    "Mantis": 129,
    "bot-58": 2,
    "bot-133": 1,
    "bot-72": 1,
    "bot-114": 1,
    "Ladybug": 84,
    "Spider": 43,
    "Rock": 11,
    "bot-76": 2,
    "thorny": 3,
    "bot-96": 3,
    "bot-55": 3,
    "bot-117": 1,
    "bot-84": 4,
    "bot-57": 1,
    "Bush": 17,
    "Centipede": 37,
    "rosie": 3,
    "leafy": 1,
    "bot-36": 1,
    "bot-105": 1,
    "bot-101": 5,
    "bot-139": 2,
    "bot-79": 1,
    "bot-68": 1,
    "bot-77": 2,
    "bot-111": 2,
    "Desert Centipede": 8,
    "bot-104": 3,
    "bot-50": 2,
    "bot-37": 2,
    "bot-86": 1,
    "bot-48": 8,
    "bot-109": 1,
    "bot-43": 1,
    "bot-49": 2,
    "bot-135": 1,
    "bot-60": 2,
    "bot-93": 1,
    "bot-140": 1,
    "bot-98": 1,
    "bot-74": 3,
    "bot-45": 1,
    "bot-127": 1,
    "bot-125": 1,
    "Soldier Ant": 3,
    "bot-28": 1,
    "bot-144": 6,
    "bot-123": 1,
    "bot-138": 2,
    "bloom": 2,
    "aa": 1,
    "bot-113": 2,
    "bot-41": 1,
    "bot-33": 1,
    "bot-29": 1,
    "bot-87": 2,
    "Baby Ant": 2,
    "bot-103": 2,
    "bot-106": 2,
    "bot-85": 1,
    "bot-40": 10,
    "bot-146": 4,
    "bot-56": 2,
    "bot-35": 2,
    "bot-92": 2,
    "bot-59": 2,
    "bot-90": 1,
    "bot-121": 2,
    "Worker Ant": 5,
    "bot-148": 2,
    "bot-66": 2,
    "67": 4,
    "bot-70": 1,
    "gardn": 2,
    "bot-89": 1,
    "bot-26": 1,
    "blossom": 2,
    "not bot": 1,
    "bot-129": 1,
    "bot-107": 2,
    "zorr": 1,
    "bot-120": 1,
    "bot-88": 4,
    "a": 1,
    "bot-149": 2,
    "bot-73": 1,
    "bot-78": 1,
    "bot-23": 1,
    "bot-97": 1,
    "bot-132": 1,
    "bot-147": 1,
    "bot-141": 1,
    "bot-38": 1,
    "bot-27": 1,
    "bot-42": 1,
    "bot-52": 1,
    "Queen Ant": 1,
    "bot-122": 2,
    "bot-130": 1,
    "bot-75": 1,
    "bot-126": 1,
    "bot-32": 1,
    "bot-118": 1,
    "bot-91": 7
  },
  "loadout_history": {
    "0": 1327,
    "1": 1120,
    "5": 14,
    "28": 12,
    "21": 2,
    "14": 33,
    "29": 6,
    "19": 4,
    "25": 7,
    "15": 20,
    "117": 1,
    "24": 17,
    "6": 13,
    "20": 5,
    "116": 1,
    "35": 6,
    "34": 11,
    "49": 2,
    "16": 2,
    "17": 1,
    "62": 2,
    "8": 3,
    "61": 1,
    "51": 4,
    "18": 16,
    "12": 1,
    "9": 16,
    "7": 6,
    "120": 1,
    "83": 1,
    "92": 1,
    "181": 1,
    "26": 3,
    "37": 1,
    "13": 1,
    "182": 1,
    "180": 1,
    "11": 3,
    "10": 3,
    "23": 2,
    "160": 1,
    "60": 1,
    "58": 1,
    "69": 2,
    "86": 1,
    "167": 1,
    "40": 2,
    "39": 1,
    "205": 1,
    "33": 1,
    "32": 1,
    "168": 1
  }
}