{
  "schema": 1,
  "name": "bot-38",
  "first_seen": 1778543153.680154,
  "last_seen": 1778623920.8341272,
  "episodes": 461,
  "score_total": 50909,
  "score_best": 5034,
  "best_loadout": [
    0,
    0,
    0,
    0,
    0,
    0,
    0
  ],
  "killed_by": {
    "Hornet": 95,
    "Mantis": 45,
    "Bee": 39,
    "Beetle": 14,
    "Centipede": 18,
    "Ladybug": 22,
    "bot-24": 3,
    "bot-107": 2,
    "Wasp": 79,
    "Cactus": 31,
    "bot-143": 1,
    "bot-60": 2,
    "bloomy": 1,
    "not bot": 1,
    "bot-124": 1,
    "bot-58": 1,
    "Sandstorm": 5,
    "bot-59": 2,
    "Leafbug": 5,
    "Spider": 16,
    "Worker Ant": 1,
    "bot-42": 1,
    "Bush": 6,
    "bot-85": 1,
    "bot-118": 3,
    "bot-96": 1,
    "Rock": 7,
    "Desert Centipede": 2,
    "Scorpion": 1,
    "bot-43": 4,
    "blossom-v2": 1,
    "bot-48": 2,
    "bot-64": 1,
    "bot-73": 1,
    "Baby Ant": 1,
    "bot-132": 1,
    "bot-99": 2,
    "bot-149": 1,
    "bot-109": 1,
    "Evil Centipede": 4,
    "bot-102": 1,
    "bot-127": 1,
    "bot-76": 5,
    "bot-125": 1,
    "gardn": 1,
    "bot-68": 2,
    "rosie": 1,
    "bot-49": 1,
    "bot-98": 1,
    "bot-91": 1,
    "bot-88": 1,
    "bot-116": 1,
    "bot-65": 1,
    "bot-83": 1,
    "bot-94": 1,
    "petalpop": 1,
    "bot-146": 1,
    "bot-54": 1,
    "bot-128": 1,
    "Soldier Ant": 1,
    "bot-90": 1,
    "bot-77": 1
  },
  "loadout_history": {
    "0": 398,
    "1": 296,
    "9": 9,
    "5": 10,
    "19": 2,
    "15": 2,
    "24": 3,
    "14": 9,
    "34": 4,
    "181": 1,
    "79": 2,
    "18": 1,
    "10": 4,
    "205": 1,
    "83": 1,
    "7": 2,
    "28": 1,
    "21": 1,
    "46": 1,
    "20": 1,
    "25": 1,
    "97": 1,
    "33": 1
  }
}