{
  "schema": 1,
  "name": "bot-130",
  "first_seen": 1778543146.9524028,
  "last_seen": 1778556782.489984,
  "episodes": 49,
  "score_total": 5382,
  "score_best": 1076,
  "best_loadout": [
    1,
    0,
    14,
    1,
    1,
    30
  ],
  "killed_by": {
    "Wasp": 8,
    "Evil Centipede": 1,
    "bot-124": 1,
    "Hornet": 14,
    "Beetle": 4,
    "Mantis": 4,
    "bot-88": 1,
    "Cactus": 1,
    "bot-33": 1,
    "bot-44": 1,
    "Spider": 1,
    "Baby Ant": 1,
    "bot-121": 1,
    "Sandstorm": 1,
    "bot-126": 1,
    "Desert Centipede": 1
  },
  "loadout_history": {
    "1": 32,
    "0": 47,
    "14": 3,
    "30": 1,
    "7": 1,
    "25": 2,
    "15": 1,
    "49": 1,
    "33": 1,
    "10": 1,
    "47": 1,
    "29": 1,
    "79": 1,
    "48": 2,
    "6": 1,
    "32": 1,
    "167": 1,
    "9": 1,
    "28": 1
  }
}