{
  "schema": 1,
  "name": "bot-88",
  "first_seen": 1778543147.864508,
  "last_seen": 1778638830.259308,
  "episodes": 561,
  "score_total": 88655,
  "score_best": 5306,
  "best_loadout": [
    0,
    0,
    0,
    0,
    0,
    0,
    0
  ],
  "killed_by": {
    "Hornet": 122,
    "Mantis": 42,
    "bot-135": 1,
    "Evil Centipede": 5,
    "Ladybug": 22,
    "bot-109": 1,
    "Bee": 42,
    "bot-61": 1,
    "Wasp": 122,
    "bot-149": 1,
    "Beetle": 23,
    "Sandstorm": 6,
    "bot-132": 1,
    "bot-139": 1,
    "Cactus": 24,
    "bot-72": 1,
    "bot-76": 3,
    "bot-53": 1,
    "bot-24": 2,
    "bot-141": 1,
    "bot-29": 2,
    "blossom-v2": 2,
    "Spider": 21,
    "petalpop": 1,
    "Bush": 3,
    "Centipede": 16,
    "gardn": 1,
    "Leafbug": 10,
    "bot-128": 1,
    "bot-42": 1,
    "bot-78": 2,
    "bot-119": 1,
    "bot-94": 3,
    "bot-52": 2,
    "bot-73": 1,
    "Desert Centipede": 3,
    "bot-50": 1,
    "Scorpion": 2,
    "bot-47": 1,
    "bot-148": 2,
    "Rock": 3,
    "bot-34": 1,
    "bot-130": 1,
    "bot-143": 1,
    "bot-45": 1,
    "leafy": 1,
    "bot-142": 1,
    "bot-108": 2,
    "bot-117": 2,
    "bot-100": 2,
    "bot-122": 2,
    "bot-134": 1,
    "bot-85": 1,
    "bot-82": 1,
    "bot-111": 1,
    "not bot": 1,
    "bot-54": 2,
    "bot-118": 2,
    "bot-64": 1,
    "bot-74": 2,
    "Worker Ant": 4,
    "bot-102": 3,
    "bot-83": 1,
    "bot-69": 3,
    "Baby Ant": 1,
    "bot-124": 1,
    "bot-96": 1,
    "bot-40": 2,
    "bot-28": 1,
    "bot-32": 1,
    "thornbloom": 1,
    "bot-27": 2,
    "bot-46": 2,
    "bloomy": 1
  },
  "loadout_history": {
    "0": 466,
    "1": 385,
    "116": 2,
    "10": 2,
    "5": 7,
    "14": 9,
    "9": 5,
    "33": 1,
    "49": 2,
    "69": 1,
    "79": 2,
    "46": 1,
    "16": 3,
    "29": 1,
    "17": 1,
    "47": 1,
    "18": 3,
    "12": 2,
    "15": 4,
    "30": 1,
    "7": 2,
    "25": 2,
    "60": 1,
    "180": 1,
    "11": 3,
    "83": 1,
    "39": 1,
    "28": 1,
    "26": 1,
    "38": 1,
    "92": 1,
    "6": 1,
    "35": 1,
    "19": 1
  }
}