{
  "schema": 1,
  "name": "bot-137",
  "first_seen": 1778543574.336104,
  "last_seen": 1778713098.543365,
  "episodes": 1120,
  "score_total": 200100,
  "score_best": 7564,
  "best_loadout": [
    0,
    0,
    0,
    0,
    0,
    0,
    0,
    0
  ],
  "killed_by": {
    "Mantis": 100,
    "Desert Centipede": 12,
    "bot-105": 1,
    "Hornet": 238,
    "bot-31": 3,
    "bot-99": 2,
    "Bee": 93,
    "Wasp": 207,
    "bot-103": 3,
    "Sandstorm": 15,
    "bot-84": 1,
    "bot-91": 5,
    "bot-100": 2,
    "Evil Centipede": 14,
    "prickly": 2,
    "bot-149": 2,
    "Cactus": 77,
    "Worker Ant": 5,
    "bot-108": 1,
    "Baby Ant": 2,
    "bot-24": 2,
    "bot-44": 1,
    "Rock": 13,
    "Beetle": 43,
    "Ladybug": 33,
    "Bush": 12,
    "Centipede": 27,
    "Spider": 27,
    "Leafbug": 13,
    "Scorpion": 11,
    "bot-89": 3,
    "bot-56": 1,
    "bot-142": 1,
    "not bot": 2,
    "bot-109": 4,
    "bot-54": 2,
    "bot-79": 1,
    "bot-29": 1,
    "bot-82": 2,
    "bot-32": 3,
    "bot-90": 2,
    "bot-131": 5,
    "bot-110": 4,
    "bot-50": 1,
    "florrio": 2,
    "bot-125": 2,
    "petalpop": 3,
    "bot-73": 2,
    "bot-58": 1,
    "bot-66": 2,
    "bot-69": 2,
    "blossom-v2": 1,
    "bloomy": 3,
    "bot-92": 1,
    "bot": 1,
    "bot-133": 1,
    "bot-135": 1,
    "bot-122": 2,
    "bot-113": 3,
    "bot-87": 1,
    "bot-101": 1,
    "bot-107": 2,
    "bot-53": 2,
    "bot-46": 1,
    "bot-96": 1,
    "bot-64": 5,
    "bot-77": 6,
    "bot-118": 1,
    "bot-63": 1,
    "hello": 1,
    "leafy": 1,
    "bot-126": 3,
    "bot-57": 6,
    "bot-39": 2,
    "bot-30": 3,
    "thorn": 2,
    "rosie": 3,
    "bot-26": 1,
    "bot-49": 5,
    "bot-119": 1,
    "thornbloom": 1,
    "bot-132": 3,
    "bot-124": 1,
    "bot-70": 1,
    "bot-88": 1,
    "bot-47": 1,
    "thorny": 1,
    "bot-33": 1,
    "bot-97": 1,
    "bot-121": 4,
    "bot-134": 7,
    "bot-28": 1,
    "bot-102": 1,
    "bot-42": 2,
    "bot-146": 2,
    "67": 1,
    "bot-68": 1,
    "bot-136": 1,
    "bot-48": 1,
    "bot-95": 1,
    "bloom": 1,
    "bot-72": 1,
    "bot-128": 1
  },
  "loadout_history": {
    "0": 963,
    "1": 758,
    "49": 3,
    "5": 19,
    "34": 1,
    "11": 4,
    "24": 4,
    "25": 7,
    "14": 12,
    "9": 8,
    "15": 17,
    "18": 5,
    "29": 3,
    "17": 1,
    "23": 2,
    "6": 9,
    "79": 3,
    "97": 1,
    "8": 2,
    "21": 2,
    "13": 2,
    "60": 2,
    "16": 3,
    "51": 1,
    "48": 2,
    "28": 3,
    "19": 6,
    "92": 1,
    "7": 2,
    "117": 1,
    "22": 1,
    "35": 2,
    "10": 1,
    "20": 1,
    "83": 1,
    "181": 1,
    "116": 1,
    "180": 1,
    "58": 1,
    "86": 1,
    "30": 2,
    "112": 1
  }
}