{
  "schema": 1,
  "name": "bot-142",
  "first_seen": 1778543492.261076,
  "last_seen": 1778638054.2897952,
  "episodes": 579,
  "score_total": 101668,
  "score_best": 5474,
  "best_loadout": [
    0,
    0,
    0,
    0,
    0,
    0,
    0
  ],
  "killed_by": {
    "Beetle": 24,
    "Hornet": 152,
    "Evil Centipede": 5,
    "Mantis": 41,
    "Bee": 39,
    "Wasp": 105,
    "Scorpion": 5,
    "Bush": 3,
    "bot-140": 1,
    "bot-23": 2,
    "Sandstorm": 8,
    "Cactus": 36,
    "bot-30": 1,
    "bot-61": 1,
    "bot-67": 2,
    "gardn": 1,
    "bot-81": 1,
    "bot-102": 1,
    "Ladybug": 20,
    "Centipede": 15,
    "not bot": 1,
    "bot-139": 1,
    "bot-48": 2,
    "bot-24": 1,
    "Leafbug": 11,
    "Spider": 14,
    "Soldier Ant": 4,
    "bot-101": 1,
    "bot-79": 1,
    "Desert Centipede": 10,
    "bot-74": 1,
    "bot-78": 1,
    "Baby Ant": 3,
    "bot-56": 1,
    "bot-144": 1,
    "Worker Ant": 1,
    "bot-26": 2,
    "bot-116": 3,
    "bot-114": 1,
    "bot": 2,
    "thorn": 1,
    "bot-97": 1,
    "bot-50": 2,
    "bot-113": 1,
    "bot-84": 3,
    "petalpop": 1,
    "bot-47": 1,
    "bot-75": 1,
    "root": 1,
    "bot-89": 1,
    "bot-127": 2,
    "blossom-v2": 1,
    "bot-123": 1,
    "bot-99": 1,
    "bot-91": 1,
    "bot-80": 1,
    "bot-55": 1,
    "bot-121": 1,
    "bot-134": 6,
    "bot-149": 1,
    "bot-115": 1,
    "bot-33": 1,
    "bot-120": 1,
    "bot-38": 1,
    "bot-59": 1,
    "bot-57": 2,
    "bot-37": 1,
    "Rock": 3,
    "bot-133": 2,
    "bot-49": 1,
    "bot-96": 1,
    "bot-148": 2
  },
  "loadout_history": {
    "0": 498,
    "1": 402,
    "14": 5,
    "45": 1,
    "5": 8,
    "167": 3,
    "25": 2,
    "35": 1,
    "58": 3,
    "15": 3,
    "24": 6,
    "7": 1,
    "18": 2,
    "9": 4,
    "11": 1,
    "33": 2,
    "6": 2,
    "29": 2,
    "26": 1,
    "19": 2,
    "10": 3,
    "28": 1,
    "16": 1,
    "12": 1,
    "79": 1,
    "22": 1,
    "118": 1,
    "23": 1
  }
}