{
  "schema": 1,
  "name": "bot-112",
  "first_seen": 1778364741.9860768,
  "last_seen": 1778556794.3178592,
  "episodes": 79,
  "score_total": 3333,
  "score_best": 308,
  "best_loadout": [
    16,
    32,
    69,
    39,
    0,
    0
  ],
  "killed_by": {
    "Bee": 4,
    "Spider": 1,
    "Hornet": 19,
    "Evil Centipede": 2,
    "Worker Ant": 1,
    "Beetle": 2,
    "Mantis": 6,
    "bot-115": 1,
    "Cactus": 2,
    "Wasp": 17,
    "Sandstorm": 1,
    "Centipede": 3,
    "bot-87": 1,
    "bot-86": 1,
    "bot-55": 1,
    "bot-78": 1
  },
  "loadout_history": {
    "1": 57,
    "0": 68,
    "40": 1,
    "34": 1,
    "29": 1,
    "24": 2,
    "19": 1,
    "15": 1,
    "79": 1,
    "14": 3,
    "9": 2,
    "175": 1,
    "25": 1,
    "11": 1,
    "32": 1,
    "69": 2,
    "39": 1,
    "16": 2,
    "35": 2,
    "5": 3,
    "18": 2
  }
}