{
  "schema": 1,
  "name": "bot-22",
  "first_seen": 1778543605.206269,
  "last_seen": 1779316394.265354,
  "episodes": 1438,
  "score_total": 273515,
  "score_best": 15526,
  "best_loadout": [
    0,
    0,
    1,
    0,
    0,
    0,
    0,
    0
  ],
  "killed_by": {
    "bot-135": 4,
    "Hornet": 386,
    "Sandstorm": 25,
    "bot-118": 1,
    "Mantis": 130,
    "bot-61": 4,
    "Spider": 48,
    "Wasp": 236,
    "Bee": 84,
    "Cactus": 90,
    "Beetle": 80,
    "leafy": 1,
    "Ladybug": 53,
    "bot-145": 3,
    "Centipede": 26,
    "Evil Centipede": 21,
    "bot-90": 2,
    "Desert Centipede": 11,
    "Bush": 18,
    "Leafbug": 11,
    "Rock": 15,
    "rosie": 1,
    "blossom": 2,
    "bot-119": 2,
    "bot-41": 5,
    "Soldier Ant": 2,
    "flower": 2,
    "bot-141": 3,
    "bot-53": 2,
    "bot-113": 2,
    "zorr": 1,
    "bot-93": 3,
    "bot-35": 2,
    "bot-95": 1,
    "not bot": 2,
    "bot-123": 1,
    "thorn": 2,
    "bot-71": 1,
    "bot-68": 2,
    "bot-100": 1,
    "bot-146": 2,
    "Baby Ant": 4,
    "bot-79": 2,
    "bot-69": 3,
    "bot-54": 3,
    "bot-98": 2,
    "bot-101": 1,
    "bot-142": 1,
    "bot-147": 3,
    "bot-49": 3,
    "Scorpion": 9,
    "bot-32": 1,
    "bot-70": 1,
    "bot-94": 2,
    "bot-108": 1,
    "bot-86": 1,
    "bot-143": 1,
    "bloom": 1,
    "bot-34": 2,
    "bot-30": 4,
    "bot-116": 4,
    "bot-149": 2,
    "bot-72": 2,
    "bot-148": 2,
    "bot-140": 4,
    "bot-125": 2,
    "Worker Ant": 4,
    "bot-44": 2,
    "bot-109": 1,
    "bot-121": 2,
    "bot-65": 1,
    "bot-31": 2,
    "bot-130": 1,
    "bot-66": 2,
    "bot-85": 1,
    "thorny": 1,
    "bot-97": 2,
    "bot-81": 1,
    "bot-50": 3,
    "bot-114": 1,
    "bot-107": 1,
    "bot-122": 1,
    "bot-75": 3,
    "bot-58": 1,
    "bot-103": 1,
    "bot-137": 1,
    "bot-77": 2,
    "bot-73": 1,
    "bot-105": 1,
    "bot-47": 3,
    "bot-67": 2,
    "bot-39": 1,
    "bot-96": 2,
    "bot-124": 2,
    "bot-117": 1,
    "bot-136": 1,
    "root": 1,
    "bot-138": 1,
    "prickly": 1,
    "thornbloom": 1,
    "hello": 1,
    "bot-88": 1,
    "bot-24": 1,
    "sussy": 1,
    "a": 1,
    "bot-91": 1,
    "bot-52": 1,
    "67": 1,
    "bot-102": 1
  },
  "loadout_history": {
    "0": 1246,
    "29": 7,
    "14": 29,
    "1": 973,
    "9": 24,
    "5": 25,
    "19": 10,
    "167": 5,
    "49": 2,
    "24": 17,
    "18": 17,
    "116": 2,
    "10": 11,
    "11": 7,
    "7": 3,
    "25": 14,
    "69": 1,
    "21": 1,
    "35": 7,
    "23": 5,
    "13": 4,
    "16": 5,
    "6": 12,
    "15": 17,
    "36": 1,
    "12": 3,
    "79": 7,
    "28": 3,
    "51": 2,
    "180": 1,
    "17": 1,
    "55": 1,
    "26": 4,
    "8": 2,
    "97": 1,
    "58": 1,
    "61": 1,
    "83": 3,
    "60": 1,
    "175": 1,
    "181": 1,
    "86": 1,
    "48": 1,
    "159": 1,
    "32": 2,
    "33": 2,
    "34": 2,
    "117": 2,
    "75": 1,
    "42": 2,
    "40": 2,
    "50": 2,
    "46": 1,
    "52": 2,
    "39": 1
  }
}