{
  "schema": 1,
  "name": "bot-146",
  "first_seen": 1778543136.504431,
  "last_seen": 1778727611.2433298,
  "episodes": 1153,
  "score_total": 222445,
  "score_best": 11400,
  "best_loadout": [
    0,
    0,
    0,
    0,
    0,
    0,
    0,
    0
  ],
  "killed_by": {
    "Hornet": 278,
    "Scorpion": 6,
    "Wasp": 223,
    "Ladybug": 42,
    "Mantis": 104,
    "bot-112": 2,
    "Beetle": 59,
    "Bush": 14,
    "Bee": 82,
    "Evil Centipede": 4,
    "bot-121": 1,
    "Cactus": 52,
    "Leafbug": 16,
    "Centipede": 35,
    "bot-42": 1,
    "Spider": 31,
    "bot-70": 1,
    "thornbloom": 3,
    "petalpop": 2,
    "bot-135": 2,
    "bot-96": 2,
    "bot-65": 3,
    "bot-117": 4,
    "bot-71": 2,
    "bot-141": 1,
    "Desert Centipede": 10,
    "Rock": 15,
    "bot-83": 1,
    "bot-107": 2,
    "blossom-v2": 1,
    "bloomy": 4,
    "bot-98": 2,
    "bot-35": 2,
    "bot-93": 2,
    "Worker Ant": 4,
    "bot-115": 3,
    "bot-25": 3,
    "bot-52": 2,
    "bot-33": 1,
    "bot-102": 2,
    "Sandstorm": 11,
    "67": 1,
    "bot-137": 1,
    "bot-45": 1,
    "bot-106": 1,
    "bot-76": 1,
    "bot-74": 1,
    "bot-40": 1,
    "bot-84": 1,
    "bot-27": 2,
    "bot-30": 2,
    "bot-66": 1,
    "bot-95": 2,
    "bot-104": 5,
    "flower": 2,
    "bot-46": 2,
    "bot-36": 2,
    "root": 1,
    "bot-92": 2,
    "not bot": 2,
    "bot-32": 2,
    "bot-119": 2,
    "blossom": 2,
    "bot-145": 1,
    "bot-81": 1,
    "bot-59": 1,
    "bot-34": 1,
    "zorr": 2,
    "bot-127": 1,
    "bot-131": 1,
    "bot-68": 2,
    "bot-72": 2,
    "bot-136": 2,
    "bot-26": 2,
    "bot-22": 3,
    "bot-29": 1,
    "bot-60": 2,
    "bot-142": 1,
    "bot-124": 2,
    "a": 1,
    "bot-82": 3,
    "bot-100": 2,
    "bot-139": 2,
    "Baby Ant": 3,
    "bot-147": 2,
    "bot-99": 1,
    "bot-77": 2,
    "bot-78": 2,
    "leafy": 1,
    "bot-80": 1,
    "bot-51": 1,
    "bot-123": 1,
    "bot-54": 1,
    "bot-94": 1,
    "bot-44": 1,
    "bot-67": 2,
    "bot-73": 1,
    "bot-64": 2,
    "bot-130": 2,
    "bot-101": 1,
    "bot-140": 1,
    "thorny": 1,
    "bot-138": 1,
    "bot-61": 1,
    "bot-31": 1,
    "bot": 1,
    "bot-103": 1
  },
  "loadout_history": {
    "0": 996,
    "1": 780,
    "5": 20,
    "10": 6,
    "28": 3,
    "79": 2,
    "18": 9,
    "19": 8,
    "15": 9,
    "167": 1,
    "35": 1,
    "9": 12,
    "23": 1,
    "51": 4,
    "29": 6,
    "20": 4,
    "7": 7,
    "68": 3,
    "14": 15,
    "12": 2,
    "25": 4,
    "24": 7,
    "56": 1,
    "204": 1,
    "21": 2,
    "69": 1,
    "30": 1,
    "107": 2,
    "13": 1,
    "6": 5,
    "37": 2,
    "39": 1,
    "46": 1,
    "17": 1,
    "26": 1,
    "60": 1,
    "16": 4,
    "92": 1,
    "33": 1,
    "47": 1,
    "34": 1,
    "207": 1,
    "205": 1,
    "8": 1,
    "11": 1,
    "116": 1,
    "135": 1,
    "54": 1
  }
}