{
  "schema": 1,
  "name": "bot-pvbf",
  "first_seen": 1778117995.430654,
  "last_seen": 1778118579.459859,
  "episodes": 8,
  "score_total": 340,
  "score_best": 81,
  "best_loadout": [
    24,
    40,
    23,
    34,
    24
  ],
  "killed_by": {
    "stigma": 1,
    "bot-parg": 2,
    "buddy": 2,
    "bot-trkd": 1,
    "calyx": 1
  },
  "loadout_history": {
    "40": 5,
    "9": 1,
    "11": 1,
    "1": 4,
    "5": 2,
    "41": 1,
    "18": 3,
    "23": 3,
    "24": 4,
    "34": 2,
    "19": 1,
    "6": 1,
    "14": 1
  }
}