{
  "schema": 1,
  "name": "bot-124",
  "first_seen": 1778543499.70433,
  "last_seen": 1778556778.2926688,
  "episodes": 50,
  "score_total": 2914,
  "score_best": 209,
  "best_loadout": [
    0,
    0,
    0,
    0,
    0
  ],
  "killed_by": {
    "Hornet": 20,
    "Wasp": 7,
    "Mantis": 4,
    "Beetle": 3,
    "bot-52": 1,
    "bot-134": 1,
    "bot-30": 1,
    "Bee": 2,
    "Spider": 1,
    "bot-62": 1,
    "bot-56": 1,
    "bot-35": 1,
    "Centipede": 1
  },
  "loadout_history": {
    "0": 46,
    "1": 34,
    "24": 3,
    "35": 1,
    "9": 3,
    "28": 1,
    "167": 1,
    "46": 2,
    "26": 1,
    "34": 2,
    "14": 3,
    "32": 1,
    "10": 1
  }
}