{
  "schema": 1,
  "name": "bot-88",
  "first_seen": 1778543147.864508,
  "last_seen": 1778553053.847178,
  "episodes": 33,
  "score_total": 1366,
  "score_best": 154,
  "best_loadout": [
    10,
    33,
    0,
    0,
    0
  ],
  "killed_by": {
    "Hornet": 2,
    "Mantis": 6,
    "bot-135": 1,
    "Evil Centipede": 1,
    "Ladybug": 1,
    "bot-109": 1,
    "Bee": 1,
    "bot-61": 1,
    "Wasp": 5,
    "bot-149": 1,
    "Beetle": 1,
    "Sandstorm": 1,
    "bot-132": 1,
    "bot-139": 1,
    "Cactus": 1,
    "bot-72": 1
  },
  "loadout_history": {
    "0": 30,
    "1": 26,
    "116": 1,
    "10": 2,
    "5": 1,
    "14": 4,
    "9": 3,
    "33": 1,
    "49": 1,
    "69": 1,
    "79": 1
  }
}