{
  "schema": 1,
  "name": "bot-36",
  "first_seen": 1778543098.195971,
  "last_seen": 1779316399.499824,
  "episodes": 1482,
  "score_total": 214055,
  "score_best": 8069,
  "best_loadout": [
    0,
    0,
    0,
    0,
    0,
    0,
    0,
    0
  ],
  "killed_by": {
    "Hornet": 380,
    "Bee": 100,
    "Wasp": 238,
    "Cactus": 84,
    "Mantis": 133,
    "bot-70": 4,
    "Centipede": 33,
    "Bush": 15,
    "bot-111": 1,
    "Beetle": 94,
    "Scorpion": 11,
    "bot-86": 2,
    "Evil Centipede": 23,
    "blossom-v2": 3,
    "gardn": 1,
    "Sandstorm": 18,
    "bot-114": 3,
    "Ladybug": 69,
    "bot-44": 4,
    "bot-125": 8,
    "bot-134": 2,
    "bot-122": 2,
    "a": 1,
    "bot-110": 1,
    "Spider": 40,
    "bot-137": 3,
    "bot-121": 4,
    "Leafbug": 13,
    "bot-139": 2,
    "bot-59": 2,
    "bot-99": 1,
    "flower": 2,
    "root": 1,
    "bot-53": 6,
    "thornbloom": 2,
    "bot-58": 2,
    "bot-147": 1,
    "bot-133": 1,
    "bot-77": 1,
    "bot-112": 3,
    "Rock": 12,
    "bot-25": 2,
    "bot-126": 2,
    "bot-124": 1,
    "florrio": 1,
    "bot-32": 3,
    "bot-34": 2,
    "Worker Ant": 3,
    "bot-119": 2,
    "bot-98": 1,
    "bot-66": 1,
    "bot-63": 1,
    "bot-75": 1,
    "bot-31": 2,
    "bot-95": 1,
    "bot-51": 1,
    "bot-48": 6,
    "bot-54": 1,
    "bot-93": 1,
    "bot-71": 3,
    "bot-136": 1,
    "prickly": 2,
    "bot-146": 1,
    "Baby Ant": 3,
    "bot-52": 1,
    "bot-145": 1,
    "bot-39": 4,
    "bot-33": 1,
    "bot-120": 2,
    "67": 3,
    "zorr": 1,
    "bot-30": 1,
    "bot-115": 1,
    "hello": 3,
    "bot-140": 2,
    "Soldier Ant": 1,
    "bot-84": 1,
    "bot-130": 1,
    "bot-74": 2,
    "bot-80": 1,
    "bot-22": 2,
    "leafy": 1,
    "bot-79": 4,
    "petalpop": 2,
    "bot-62": 3,
    "bot-46": 2,
    "bot-135": 1,
    "bot-81": 1,
    "Desert Centipede": 4,
    "bot-104": 2,
    "bot-57": 1,
    "bot-128": 1,
    "bot-144": 1,
    "bot-105": 2,
    "bot-102": 1,
    "bot-82": 1,
    "bot-117": 2,
    "not bot": 5,
    "thorn": 1,
    "bot-42": 2,
    "bot-60": 1,
    "bot-29": 1,
    "bot-47": 1,
    "rosie": 1,
    "bot-43": 2,
    "bot-118": 1,
    "bot-132": 1,
    "bot-72": 1,
    "bot-96": 2,
    "bot-65": 3,
    "bot-49": 1,
    "bot-83": 1,
    "bot-73": 2,
    "bot-129": 1,
    "bot-55": 2
  },
  "loadout_history": {
    "0": 1275,
    "1": 1056,
    "24": 19,
    "9": 18,
    "5": 17,
    "28": 10,
    "14": 21,
    "79": 5,
    "10": 11,
    "116": 2,
    "11": 3,
    "167": 6,
    "6": 8,
    "16": 8,
    "69": 2,
    "7": 8,
    "18": 10,
    "94": 1,
    "15": 14,
    "34": 6,
    "25": 2,
    "86": 2,
    "19": 4,
    "12": 3,
    "32": 3,
    "35": 6,
    "37": 1,
    "147": 1,
    "8": 2,
    "26": 1,
    "135": 1,
    "97": 1,
    "169": 2,
    "56": 1,
    "29": 3,
    "176": 1,
    "30": 3,
    "23": 1,
    "83": 1,
    "46": 2,
    "47": 1,
    "51": 1,
    "40": 1,
    "48": 1,
    "55": 1,
    "41": 1,
    "204": 1
  }
}