{
  "schema": 1,
  "name": "bot-34",
  "first_seen": 1778543100.295371,
  "last_seen": 1778713204.203732,
  "episodes": 1097,
  "score_total": 167885,
  "score_best": 6135,
  "best_loadout": [
    24,
    0,
    0,
    0,
    0,
    0,
    0
  ],
  "killed_by": {
    "bot-100": 2,
    "Cactus": 63,
    "Wasp": 195,
    "Hornet": 260,
    "Mantis": 91,
    "bot-96": 2,
    "thorny": 3,
    "Beetle": 45,
    "Bee": 78,
    "Spider": 26,
    "bot-147": 1,
    "bot-107": 1,
    "bot-40": 2,
    "bot-31": 4,
    "Centipede": 23,
    "bot-56": 1,
    "Evil Centipede": 7,
    "bot-28": 3,
    "bot-124": 1,
    "bot": 1,
    "Ladybug": 50,
    "zorr": 2,
    "Rock": 20,
    "Sandstorm": 16,
    "Bush": 10,
    "not bot": 2,
    "bot-33": 4,
    "Leafbug": 17,
    "bot-141": 2,
    "bot-54": 6,
    "Scorpion": 10,
    "bot-92": 2,
    "bot-58": 2,
    "Desert Centipede": 4,
    "bot-55": 1,
    "bot-116": 1,
    "bot-50": 2,
    "bot-29": 2,
    "bot-89": 4,
    "bot-71": 3,
    "prickly": 3,
    "bot-145": 2,
    "bot-76": 1,
    "bot-119": 1,
    "bot-85": 4,
    "bot-106": 2,
    "petalpop": 1,
    "bot-108": 3,
    "bot-148": 2,
    "Worker Ant": 4,
    "bot-142": 1,
    "bot-57": 1,
    "bot-123": 2,
    "bot-46": 4,
    "blossom": 2,
    "bot-65": 2,
    "bot-87": 1,
    "bot-134": 2,
    "root": 1,
    "bot-113": 4,
    "bot-75": 1,
    "67": 4,
    "bot-146": 1,
    "bot-149": 2,
    "Baby Ant": 1,
    "bot-79": 2,
    "bot-30": 2,
    "bot-133": 1,
    "bot-66": 1,
    "bot-138": 2,
    "bot-109": 2,
    "a": 1,
    "bot-101": 2,
    "flower": 3,
    "bot-131": 2,
    "bot-90": 1,
    "bot-52": 1,
    "bloom": 1,
    "bot-61": 2,
    "bot-48": 1,
    "gardn": 1,
    "bot-117": 1,
    "bot-47": 1,
    "bot-115": 1,
    "rosie": 1,
    "bot-51": 1,
    "bot-62": 1,
    "bot-64": 1,
    "bloomy": 1,
    "bot-104": 1,
    "bot-102": 1,
    "thorn": 1,
    "bot-32": 1,
    "bot-88": 1,
    "bot-82": 1,
    "bot-25": 1,
    "bot-143": 1,
    "bot-27": 1,
    "leafy": 1,
    "bot-121": 1,
    "bot-60": 1,
    "bot-122": 1,
    "bot-36": 1,
    "bot-38": 1,
    "bot-118": 1,
    "bot-77": 1,
    "bot-136": 1,
    "bot-94": 2,
    "bot-98": 2,
    "bot-105": 1,
    "bot-63": 1,
    "bot-127": 1,
    "bot-114": 1,
    "sussy": 2
  },
  "loadout_history": {
    "0": 926,
    "1": 750,
    "14": 13,
    "49": 1,
    "28": 3,
    "5": 12,
    "24": 12,
    "25": 9,
    "9": 6,
    "6": 8,
    "23": 1,
    "47": 2,
    "34": 4,
    "10": 4,
    "51": 1,
    "19": 3,
    "15": 10,
    "62": 1,
    "84": 3,
    "16": 3,
    "8": 1,
    "26": 1,
    "35": 4,
    "18": 5,
    "11": 4,
    "17": 2,
    "29": 1,
    "169": 1,
    "7": 4,
    "12": 1,
    "22": 2,
    "168": 1,
    "116": 2,
    "37": 1,
    "13": 1,
    "32": 1,
    "86": 1,
    "182": 1,
    "33": 1,
    "46": 1
  }
}