{
  "schema": 1,
  "name": "bot-60",
  "first_seen": 1778543152.848855,
  "last_seen": 1778713169.12388,
  "episodes": 1150,
  "score_total": 180404,
  "score_best": 6746,
  "best_loadout": [
    30,
    0,
    0,
    0,
    0,
    0,
    0,
    0
  ],
  "killed_by": {
    "bot-28": 1,
    "Leafbug": 3,
    "Hornet": 273,
    "Sandstorm": 15,
    "Rock": 15,
    "Mantis": 84,
    "Wasp": 194,
    "bot-42": 4,
    "Bee": 97,
    "Evil Centipede": 10,
    "Scorpion": 9,
    "gardn": 2,
    "Beetle": 43,
    "Desert Centipede": 4,
    "Cactus": 73,
    "Centipede": 32,
    "bot-98": 4,
    "bot-101": 1,
    "bot-56": 3,
    "bot-59": 1,
    "bot-86": 1,
    "Ladybug": 47,
    "Spider": 38,
    "bot-55": 2,
    "Bush": 13,
    "bot-47": 2,
    "bot-66": 3,
    "bot-110": 1,
    "bloom": 2,
    "bot-68": 2,
    "bot-94": 1,
    "bot-91": 6,
    "bot-134": 2,
    "bot-64": 5,
    "bot-31": 2,
    "bot-40": 1,
    "not bot": 2,
    "bot-25": 1,
    "bot-36": 1,
    "bot-22": 3,
    "Soldier Ant": 1,
    "bot-93": 2,
    "bot-114": 3,
    "bot-99": 3,
    "bot-113": 1,
    "bot-90": 1,
    "leafy": 1,
    "bot-63": 1,
    "bot-78": 1,
    "bot-123": 1,
    "bot-148": 1,
    "bot-135": 11,
    "bot-119": 1,
    "bot-129": 2,
    "bot-136": 1,
    "rosie": 1,
    "bot-140": 3,
    "bot-69": 1,
    "bot-54": 1,
    "bot-115": 1,
    "bot-139": 1,
    "bot-26": 2,
    "bot-111": 2,
    "bot-51": 1,
    "bot-121": 2,
    "Baby Ant": 3,
    "bot": 1,
    "prickly": 1,
    "bot-46": 2,
    "bot-147": 2,
    "blossom-v2": 1,
    "Worker Ant": 11,
    "bot-80": 1,
    "bot-89": 2,
    "bot-52": 2,
    "bot-124": 1,
    "bot-127": 3,
    "bot-108": 2,
    "thornbloom": 2,
    "bot-32": 4,
    "bot-104": 1,
    "bot-106": 1,
    "bot-37": 1,
    "bot-130": 1,
    "bot-125": 2,
    "bot-105": 1,
    "bot-41": 3,
    "bot-131": 1,
    "bot-73": 1,
    "bot-76": 2,
    "bot-62": 1,
    "bot-57": 3,
    "root": 2,
    "bot-120": 1,
    "bot-112": 3,
    "bot-103": 1,
    "bot-85": 1,
    "aa": 1,
    "bot-100": 1,
    "bot-144": 2,
    "bot-30": 1,
    "bot-116": 1,
    "bot-109": 1,
    "bot-65": 2,
    "bot-45": 1,
    "bot-117": 1,
    "bot-43": 1,
    "bot-50": 1,
    "bot-67": 5,
    "bot-149": 1,
    "bot-48": 1,
    "bot-87": 1,
    "bot-107": 1,
    "bot-141": 1,
    "bot-132": 1
  },
  "loadout_history": {
    "0": 975,
    "1": 771,
    "18": 5,
    "24": 11,
    "5": 13,
    "79": 3,
    "9": 6,
    "28": 2,
    "19": 2,
    "8": 2,
    "11": 4,
    "167": 1,
    "107": 1,
    "35": 4,
    "14": 10,
    "12": 1,
    "34": 1,
    "25": 4,
    "183": 1,
    "10": 5,
    "15": 7,
    "30": 3,
    "84": 1,
    "6": 8,
    "7": 4,
    "168": 1,
    "60": 1,
    "175": 1,
    "180": 1,
    "32": 1,
    "16": 3,
    "36": 2,
    "33": 1,
    "83": 1,
    "48": 1,
    "149": 1,
    "27": 1,
    "92": 1,
    "99": 1,
    "26": 1
  }
}