{
  "schema": 1,
  "name": "bot-114",
  "first_seen": 1778364741.28893,
  "last_seen": 1778624302.0270588,
  "episodes": 505,
  "score_total": 64067,
  "score_best": 5153,
  "best_loadout": [
    1,
    1,
    0,
    1,
    1,
    0,
    0
  ],
  "killed_by": {
    "Beetle": 20,
    "Spider": 18,
    "Boulder": 1,
    "Hornet": 131,
    "Wasp": 76,
    "Cactus": 24,
    "Sandstorm": 3,
    "Mantis": 44,
    "Centipede": 16,
    "Bee": 25,
    "Desert Centipede": 2,
    "bot-95": 1,
    "bot-133": 4,
    "gardn": 1,
    "bot-57": 1,
    "bot-38": 2,
    "bot-47": 1,
    "bot-92": 1,
    "bot-39": 1,
    "bot-105": 1,
    "bot-101": 3,
    "bot-46": 2,
    "Scorpion": 1,
    "bot-129": 2,
    "Leafbug": 4,
    "Ladybug": 32,
    "not bot": 1,
    "Rock": 5,
    "Bush": 6,
    "Evil Centipede": 4,
    "bot-49": 1,
    "Soldier Ant": 2,
    "bot-51": 1,
    "bot-27": 2,
    "bot-71": 3,
    "bot-29": 1,
    "bot-111": 2,
    "bot-102": 1,
    "bot-87": 1,
    "bot-66": 1,
    "bot-110": 3,
    "bot-106": 1,
    "bot-130": 1,
    "bot-108": 1,
    "bot-137": 1,
    "bot-83": 1,
    "bot-117": 1,
    "bot-26": 1,
    "bot-148": 1,
    "bot-147": 6,
    "bloom": 2,
    "Worker Ant": 1,
    "bot-77": 1,
    "bot-132": 1,
    "aa": 1,
    "bot-97": 1,
    "bot-116": 1,
    "bot-63": 1,
    "bot-59": 1,
    "bot-50": 1,
    "bot-40": 1,
    "bot-43": 1,
    "bot-34": 1,
    "bot-113": 1,
    "bot-33": 1,
    "bot-138": 1,
    "bot-74": 1,
    "bot-112": 1,
    "bot-96": 1,
    "bot-56": 1
  },
  "loadout_history": {
    "1": 333,
    "0": 426,
    "18": 2,
    "14": 13,
    "28": 1,
    "6": 4,
    "9": 10,
    "5": 8,
    "38": 1,
    "29": 1,
    "79": 2,
    "39": 1,
    "24": 9,
    "34": 6,
    "167": 4,
    "46": 1,
    "15": 6,
    "12": 2,
    "60": 1,
    "35": 2,
    "36": 1,
    "13": 1,
    "11": 3,
    "19": 2,
    "136": 1,
    "83": 1,
    "16": 2,
    "7": 1,
    "20": 1
  }
}