{
  "schema": 1,
  "name": "bot-49",
  "first_seen": 1778543477.210536,
  "last_seen": 1778623848.429142,
  "episodes": 480,
  "score_total": 93694,
  "score_best": 10228,
  "best_loadout": [
    0,
    0,
    0,
    0,
    0,
    0,
    0,
    0
  ],
  "killed_by": {
    "Hornet": 128,
    "bot-107": 2,
    "Beetle": 14,
    "Mantis": 40,
    "Leafbug": 6,
    "bot-53": 2,
    "Evil Centipede": 3,
    "prickly": 1,
    "bot-134": 1,
    "Wasp": 78,
    "Desert Centipede": 5,
    "Ladybug": 16,
    "Bee": 33,
    "thornbloom": 1,
    "bot-141": 2,
    "Sandstorm": 6,
    "bot-105": 3,
    "Cactus": 32,
    "bot-91": 1,
    "bot-22": 1,
    "Rock": 8,
    "bot-44": 1,
    "Centipede": 15,
    "bot-30": 3,
    "bot-34": 2,
    "Spider": 12,
    "bot-41": 3,
    "Worker Ant": 3,
    "bot-82": 1,
    "zorr": 1,
    "bot-75": 2,
    "Scorpion": 5,
    "bot-130": 1,
    "bot-123": 1,
    "bot-52": 1,
    "bot-73": 1,
    "bot-112": 1,
    "bot-31": 2,
    "bot-61": 1,
    "bot-29": 1,
    "Bush": 2,
    "bot-94": 1,
    "bot-90": 9,
    "bot-64": 1,
    "Baby Ant": 2,
    "bot-133": 3,
    "bot-56": 2,
    "bot-72": 2,
    "bot-142": 1,
    "root": 1,
    "bot-24": 1,
    "bot-58": 1,
    "bot-45": 1,
    "blossom": 2,
    "bot-128": 1,
    "hello": 1
  },
  "loadout_history": {
    "1": 311,
    "0": 410,
    "28": 1,
    "18": 6,
    "5": 14,
    "14": 4,
    "23": 2,
    "24": 6,
    "45": 1,
    "15": 5,
    "34": 1,
    "167": 1,
    "9": 5,
    "39": 1,
    "11": 2,
    "38": 1,
    "7": 2,
    "13": 1,
    "48": 1,
    "8": 2,
    "107": 1,
    "54": 1,
    "49": 1,
    "35": 1,
    "6": 2,
    "25": 2,
    "20": 1,
    "51": 1,
    "60": 1
  }
}