{
  "schema": 1,
  "name": "bot-ztlx",
  "first_seen": 1778348246.420854,
  "last_seen": 1778352284.6665459,
  "episodes": 28,
  "score_total": 1401,
  "score_best": 587,
  "best_loadout": [
    41,
    22,
    0,
    0,
    0,
    0
  ],
  "killed_by": {
    "Hornet": 19,
    "bot-ysec": 2,
    "bot-vbko": 1,
    "bot-ospj": 1,
    "aa": 1,
    "rosie": 1,
    "gardn": 1,
    "Centipede": 1
  },
  "loadout_history": {
    "0": 26,
    "1": 24,
    "16": 1,
    "5": 1,
    "40": 2,
    "14": 5,
    "18": 2,
    "41": 1,
    "22": 1,
    "10": 1,
    "48": 1,
    "7": 1,
    "32": 1,
    "23": 1,
    "34": 1,
    "24": 1
  }
}