{
  "schema": 1,
  "name": "bot-cqck",
  "first_seen": 1778194082.166461,
  "last_seen": 1778194657.163649,
  "episodes": 19,
  "score_total": 8983,
  "score_best": 5021,
  "best_loadout": [
    40,
    0,
    0,
    0,
    0,
    0,
    0
  ],
  "killed_by": {
    "Hornet": 11,
    "Bee": 1,
    "bot-qkve": 1,
    "a": 1,
    "bot-csbq": 1,
    "not bot": 1,
    "bot": 2
  },
  "loadout_history": {
    "0": 19,
    "41": 1,
    "5": 1,
    "1": 10,
    "15": 2,
    "34": 2,
    "40": 1,
    "16": 1,
    "9": 1,
    "21": 1,
    "23": 1,
    "18": 1
  }
}