{
  "schema": 1,
  "name": "bot-108",
  "first_seen": 1778364741.45984,
  "last_seen": 1778366645.9784708,
  "episodes": 10,
  "score_total": 176,
  "score_best": 69,
  "best_loadout": [
    5,
    0,
    1,
    1,
    0
  ],
  "killed_by": {
    "Cactus": 1,
    "Hornet": 6,
    "bot-304": 1
  },
  "loadout_history": {
    "1": 10,
    "15": 1,
    "0": 4,
    "5": 1,
    "14": 1
  }
}