{
  "schema": 1,
  "name": "bot-47",
  "first_seen": 1778543142.586463,
  "last_seen": 1778713154.6048288,
  "episodes": 1163,
  "score_total": 180041,
  "score_best": 5507,
  "best_loadout": [
    0,
    1,
    1,
    1,
    0,
    1,
    0
  ],
  "killed_by": {
    "Worker Ant": 2,
    "Wasp": 182,
    "Bee": 91,
    "Hornet": 293,
    "Mantis": 104,
    "Cactus": 85,
    "Beetle": 43,
    "bot-125": 3,
    "Ladybug": 44,
    "Sandstorm": 18,
    "Spider": 41,
    "bot-62": 1,
    "bot-104": 2,
    "Evil Centipede": 8,
    "bot-97": 2,
    "bot-91": 1,
    "bot-29": 5,
    "bot-53": 1,
    "bot-77": 1,
    "Desert Centipede": 7,
    "Scorpion": 4,
    "bot-78": 2,
    "Rock": 7,
    "Centipede": 30,
    "bot-120": 2,
    "thorny": 2,
    "zorr": 2,
    "bot-129": 1,
    "bot-33": 1,
    "Leafbug": 16,
    "bot-118": 3,
    "bot-107": 2,
    "bot-80": 1,
    "thornbloom": 3,
    "bot-92": 3,
    "petalpop": 2,
    "bloomy": 1,
    "bot-40": 1,
    "prickly": 2,
    "bot-28": 2,
    "bot-95": 1,
    "bot-31": 3,
    "bot-147": 1,
    "bot-41": 1,
    "bot-85": 2,
    "bot-114": 9,
    "bot-115": 2,
    "bot-135": 1,
    "Bush": 16,
    "bot-138": 1,
    "bot-108": 3,
    "bot-48": 2,
    "bot-128": 1,
    "bot-68": 1,
    "bot-126": 1,
    "bot-142": 3,
    "67": 1,
    "bot-88": 1,
    "bot-69": 2,
    "bot-57": 2,
    "bot-79": 2,
    "bot-133": 3,
    "leafy": 2,
    "Baby Ant": 3,
    "bot-26": 2,
    "bot-45": 1,
    "bot-148": 1,
    "bot-112": 1,
    "bot-124": 2,
    "bot-101": 2,
    "bot-37": 2,
    "bot-89": 1,
    "aa": 2,
    "bot-23": 2,
    "bot-121": 1,
    "bot-50": 1,
    "bot-90": 2,
    "bot-44": 1,
    "bot-81": 1,
    "bot-49": 2,
    "bot-131": 4,
    "bot-32": 3,
    "bot-99": 2,
    "bot-140": 1,
    "bot-24": 1,
    "bot-82": 1,
    "bot-106": 3,
    "thorn": 1,
    "bot-34": 2,
    "bot-55": 1,
    "bot-144": 2,
    "bot-87": 2,
    "bot-63": 1,
    "bot-56": 1,
    "bot-145": 1,
    "gardn": 1,
    "bot-66": 1,
    "bot-113": 1,
    "bot-109": 2,
    "bot-94": 1,
    "bot-61": 1,
    "bot-59": 1,
    "bot-98": 1,
    "bot": 2,
    "bot-75": 1,
    "bot-137": 1,
    "bot-64": 1,
    "Soldier Ant": 1,
    "bot-43": 1,
    "bloom": 1
  },
  "loadout_history": {
    "0": 976,
    "1": 814,
    "35": 4,
    "5": 8,
    "33": 2,
    "14": 13,
    "34": 3,
    "49": 2,
    "28": 2,
    "11": 4,
    "7": 2,
    "167": 3,
    "25": 5,
    "6": 8,
    "9": 4,
    "39": 1,
    "15": 11,
    "10": 10,
    "17": 2,
    "93": 1,
    "29": 1,
    "18": 8,
    "23": 3,
    "16": 3,
    "58": 2,
    "19": 4,
    "79": 3,
    "26": 1,
    "24": 4,
    "83": 1,
    "86": 3,
    "54": 1,
    "8": 1,
    "12": 2,
    "20": 1,
    "136": 1,
    "32": 1
  }
}