{
  "schema": 1,
  "name": "bot-39",
  "first_seen": 1778543776.3914711,
  "last_seen": 1778624182.950047,
  "episodes": 449,
  "score_total": 69897,
  "score_best": 5140,
  "best_loadout": [
    0,
    0,
    0,
    0,
    0,
    0,
    0
  ],
  "killed_by": {
    "Beetle": 10,
    "Wasp": 91,
    "Hornet": 115,
    "Ladybug": 13,
    "Mantis": 38,
    "Evil Centipede": 7,
    "Rock": 3,
    "Spider": 9,
    "bot-74": 1,
    "Cactus": 28,
    "bot-96": 1,
    "bot-64": 2,
    "Bee": 27,
    "florrio": 1,
    "thornbloom": 1,
    "bot-70": 2,
    "Sandstorm": 3,
    "aa": 1,
    "Centipede": 10,
    "bot-136": 1,
    "bot-125": 1,
    "bot-145": 1,
    "bot-99": 2,
    "bot-46": 4,
    "Scorpion": 2,
    "bot-131": 1,
    "Leafbug": 3,
    "Bush": 3,
    "zorr": 1,
    "bot-52": 1,
    "bot-139": 1,
    "bot-50": 1,
    "bot-28": 1,
    "bot-105": 1,
    "bot-112": 3,
    "bot-77": 2,
    "bot-53": 1,
    "Worker Ant": 2,
    "bot-87": 1,
    "bot-121": 1,
    "bot-107": 1,
    "bot-111": 1,
    "bot-42": 1,
    "bot-129": 2,
    "bot-120": 1,
    "bot-110": 2,
    "bot-63": 1,
    "bot-82": 1,
    "bot-133": 1,
    "bot-24": 1,
    "bot-135": 1,
    "bot-44": 1,
    "bot-127": 1,
    "Desert Centipede": 3,
    "bot-98": 1,
    "bloom": 1,
    "Baby Ant": 3,
    "bot-47": 1,
    "bot-106": 1,
    "bot-37": 1,
    "bot-114": 1,
    "bot-26": 1,
    "bot-81": 1,
    "bloomy": 1,
    "bot-140": 1,
    "bot-31": 2,
    "bot-94": 1,
    "bot-72": 1,
    "bot-128": 2,
    "bot-33": 1,
    "hello": 1,
    "thorn": 1,
    "bot-29": 1,
    "bot-25": 1
  },
  "loadout_history": {
    "0": 409,
    "1": 287,
    "15": 8,
    "34": 2,
    "6": 4,
    "46": 2,
    "22": 1,
    "14": 5,
    "24": 6,
    "92": 1,
    "167": 1,
    "5": 3,
    "10": 3,
    "25": 4,
    "18": 4,
    "16": 1,
    "12": 1,
    "21": 1,
    "7": 1,
    "20": 1,
    "27": 1,
    "17": 1,
    "9": 2,
    "45": 2,
    "83": 1,
    "39": 1,
    "35": 1,
    "97": 1,
    "118": 1,
    "13": 1,
    "29": 2
  }
}