{
  "schema": 1,
  "name": "bot-121",
  "first_seen": 1778543527.275145,
  "last_seen": 1778623159.975174,
  "episodes": 434,
  "score_total": 61615,
  "score_best": 5083,
  "best_loadout": [
    0,
    0,
    0,
    0,
    0,
    0,
    0
  ],
  "killed_by": {
    "Wasp": 84,
    "Sandstorm": 7,
    "Hornet": 108,
    "Evil Centipede": 4,
    "bot-24": 1,
    "Cactus": 30,
    "Mantis": 51,
    "bot-77": 1,
    "bot-87": 1,
    "Bee": 26,
    "bot-122": 1,
    "Beetle": 13,
    "bot-130": 1,
    "bot-67": 2,
    "Spider": 17,
    "a": 1,
    "Ladybug": 11,
    "bot-50": 2,
    "Centipede": 8,
    "bot-32": 1,
    "Scorpion": 3,
    "flower": 3,
    "Leafbug": 7,
    "bot-40": 1,
    "bot-83": 2,
    "bot-108": 2,
    "Rock": 7,
    "Desert Centipede": 3,
    "bot-125": 1,
    "bot-27": 2,
    "bot-89": 1,
    "hello": 1,
    "zorr": 1,
    "Worker Ant": 1,
    "bot-41": 1,
    "bot-115": 1,
    "Soldier Ant": 1,
    "Bush": 1,
    "bot-119": 1,
    "bot-61": 1,
    "bot-95": 1,
    "thorny": 1,
    "bot-84": 1,
    "bot-114": 1,
    "bot-98": 1,
    "bot-59": 1,
    "bot-66": 1,
    "bot-82": 1,
    "bot-117": 1,
    "bot-49": 1,
    "bot-147": 1,
    "bot-42": 1,
    "bot-142": 1,
    "bot-148": 1,
    "bot-143": 1
  },
  "loadout_history": {
    "0": 383,
    "1": 274,
    "68": 2,
    "9": 2,
    "5": 4,
    "24": 2,
    "39": 1,
    "6": 1,
    "18": 1,
    "10": 1,
    "36": 2,
    "7": 1,
    "20": 1,
    "60": 1,
    "83": 1,
    "102": 1,
    "26": 4,
    "15": 2,
    "28": 1,
    "25": 1,
    "19": 1
  }
}