{
  "schema": 1,
  "name": "bot-kvbj",
  "first_seen": 1778348228.872203,
  "last_seen": 1778352270.658416,
  "episodes": 30,
  "score_total": 956,
  "score_best": 204,
  "best_loadout": [
    1,
    0,
    0,
    1,
    0
  ],
  "killed_by": {
    "Hornet": 23,
    "Ladybug": 1,
    "Bee": 1,
    "Spider": 1,
    "bot-dmid": 1,
    "bot-ospj": 1,
    "Rock": 1
  },
  "loadout_history": {
    "0": 28,
    "1": 25,
    "15": 2,
    "16": 1,
    "40": 3,
    "9": 3,
    "8": 1,
    "33": 1,
    "10": 1,
    "26": 1,
    "14": 2,
    "18": 1,
    "24": 1,
    "19": 1
  }
}