{
  "schema": 1,
  "name": "bot-57",
  "first_seen": 1778543102.961463,
  "last_seen": 1778556775.818045,
  "episodes": 79,
  "score_total": 4402,
  "score_best": 261,
  "best_loadout": [
    0,
    0,
    0,
    1,
    0,
    0
  ],
  "killed_by": {
    "Desert Centipede": 1,
    "Hornet": 31,
    "Spider": 2,
    "Wasp": 13,
    "bot-144": 1,
    "Evil Centipede": 6,
    "Leafbug": 1,
    "Cactus": 5,
    "bot-119": 1,
    "Mantis": 5,
    "bot-101": 1,
    "Beetle": 2,
    "bot-137": 1,
    "Bee": 1
  },
  "loadout_history": {
    "0": 72,
    "1": 62,
    "14": 4,
    "167": 2,
    "20": 1,
    "46": 2,
    "24": 4,
    "10": 2,
    "19": 1,
    "34": 1,
    "5": 2,
    "11": 2,
    "181": 1,
    "15": 1,
    "18": 1,
    "8": 1
  }
}