{
  "schema": 1,
  "name": "bot-81",
  "first_seen": 1778543697.56103,
  "last_seen": 1778713141.9478762,
  "episodes": 1187,
  "score_total": 173883,
  "score_best": 5138,
  "best_loadout": [
    1,
    1,
    0,
    1,
    1,
    0,
    0
  ],
  "killed_by": {
    "Wasp": 224,
    "Hornet": 264,
    "Mantis": 96,
    "gardn": 1,
    "leafy": 3,
    "bot-122": 2,
    "Bee": 100,
    "Beetle": 47,
    "bot-67": 2,
    "Worker Ant": 4,
    "Spider": 30,
    "aa": 2,
    "bot-53": 2,
    "bot-91": 2,
    "bot-65": 2,
    "Cactus": 61,
    "Centipede": 29,
    "Sandstorm": 15,
    "Leafbug": 19,
    "bot-110": 2,
    "bot-41": 4,
    "Ladybug": 50,
    "bot-117": 3,
    "bot-133": 1,
    "bot-83": 2,
    "bot-106": 3,
    "Rock": 18,
    "Scorpion": 16,
    "bot-52": 2,
    "not bot": 1,
    "bot-135": 2,
    "bot-51": 1,
    "hello": 2,
    "bot-28": 2,
    "bot-90": 2,
    "bot-88": 2,
    "bot-71": 3,
    "bot-45": 1,
    "bot-120": 3,
    "thorn": 4,
    "bot-129": 4,
    "Desert Centipede": 12,
    "bot-123": 2,
    "Baby Ant": 3,
    "bot-119": 4,
    "bot-139": 2,
    "bot-124": 1,
    "bot-93": 2,
    "bot-148": 1,
    "bot-95": 4,
    "bot-72": 2,
    "bot-116": 1,
    "bot-142": 2,
    "bot-68": 4,
    "bot-44": 1,
    "bot-27": 2,
    "bot-56": 2,
    "bot-96": 2,
    "root": 2,
    "bot-39": 3,
    "bot-59": 1,
    "bot-23": 1,
    "Bush": 14,
    "zorr": 1,
    "bot-70": 1,
    "bot-63": 1,
    "bot-121": 2,
    "bot-77": 2,
    "thorny": 4,
    "bot-24": 1,
    "bot-64": 2,
    "bot-33": 3,
    "bot-101": 1,
    "bot-113": 3,
    "Evil Centipede": 3,
    "bot-103": 1,
    "bot-74": 1,
    "bot-125": 1,
    "bot-102": 1,
    "bot-55": 1,
    "bot-143": 1,
    "bot-57": 5,
    "bot-36": 2,
    "bot-29": 2,
    "bot-31": 2,
    "bot-49": 2,
    "bot-105": 1,
    "bot-134": 1,
    "bot-137": 1,
    "bot-108": 1,
    "bot-118": 1,
    "bot-138": 1,
    "bot-127": 1,
    "bot-112": 1,
    "bot-111": 1,
    "Soldier Ant": 1,
    "bot-114": 5,
    "bot-140": 1,
    "bot-149": 1,
    "bot-86": 1,
    "bot-58": 1,
    "bot-26": 1,
    "bot-130": 1,
    "bot-141": 1,
    "bot-109": 1,
    "florrio": 1,
    "bot-85": 1,
    "bot-98": 1,
    "a": 1,
    "bot-94": 1,
    "bot-25": 1,
    "bot-34": 1,
    "bot-30": 1,
    "bot-61": 1,
    "bot-42": 1,
    "bot-107": 1
  },
  "loadout_history": {
    "0": 1002,
    "1": 823,
    "14": 20,
    "10": 5,
    "45": 1,
    "9": 7,
    "5": 18,
    "25": 7,
    "15": 8,
    "6": 13,
    "35": 2,
    "24": 8,
    "28": 3,
    "69": 2,
    "18": 5,
    "7": 4,
    "20": 1,
    "208": 1,
    "22": 1,
    "54": 1,
    "29": 2,
    "19": 4,
    "101": 1,
    "17": 6,
    "21": 1,
    "51": 2,
    "30": 1,
    "167": 1,
    "59": 2,
    "32": 1,
    "16": 2,
    "11": 3,
    "180": 1,
    "60": 2,
    "58": 1,
    "36": 2,
    "49": 1,
    "39": 1,
    "136": 1,
    "34": 1,
    "204": 2,
    "116": 1,
    "37": 2,
    "79": 2,
    "12": 1,
    "168": 1
  }
}