{
  "schema": 1,
  "name": "bot-38",
  "first_seen": 1778543153.680154,
  "last_seen": 1779316722.95698,
  "episodes": 1499,
  "score_total": 284795,
  "score_best": 10020,
  "best_loadout": [
    1,
    1,
    0,
    0,
    0,
    0,
    0,
    0
  ],
  "killed_by": {
    "Hornet": 360,
    "Mantis": 108,
    "Bee": 114,
    "Beetle": 84,
    "Centipede": 48,
    "Ladybug": 50,
    "bot-24": 5,
    "bot-107": 2,
    "Wasp": 261,
    "Cactus": 86,
    "bot-143": 1,
    "bot-60": 6,
    "bloomy": 1,
    "not bot": 2,
    "bot-124": 1,
    "bot-58": 2,
    "Sandstorm": 18,
    "bot-59": 3,
    "Leafbug": 19,
    "Spider": 53,
    "Worker Ant": 4,
    "bot-42": 3,
    "Bush": 21,
    "bot-85": 1,
    "bot-118": 4,
    "bot-96": 1,
    "Rock": 25,
    "Desert Centipede": 11,
    "Scorpion": 9,
    "bot-43": 6,
    "blossom-v2": 1,
    "bot-48": 3,
    "bot-64": 2,
    "bot-73": 1,
    "Baby Ant": 4,
    "bot-132": 1,
    "bot-99": 2,
    "bot-149": 2,
    "bot-109": 1,
    "Evil Centipede": 22,
    "bot-102": 2,
    "bot-127": 1,
    "bot-76": 7,
    "bot-125": 1,
    "gardn": 2,
    "bot-68": 3,
    "rosie": 3,
    "bot-49": 1,
    "bot-98": 2,
    "bot-91": 2,
    "bot-88": 1,
    "bot-116": 1,
    "bot-65": 1,
    "bot-83": 1,
    "bot-94": 1,
    "petalpop": 2,
    "bot-146": 1,
    "bot-54": 3,
    "bot-128": 4,
    "Soldier Ant": 8,
    "bot-90": 5,
    "bot-77": 2,
    "bot-30": 1,
    "hello": 2,
    "bot-69": 3,
    "bot-86": 2,
    "bot-144": 2,
    "bot-136": 2,
    "bot-89": 4,
    "bot-103": 2,
    "bot-117": 1,
    "bot-45": 5,
    "bot-51": 1,
    "bot-119": 3,
    "bot-57": 2,
    "bot-75": 2,
    "bot-121": 1,
    "bot-106": 1,
    "bot-130": 1,
    "bot-61": 3,
    "bot-74": 1,
    "bot-101": 2,
    "bot-26": 1,
    "bot-140": 2,
    "bot-138": 3,
    "thorn": 1,
    "bot-44": 2,
    "bot-53": 1,
    "bot-137": 1,
    "leafy": 2,
    "bot-145": 2,
    "bot-62": 1,
    "bot-63": 1,
    "bot-67": 1,
    "florrio": 1,
    "root": 2,
    "bot-134": 1,
    "bot-22": 1,
    "Queen Ant": 1,
    "sussy": 1,
    "bot-114": 1,
    "bot-41": 1,
    "bot-129": 2,
    "bot-39": 1
  },
  "loadout_history": {
    "0": 1276,
    "1": 1059,
    "9": 24,
    "5": 31,
    "19": 11,
    "15": 19,
    "24": 19,
    "14": 37,
    "34": 7,
    "181": 1,
    "79": 6,
    "18": 15,
    "10": 10,
    "205": 1,
    "83": 3,
    "7": 8,
    "28": 6,
    "21": 1,
    "46": 1,
    "20": 3,
    "25": 2,
    "97": 1,
    "33": 2,
    "49": 4,
    "29": 2,
    "11": 4,
    "13": 3,
    "58": 5,
    "6": 8,
    "51": 2,
    "31": 1,
    "8": 5,
    "12": 4,
    "61": 2,
    "169": 1,
    "62": 1,
    "17": 1,
    "36": 1,
    "16": 3,
    "118": 1,
    "37": 1,
    "26": 4,
    "27": 1,
    "116": 4,
    "35": 5,
    "86": 2,
    "167": 1,
    "204": 3,
    "47": 1,
    "40": 2,
    "206": 1,
    "55": 1,
    "117": 1,
    "168": 1,
    "48": 1,
    "50": 1,
    "39": 1,
    "203": 1
  }
}