{
  "schema": 1,
  "name": "bot-38",
  "first_seen": 1778543153.680154,
  "last_seen": 1778553038.3045812,
  "episodes": 40,
  "score_total": 2057,
  "score_best": 180,
  "best_loadout": [
    14,
    0,
    0,
    0,
    0
  ],
  "killed_by": {
    "Hornet": 13,
    "Mantis": 2,
    "Bee": 4,
    "Beetle": 2,
    "Centipede": 2,
    "Ladybug": 1,
    "bot-24": 2,
    "bot-107": 1,
    "Wasp": 4,
    "Cactus": 2,
    "bot-143": 1
  },
  "loadout_history": {
    "0": 37,
    "1": 31,
    "9": 5,
    "5": 6,
    "19": 1,
    "15": 2,
    "24": 1,
    "14": 6,
    "34": 2,
    "181": 1,
    "79": 1
  }
}