{
  "schema": 1,
  "name": "bot-68",
  "first_seen": 1778543111.939587,
  "last_seen": 1778552131.690316,
  "episodes": 39,
  "score_total": 1850,
  "score_best": 150,
  "best_loadout": [
    19,
    79,
    0,
    0,
    0
  ],
  "killed_by": {
    "Spider": 1,
    "Beetle": 2,
    "Hornet": 9,
    "Mantis": 3,
    "bot-29": 1,
    "Centipede": 2,
    "flower": 2,
    "bot-81": 1,
    "Bee": 2,
    "Wasp": 4,
    "bot-113": 2,
    "Scorpion": 1,
    "bloomy": 1,
    "bot-115": 2
  },
  "loadout_history": {
    "0": 38,
    "1": 28,
    "5": 3,
    "14": 2,
    "15": 2,
    "11": 1,
    "48": 1,
    "35": 1,
    "24": 1,
    "9": 1,
    "19": 3,
    "46": 1,
    "79": 1,
    "29": 1
  }
}