{
  "schema": 1,
  "name": "bot-130",
  "first_seen": 1778543146.9524028,
  "last_seen": 1778545771.040481,
  "episodes": 15,
  "score_total": 2753,
  "score_best": 1076,
  "best_loadout": [
    1,
    0,
    14,
    1,
    1,
    30
  ],
  "killed_by": {
    "Wasp": 2,
    "Evil Centipede": 1,
    "bot-124": 1,
    "Hornet": 5,
    "Beetle": 2,
    "Mantis": 1,
    "bot-88": 1
  },
  "loadout_history": {
    "1": 12,
    "0": 14,
    "14": 1,
    "30": 1,
    "7": 1,
    "25": 1,
    "15": 1,
    "49": 1
  }
}