{
  "schema": 1,
  "name": "bot-83",
  "first_seen": 1778543180.756591,
  "last_seen": 1779316779.8022442,
  "episodes": 1472,
  "score_total": 238235,
  "score_best": 7875,
  "best_loadout": [
    14,
    20,
    0,
    0,
    0,
    0,
    0,
    0
  ],
  "killed_by": {
    "Evil Centipede": 24,
    "Hornet": 377,
    "Wasp": 258,
    "bot-78": 2,
    "Cactus": 91,
    "Bush": 21,
    "Spider": 40,
    "Sandstorm": 13,
    "Ladybug": 71,
    "Beetle": 67,
    "Rock": 19,
    "Mantis": 118,
    "bot-25": 2,
    "Bee": 99,
    "bot-79": 2,
    "bot-144": 1,
    "bot-56": 2,
    "bot-117": 2,
    "bot-99": 2,
    "bot-41": 2,
    "bot-87": 1,
    "Centipede": 35,
    "Baby Ant": 2,
    "bot-102": 1,
    "bot-52": 2,
    "zorr": 2,
    "bot-95": 2,
    "bot-45": 1,
    "gardn": 7,
    "bot-48": 1,
    "bot-27": 1,
    "bot-58": 3,
    "Leafbug": 18,
    "bot-32": 2,
    "bot-124": 1,
    "bot-94": 1,
    "bot-29": 2,
    "not bot": 2,
    "bot-23": 1,
    "bot-67": 3,
    "blossom": 2,
    "Worker Ant": 7,
    "bot-37": 8,
    "thornbloom": 1,
    "bot-60": 1,
    "bot-116": 1,
    "bot-109": 2,
    "rosie": 2,
    "bot-77": 1,
    "bot-108": 1,
    "bloom": 1,
    "bot-80": 1,
    "bot-50": 1,
    "bot-66": 1,
    "bot": 1,
    "bot-63": 1,
    "bot-73": 2,
    "bot-59": 2,
    "bot-119": 3,
    "bloomy": 2,
    "bot-114": 1,
    "bot-147": 1,
    "bot-54": 2,
    "bot-30": 1,
    "Scorpion": 17,
    "bot-91": 1,
    "bot-126": 1,
    "bot-86": 2,
    "bot-22": 1,
    "bot-110": 2,
    "bot-47": 1,
    "bot-89": 2,
    "bot-81": 6,
    "bot-133": 1,
    "Desert Centipede": 4,
    "bot-107": 1,
    "a": 2,
    "bot-74": 1,
    "bot-112": 1,
    "bot-96": 1,
    "bot-51": 2,
    "bot-131": 1,
    "thorny": 2,
    "thorn": 3,
    "aa": 1,
    "bot-46": 1,
    "root": 2,
    "bot-69": 1,
    "bot-140": 2,
    "bot-129": 1,
    "bot-118": 1,
    "bot-135": 2,
    "bot-28": 1,
    "bot-145": 3,
    "bot-71": 2,
    "bot-105": 1,
    "bot-104": 1,
    "bot-72": 1,
    "bot-115": 2,
    "bot-38": 1,
    "bot-143": 1,
    "bot-53": 3,
    "bot-120": 2,
    "bot-141": 2,
    "bot-31": 1,
    "bot-49": 1,
    "bot-88": 1,
    "bot-85": 1,
    "prickly": 1,
    "blossom-v2": 1,
    "bot-97": 1,
    "bot-36": 1,
    "hello": 1,
    "bot-101": 2,
    "bot-132": 1,
    "Soldier Ant": 6,
    "bot-123": 1,
    "bot-92": 1,
    "bot-62": 1
  },
  "loadout_history": {
    "0": 1252,
    "1": 1031,
    "28": 8,
    "19": 9,
    "24": 14,
    "5": 28,
    "14": 36,
    "79": 4,
    "15": 14,
    "7": 3,
    "26": 1,
    "9": 12,
    "34": 4,
    "18": 5,
    "22": 1,
    "30": 2,
    "21": 1,
    "6": 13,
    "10": 7,
    "8": 1,
    "25": 10,
    "58": 2,
    "17": 1,
    "13": 4,
    "118": 1,
    "175": 1,
    "182": 1,
    "23": 2,
    "11": 3,
    "46": 1,
    "54": 1,
    "33": 2,
    "51": 3,
    "60": 1,
    "47": 3,
    "116": 1,
    "48": 2,
    "83": 2,
    "38": 1,
    "16": 3,
    "75": 1,
    "31": 1,
    "27": 1,
    "20": 2,
    "89": 1,
    "167": 3,
    "49": 1,
    "29": 5,
    "56": 1,
    "204": 1,
    "32": 1,
    "117": 1,
    "40": 2,
    "35": 2,
    "205": 1,
    "69": 1
  }
}