{
  "schema": 1,
  "name": "bot-51",
  "first_seen": 1778543104.996141,
  "last_seen": 1778727539.6661775,
  "episodes": 1250,
  "score_total": 196815,
  "score_best": 10706,
  "best_loadout": [
    0,
    0,
    0,
    0,
    0,
    0,
    0,
    0
  ],
  "killed_by": {
    "Evil Centipede": 16,
    "Hornet": 284,
    "Wasp": 217,
    "bot-122": 3,
    "bot-125": 1,
    "bot": 3,
    "thorny": 2,
    "Beetle": 43,
    "bot-126": 2,
    "Mantis": 104,
    "Bee": 74,
    "Sandstorm": 12,
    "bot-61": 3,
    "bot-29": 3,
    "Desert Centipede": 5,
    "bot-55": 3,
    "Spider": 33,
    "Cactus": 83,
    "Ladybug": 73,
    "Centipede": 37,
    "leafy": 1,
    "Bush": 17,
    "zorr": 1,
    "Leafbug": 21,
    "Scorpion": 10,
    "Rock": 14,
    "bot-87": 2,
    "67": 2,
    "bot-110": 2,
    "bot-53": 2,
    "bot-25": 1,
    "bot-59": 3,
    "bot-90": 1,
    "bot-62": 2,
    "bot-119": 5,
    "bot-65": 2,
    "bot-106": 1,
    "bot-54": 4,
    "bot-79": 1,
    "thorn": 1,
    "blossom-v2": 2,
    "bot-147": 4,
    "bot-76": 3,
    "bot-58": 2,
    "bot-93": 3,
    "bot-117": 1,
    "bot-47": 1,
    "bot-127": 2,
    "bot-28": 7,
    "bot-108": 2,
    "root": 8,
    "bot-56": 1,
    "bot-77": 1,
    "bot-70": 1,
    "bot-128": 5,
    "bot-85": 2,
    "bot-95": 1,
    "bot-57": 1,
    "bot-68": 1,
    "bot-26": 2,
    "bot-149": 1,
    "aa": 4,
    "bloomy": 2,
    "Soldier Ant": 2,
    "bot-148": 5,
    "bot-88": 2,
    "bot-41": 2,
    "bot-114": 1,
    "bot-80": 2,
    "petalpop": 1,
    "not bot": 1,
    "bot-66": 1,
    "bot-83": 2,
    "Baby Ant": 4,
    "bot-136": 2,
    "bot-84": 2,
    "bot-40": 2,
    "bot-146": 3,
    "bot-134": 2,
    "bot-113": 2,
    "bot-123": 1,
    "prickly": 1,
    "bot-135": 2,
    "flower": 2,
    "gardn": 1,
    "bot-92": 1,
    "bot-137": 1,
    "bot-37": 2,
    "bot-109": 1,
    "bot-63": 1,
    "bot-144": 1,
    "bot-118": 2,
    "bot-33": 1,
    "bot-105": 1,
    "bot-71": 1,
    "bot-145": 2,
    "bot-132": 2,
    "bloom": 3,
    "bot-30": 1,
    "bot-141": 1,
    "bot-133": 1,
    "bot-43": 1,
    "bot-121": 1,
    "bot-49": 1,
    "thornbloom": 3,
    "rosie": 1,
    "bot-35": 1,
    "Worker Ant": 1,
    "bot-36": 1,
    "hello": 1,
    "bot-101": 1,
    "bot-60": 1,
    "bot-107": 1,
    "bot-31": 1,
    "bot-97": 1
  },
  "loadout_history": {
    "0": 1054,
    "1": 886,
    "116": 3,
    "6": 8,
    "14": 23,
    "24": 13,
    "36": 1,
    "9": 3,
    "16": 3,
    "19": 5,
    "5": 17,
    "33": 4,
    "15": 13,
    "18": 8,
    "35": 3,
    "29": 1,
    "79": 7,
    "56": 1,
    "167": 1,
    "48": 1,
    "25": 8,
    "180": 1,
    "21": 2,
    "54": 3,
    "11": 4,
    "26": 2,
    "8": 1,
    "49": 1,
    "51": 3,
    "28": 3,
    "7": 4,
    "58": 1,
    "17": 1,
    "84": 1,
    "10": 2,
    "83": 1,
    "30": 1,
    "12": 4,
    "143": 1,
    "93": 1,
    "46": 4,
    "86": 1,
    "34": 5,
    "61": 1,
    "62": 1,
    "55": 1,
    "20": 1,
    "181": 1,
    "177": 1
  }
}