{
  "schema": 1,
  "name": "bot-73",
  "first_seen": 1778543181.8947861,
  "last_seen": 1778713144.394073,
  "episodes": 1102,
  "score_total": 184976,
  "score_best": 5770,
  "best_loadout": [
    1,
    0,
    0,
    0,
    0,
    0,
    0
  ],
  "killed_by": {
    "Wasp": 208,
    "bot-89": 1,
    "bot-64": 3,
    "Mantis": 79,
    "bot-119": 2,
    "Hornet": 258,
    "hello": 2,
    "Desert Centipede": 7,
    "Evil Centipede": 14,
    "Bee": 90,
    "bot-51": 2,
    "Beetle": 36,
    "Cactus": 65,
    "Spider": 40,
    "bot-54": 2,
    "bot-32": 1,
    "bot-25": 2,
    "zorr": 1,
    "Scorpion": 4,
    "florrio": 1,
    "Ladybug": 46,
    "bot-84": 3,
    "Bush": 19,
    "bot-76": 3,
    "bot-103": 2,
    "bot-127": 2,
    "Rock": 10,
    "Leafbug": 19,
    "Centipede": 25,
    "bot-55": 4,
    "bot-111": 2,
    "Baby Ant": 3,
    "Sandstorm": 17,
    "bot-49": 3,
    "bot-58": 4,
    "bot-52": 1,
    "bot-74": 2,
    "bot-107": 2,
    "bot-96": 5,
    "thornbloom": 1,
    "bot-133": 4,
    "bot-123": 1,
    "bot-131": 4,
    "bot-140": 4,
    "bot-31": 1,
    "bot-86": 1,
    "bot-92": 3,
    "bot-145": 2,
    "bot-99": 2,
    "Worker Ant": 5,
    "bot-66": 1,
    "bot-115": 2,
    "bot-121": 1,
    "bloom": 3,
    "bot-128": 2,
    "bot-59": 1,
    "a": 1,
    "Soldier Ant": 3,
    "bot-67": 1,
    "bot-139": 1,
    "bloomy": 1,
    "bot-135": 3,
    "bot-113": 1,
    "bot-141": 1,
    "bot-60": 1,
    "bot-28": 1,
    "bot-90": 2,
    "bot-34": 2,
    "bot-100": 1,
    "bot-48": 2,
    "bot-45": 5,
    "bot-72": 2,
    "bot-88": 1,
    "bot-129": 1,
    "bot-80": 1,
    "bot-50": 2,
    "bot-101": 1,
    "bot-98": 1,
    "bot-37": 1,
    "bot-122": 1,
    "bot-104": 1,
    "thorny": 1,
    "not bot": 1,
    "bot-114": 1,
    "bot-38": 1,
    "bot-53": 1,
    "bot-24": 1,
    "bot-112": 1,
    "bot-56": 1,
    "bot-148": 1,
    "bot-27": 1,
    "bot-125": 1,
    "bot-102": 3,
    "root": 1,
    "leafy": 1,
    "bot-63": 2,
    "bot-136": 1,
    "bot-68": 1,
    "bot-78": 4,
    "bot-43": 1
  },
  "loadout_history": {
    "0": 942,
    "1": 756,
    "69": 2,
    "24": 6,
    "28": 3,
    "49": 2,
    "34": 1,
    "33": 2,
    "14": 15,
    "11": 4,
    "35": 3,
    "6": 8,
    "7": 1,
    "46": 1,
    "15": 6,
    "19": 7,
    "9": 7,
    "116": 3,
    "23": 3,
    "16": 2,
    "83": 3,
    "84": 1,
    "18": 7,
    "12": 1,
    "62": 1,
    "20": 2,
    "10": 7,
    "27": 1,
    "5": 8,
    "136": 1,
    "25": 8,
    "32": 2,
    "26": 2,
    "56": 1,
    "48": 1,
    "37": 2,
    "8": 2,
    "47": 1,
    "167": 3,
    "29": 1,
    "79": 1,
    "36": 2,
    "21": 1,
    "183": 1,
    "13": 1,
    "17": 1
  }
}