{
  "schema": 1,
  "name": "bot-708",
  "first_seen": 1778364746.819594,
  "last_seen": 1778543025.4471302,
  "episodes": 22,
  "score_total": 351,
  "score_best": 55,
  "best_loadout": [
    0,
    23,
    0,
    0,
    0
  ],
  "killed_by": {
    "Beetle": 5,
    "Boulder": 1,
    "Hornet": 7,
    "bot-510": 1,
    "Wasp": 1
  },
  "loadout_history": {
    "0": 20,
    "1": 20,
    "10": 1,
    "14": 2,
    "23": 1,
    "5": 1
  }
}