{
  "schema": 1,
  "name": "bot-148",
  "first_seen": 1778543177.00911,
  "last_seen": 1778545851.646028,
  "episodes": 20,
  "score_total": 1431,
  "score_best": 275,
  "best_loadout": [
    39,
    24,
    0,
    0,
    1,
    0
  ],
  "killed_by": {
    "bot-51": 1,
    "Wasp": 6,
    "Hornet": 5,
    "Mantis": 2,
    "Cactus": 1,
    "Bee": 1,
    "bot-121": 2
  },
  "loadout_history": {
    "0": 18,
    "9": 3,
    "1": 19,
    "10": 1,
    "14": 2,
    "18": 2,
    "19": 2,
    "24": 2,
    "5": 1,
    "39": 1
  }
}