{
  "schema": 1,
  "name": "bot-114",
  "first_seen": 1778364741.28893,
  "last_seen": 1778638791.909921,
  "episodes": 659,
  "score_total": 102985,
  "score_best": 5153,
  "best_loadout": [
    1,
    1,
    0,
    1,
    1,
    0,
    0
  ],
  "killed_by": {
    "Beetle": 24,
    "Spider": 25,
    "Boulder": 1,
    "Hornet": 166,
    "Wasp": 102,
    "Cactus": 31,
    "Sandstorm": 6,
    "Mantis": 61,
    "Centipede": 17,
    "Bee": 40,
    "Desert Centipede": 3,
    "bot-95": 1,
    "bot-133": 4,
    "gardn": 1,
    "bot-57": 1,
    "bot-38": 2,
    "bot-47": 1,
    "bot-92": 1,
    "bot-39": 1,
    "bot-105": 1,
    "bot-101": 3,
    "bot-46": 2,
    "Scorpion": 1,
    "bot-129": 2,
    "Leafbug": 4,
    "Ladybug": 40,
    "not bot": 1,
    "Rock": 9,
    "Bush": 7,
    "Evil Centipede": 6,
    "bot-49": 1,
    "Soldier Ant": 2,
    "bot-51": 1,
    "bot-27": 3,
    "bot-71": 3,
    "bot-29": 1,
    "bot-111": 2,
    "bot-102": 1,
    "bot-87": 1,
    "bot-66": 1,
    "bot-110": 3,
    "bot-106": 1,
    "bot-130": 1,
    "bot-108": 1,
    "bot-137": 1,
    "bot-83": 1,
    "bot-117": 1,
    "bot-26": 2,
    "bot-148": 1,
    "bot-147": 6,
    "bloom": 2,
    "Worker Ant": 4,
    "bot-77": 3,
    "bot-132": 1,
    "aa": 1,
    "bot-97": 1,
    "bot-116": 1,
    "bot-63": 1,
    "bot-59": 2,
    "bot-50": 1,
    "bot-40": 1,
    "bot-43": 1,
    "bot-34": 1,
    "bot-113": 1,
    "bot-33": 1,
    "bot-138": 1,
    "bot-74": 1,
    "bot-112": 1,
    "bot-96": 1,
    "bot-56": 2,
    "bot-122": 1,
    "bot-35": 2,
    "bot-104": 1,
    "bot-65": 1,
    "bot-37": 1,
    "bot-73": 1,
    "bot-119": 1,
    "bot-67": 1,
    "bot-80": 1,
    "bot-123": 2
  },
  "loadout_history": {
    "1": 452,
    "0": 545,
    "18": 4,
    "14": 15,
    "28": 2,
    "6": 6,
    "9": 10,
    "5": 9,
    "38": 1,
    "29": 1,
    "79": 2,
    "39": 1,
    "24": 10,
    "34": 6,
    "167": 5,
    "46": 1,
    "15": 7,
    "12": 2,
    "60": 1,
    "35": 2,
    "36": 1,
    "13": 1,
    "11": 3,
    "19": 3,
    "136": 1,
    "83": 1,
    "16": 3,
    "7": 2,
    "20": 1,
    "61": 1,
    "26": 1,
    "37": 1
  }
}