{
  "schema": 1,
  "name": "bot-87",
  "first_seen": 1778543145.8908741,
  "last_seen": 1778624155.5521631,
  "episodes": 464,
  "score_total": 66936,
  "score_best": 6862,
  "best_loadout": [
    0,
    0,
    0,
    0,
    0,
    0,
    0,
    0
  ],
  "killed_by": {
    "Wasp": 83,
    "aa": 3,
    "Mantis": 47,
    "Hornet": 110,
    "bot-94": 1,
    "Bee": 38,
    "Desert Centipede": 1,
    "Evil Centipede": 5,
    "Beetle": 11,
    "Cactus": 29,
    "bot-121": 1,
    "bot-28": 1,
    "prickly": 1,
    "bot-84": 1,
    "Centipede": 11,
    "bot-118": 2,
    "Ladybug": 15,
    "Leafbug": 13,
    "blossom": 1,
    "Scorpion": 1,
    "Spider": 7,
    "Bush": 6,
    "bot-60": 1,
    "bot-145": 1,
    "Soldier Ant": 1,
    "bot-31": 1,
    "bot-86": 1,
    "Sandstorm": 3,
    "Baby Ant": 1,
    "bot-96": 1,
    "bot-142": 1,
    "bot-23": 1,
    "bot-56": 1,
    "bot-93": 1,
    "bot-138": 1,
    "bot-146": 1,
    "bot-119": 2,
    "bot-67": 2,
    "Worker Ant": 3,
    "Rock": 10,
    "bot-107": 1,
    "bot-128": 1,
    "bot-26": 1,
    "bot-104": 1,
    "bot-140": 2,
    "bot-91": 1,
    "thorny": 4,
    "bot-88": 1,
    "bot-22": 1,
    "bot-149": 1,
    "florrio": 1,
    "bot-117": 1,
    "bot-101": 1,
    "bot-73": 1,
    "bot-106": 1,
    "bot-98": 2,
    "bot-44": 1,
    "bot-147": 1,
    "petalpop": 4,
    "bot-57": 1,
    "bot-36": 1,
    "rosie": 2,
    "bot-148": 1,
    "bot-77": 1
  },
  "loadout_history": {
    "0": 411,
    "1": 300,
    "51": 1,
    "69": 1,
    "14": 11,
    "9": 5,
    "25": 4,
    "15": 3,
    "49": 1,
    "6": 3,
    "17": 2,
    "18": 3,
    "167": 1,
    "26": 2,
    "20": 1,
    "10": 4,
    "24": 3,
    "5": 3,
    "47": 1,
    "8": 1,
    "34": 1,
    "79": 1,
    "7": 2,
    "35": 2,
    "12": 1,
    "11": 1,
    "27": 1,
    "23": 1,
    "19": 1
  }
}