{
  "schema": 1,
  "name": "bot-127",
  "first_seen": 1778543800.252141,
  "last_seen": 1779316403.326536,
  "episodes": 1394,
  "score_total": 193324,
  "score_best": 5422,
  "best_loadout": [
    11,
    1,
    1,
    1,
    0,
    0,
    0
  ],
  "killed_by": {
    "bot-22": 4,
    "Beetle": 59,
    "Hornet": 334,
    "Wasp": 264,
    "Cactus": 85,
    "bot-142": 1,
    "bot-55": 1,
    "bot-23": 1,
    "Bee": 97,
    "Mantis": 117,
    "Ladybug": 45,
    "Desert Centipede": 8,
    "bot-131": 1,
    "bot-139": 1,
    "rosie": 2,
    "bot-129": 2,
    "bot-82": 1,
    "bot-49": 3,
    "bot-133": 2,
    "Spider": 37,
    "Evil Centipede": 23,
    "Rock": 13,
    "Sandstorm": 10,
    "Leafbug": 23,
    "Centipede": 37,
    "bot-85": 6,
    "bot-104": 1,
    "bot-53": 1,
    "bot-24": 2,
    "bot-87": 2,
    "bot-116": 2,
    "bot-28": 2,
    "bot-88": 1,
    "bot-124": 1,
    "Soldier Ant": 5,
    "bot-76": 3,
    "bot-46": 1,
    "gardn": 3,
    "bot-144": 2,
    "Scorpion": 14,
    "bot-113": 1,
    "blossom": 2,
    "bot-112": 5,
    "bot-108": 2,
    "bot-90": 1,
    "bot-42": 3,
    "bot-138": 4,
    "bot-103": 1,
    "bot-39": 3,
    "bot-120": 1,
    "bot-84": 1,
    "bot-29": 1,
    "bot-72": 1,
    "bot-59": 2,
    "bot-69": 3,
    "bot-89": 2,
    "bot-75": 1,
    "hello": 3,
    "a": 2,
    "Worker Ant": 4,
    "bot-92": 1,
    "bot-65": 2,
    "bot-96": 2,
    "bot-123": 2,
    "Baby Ant": 3,
    "flower": 3,
    "Bush": 13,
    "bot-68": 1,
    "bot-32": 4,
    "zorr": 1,
    "bot-148": 1,
    "bot-40": 7,
    "bot-125": 1,
    "bot-136": 3,
    "bot-99": 3,
    "bot-34": 1,
    "bot-132": 2,
    "bot-30": 1,
    "bot-91": 8,
    "bot-126": 2,
    "bot-141": 3,
    "bot-83": 1,
    "bot-118": 1,
    "bot-54": 1,
    "bot-67": 2,
    "bot-98": 3,
    "aa": 2,
    "bot-37": 1,
    "bot-78": 1,
    "bot-102": 1,
    "bot-105": 1,
    "bot-134": 2,
    "bot-50": 1,
    "bot-48": 1,
    "thornbloom": 1,
    "bot-31": 2,
    "bot-86": 1,
    "bot-149": 1,
    "bot-135": 1,
    "bot-81": 1,
    "bloomy": 1,
    "bot-143": 2,
    "bot-140": 1,
    "bot-111": 2,
    "bot-95": 1,
    "bot-35": 1,
    "bot-128": 1,
    "bot-51": 1,
    "bot-106": 1,
    "bot-52": 4,
    "bot-36": 1,
    "not bot": 1,
    "bot-80": 1,
    "bot-43": 2,
    "blossom-v2": 1,
    "Boulder": 1,
    "bot-57": 1,
    "bot-137": 1,
    "leafy": 1
  },
  "loadout_history": {
    "0": 1206,
    "49": 2,
    "28": 8,
    "39": 1,
    "1": 964,
    "18": 11,
    "79": 5,
    "5": 15,
    "24": 14,
    "11": 6,
    "15": 13,
    "9": 22,
    "51": 3,
    "10": 7,
    "14": 28,
    "34": 10,
    "25": 6,
    "171": 1,
    "19": 6,
    "54": 2,
    "6": 10,
    "16": 3,
    "26": 1,
    "20": 3,
    "7": 6,
    "116": 3,
    "33": 2,
    "118": 1,
    "181": 1,
    "8": 4,
    "84": 1,
    "35": 2,
    "29": 3,
    "55": 1,
    "120": 1,
    "12": 1,
    "23": 2,
    "117": 1,
    "21": 3,
    "142": 1,
    "27": 2,
    "108": 1,
    "169": 1,
    "167": 3,
    "83": 1,
    "92": 1,
    "180": 1,
    "60": 1,
    "30": 1,
    "40": 3,
    "45": 1,
    "41": 3,
    "80": 1,
    "56": 1,
    "36": 1
  }
}