{
  "schema": 1,
  "name": "bot-44",
  "first_seen": 1778543471.38784,
  "last_seen": 1778732008.385508,
  "episodes": 1313,
  "score_total": 244499,
  "score_best": 6206,
  "best_loadout": [
    0,
    1,
    0,
    0,
    0,
    0,
    0
  ],
  "killed_by": {
    "Hornet": 311,
    "Sandstorm": 21,
    "Rock": 13,
    "Mantis": 126,
    "Wasp": 229,
    "Cactus": 71,
    "bot-61": 1,
    "bot-56": 3,
    "bot-86": 1,
    "bot-33": 2,
    "bot-53": 1,
    "Centipede": 35,
    "bot-93": 1,
    "Evil Centipede": 9,
    "bot-39": 4,
    "Spider": 38,
    "Desert Centipede": 11,
    "Beetle": 56,
    "bot-146": 1,
    "zorr": 2,
    "bot-100": 2,
    "Bee": 99,
    "bot-26": 2,
    "bot-119": 2,
    "Scorpion": 7,
    "Ladybug": 44,
    "bot-127": 1,
    "Bush": 18,
    "bot-48": 1,
    "bot-111": 1,
    "Leafbug": 19,
    "bot-54": 1,
    "bot-34": 1,
    "prickly": 1,
    "bot-59": 1,
    "bot-141": 3,
    "bot-125": 1,
    "Soldier Ant": 5,
    "blossom-v2": 1,
    "bot-117": 2,
    "bot-75": 4,
    "bot-57": 1,
    "bot-133": 2,
    "bot-135": 1,
    "leafy": 5,
    "bot-87": 3,
    "bot-144": 3,
    "Worker Ant": 2,
    "bot-66": 1,
    "bot-31": 1,
    "bot-126": 1,
    "bot-123": 6,
    "bot-92": 1,
    "bot-41": 1,
    "bot-143": 2,
    "bot-45": 3,
    "bot-94": 1,
    "bloomy": 1,
    "bot-32": 2,
    "bot-70": 1,
    "thornbloom": 1,
    "bot-116": 1,
    "bot-72": 1,
    "thorny": 1,
    "bot-23": 2,
    "bot-52": 2,
    "bot-95": 1,
    "bot-108": 1,
    "67": 3,
    "thorn": 2,
    "bot-71": 6,
    "bot-91": 3,
    "bot-37": 4,
    "petalpop": 1,
    "bot-129": 3,
    "bot-145": 2,
    "bot-149": 1,
    "bot-122": 1,
    "bot-42": 2,
    "bot-58": 3,
    "bot-50": 1,
    "bot-76": 1,
    "aa": 3,
    "bot-132": 2,
    "bot-102": 2,
    "bot-78": 2,
    "not bot": 1,
    "blossom": 3,
    "root": 1,
    "flower": 2,
    "bot-90": 2,
    "bot-79": 1,
    "bot-107": 1,
    "bot-148": 1,
    "bot-68": 1,
    "bot-55": 1,
    "bot-35": 2,
    "bot-28": 2,
    "bot-85": 1,
    "bot-130": 1,
    "hello": 1,
    "bot-124": 1,
    "bot-142": 1,
    "bot-67": 1,
    "bot-115": 1,
    "bot-118": 2,
    "bot-36": 1,
    "gardn": 1,
    "bot-138": 1,
    "bot": 1,
    "bot-51": 4,
    "bot-82": 1,
    "bot-103": 1,
    "bot-84": 1,
    "bot-101": 1,
    "bot-22": 1,
    "bot-105": 1,
    "Queen Ant": 1,
    "bot-25": 1,
    "bot-73": 2,
    "sussy": 2,
    "bot-40": 1
  },
  "loadout_history": {
    "0": 1120,
    "1": 938,
    "46": 3,
    "9": 19,
    "14": 23,
    "5": 14,
    "49": 3,
    "167": 7,
    "15": 18,
    "21": 1,
    "19": 8,
    "18": 12,
    "24": 17,
    "23": 2,
    "69": 1,
    "34": 3,
    "10": 11,
    "168": 1,
    "30": 2,
    "6": 12,
    "29": 4,
    "11": 5,
    "13": 3,
    "62": 1,
    "7": 5,
    "25": 2,
    "28": 5,
    "54": 1,
    "58": 3,
    "16": 5,
    "79": 3,
    "123": 1,
    "33": 1,
    "8": 1,
    "60": 1,
    "116": 6,
    "26": 1,
    "31": 1,
    "20": 3,
    "17": 2,
    "35": 2,
    "181": 1,
    "171": 1,
    "32": 1,
    "180": 1
  }
}