{
  "schema": 1,
  "name": "bot-135",
  "first_seen": 1778543148.358541,
  "last_seen": 1778552131.632461,
  "episodes": 42,
  "score_total": 4544,
  "score_best": 1056,
  "best_loadout": [
    24,
    0,
    14,
    0,
    0,
    0
  ],
  "killed_by": {
    "Mantis": 5,
    "Scorpion": 1,
    "Wasp": 8,
    "Hornet": 10,
    "Evil Centipede": 2,
    "bot-77": 1,
    "rosie": 1,
    "Bee": 2,
    "bot-33": 1,
    "Centipede": 1,
    "bot-145": 1,
    "Cactus": 2,
    "bot-56": 1
  },
  "loadout_history": {
    "0": 36,
    "1": 29,
    "24": 2,
    "14": 4,
    "5": 2,
    "18": 3,
    "28": 1,
    "15": 2,
    "12": 1,
    "7": 1,
    "10": 1,
    "51": 1,
    "34": 1,
    "19": 1,
    "6": 1,
    "29": 1,
    "116": 1,
    "9": 1
  }
}