{
  "schema": 1,
  "name": "bot-103",
  "first_seen": 1778364740.526263,
  "last_seen": 1778713151.8508139,
  "episodes": 1275,
  "score_total": 162972,
  "score_best": 7522,
  "best_loadout": [
    0,
    0,
    0,
    1,
    0,
    0,
    0,
    0
  ],
  "killed_by": {
    "Beetle": 43,
    "Hornet": 305,
    "Cactus": 77,
    "bot-703": 2,
    "Soldier Ant": 4,
    "bot-605": 1,
    "Spider": 33,
    "bot-500": 2,
    "Centipede": 25,
    "Bee": 100,
    "Worker Ant": 12,
    "bot-704": 2,
    "bot-602": 2,
    "Sandstorm": 25,
    "bot-308": 2,
    "bot-307": 1,
    "Wasp": 243,
    "Evil Centipede": 9,
    "bot-201": 1,
    "thornbloom": 2,
    "prickly": 2,
    "bot-100": 1,
    "bot-117": 2,
    "bot-137": 2,
    "Mantis": 113,
    "bot-132": 1,
    "thorny": 2,
    "bot-69": 2,
    "Desert Centipede": 9,
    "bot-126": 2,
    "bot-92": 2,
    "bot-111": 2,
    "bot-87": 1,
    "Ladybug": 51,
    "Scorpion": 8,
    "bot-90": 2,
    "bloom": 2,
    "bot-73": 1,
    "bot-93": 9,
    "67": 1,
    "Bush": 13,
    "Leafbug": 16,
    "bot-99": 5,
    "petalpop": 1,
    "bot-43": 2,
    "bot-140": 1,
    "bot-24": 2,
    "bot-60": 1,
    "bot-39": 3,
    "bot-127": 1,
    "bot-135": 4,
    "bot-61": 2,
    "bot-123": 1,
    "leafy": 1,
    "Rock": 7,
    "gardn": 2,
    "bot-47": 1,
    "bot-84": 1,
    "bot-49": 2,
    "bot-102": 1,
    "bot-115": 1,
    "bot-136": 1,
    "bot-53": 4,
    "bot": 2,
    "bot-89": 1,
    "not bot": 3,
    "bot-114": 1,
    "bot-133": 1,
    "bot-33": 1,
    "bot-55": 1,
    "bot-96": 1,
    "zorr": 1,
    "bot-128": 2,
    "bot-125": 6,
    "bot-147": 4,
    "rosie": 2,
    "bot-64": 3,
    "bot-149": 2,
    "bot-56": 2,
    "bot-32": 1,
    "bot-109": 2,
    "bot-51": 1,
    "bot-75": 1,
    "bot-40": 1,
    "bot-71": 2,
    "bot-25": 2,
    "bot-116": 1,
    "bot-42": 1,
    "bot-67": 1,
    "aa": 1,
    "bot-26": 1,
    "blossom-v2": 2,
    "bot-74": 1,
    "bot-112": 1,
    "bot-82": 1,
    "bot-38": 2,
    "bot-98": 1,
    "bot-22": 1,
    "bot-81": 1,
    "bot-72": 1,
    "a": 1,
    "bot-86": 2,
    "bot-129": 1,
    "blossom": 1,
    "bot-104": 2,
    "bot-91": 1,
    "root": 1,
    "bot-34": 1,
    "thorn": 1,
    "bot-66": 1,
    "bot-70": 1,
    "bot-110": 1,
    "Baby Ant": 1,
    "bot-106": 1
  },
  "loadout_history": {
    "1": 902,
    "0": 1075,
    "49": 3,
    "9": 7,
    "24": 17,
    "5": 9,
    "79": 2,
    "46": 3,
    "28": 4,
    "14": 13,
    "10": 6,
    "18": 5,
    "48": 1,
    "33": 1,
    "32": 1,
    "116": 2,
    "35": 1,
    "6": 4,
    "39": 1,
    "112": 1,
    "34": 1,
    "167": 2,
    "20": 2,
    "12": 2,
    "58": 1,
    "60": 2,
    "15": 13,
    "23": 1,
    "25": 6,
    "16": 4,
    "8": 2,
    "83": 3,
    "29": 3,
    "19": 3,
    "17": 2,
    "169": 1,
    "30": 1,
    "182": 1,
    "26": 1,
    "51": 2,
    "21": 1,
    "180": 1,
    "22": 1,
    "204": 1,
    "84": 1,
    "61": 1,
    "101": 1,
    "11": 1,
    "13": 1,
    "69": 1,
    "181": 1
  }
}