{
  "schema": 1,
  "name": "bot-83",
  "first_seen": 1778543180.756591,
  "last_seen": 1778718442.55886,
  "episodes": 1240,
  "score_total": 227351,
  "score_best": 7875,
  "best_loadout": [
    14,
    20,
    0,
    0,
    0,
    0,
    0,
    0
  ],
  "killed_by": {
    "Evil Centipede": 11,
    "Hornet": 302,
    "Wasp": 238,
    "bot-78": 2,
    "Cactus": 80,
    "Bush": 21,
    "Spider": 34,
    "Sandstorm": 10,
    "Ladybug": 63,
    "Beetle": 40,
    "Rock": 19,
    "Mantis": 100,
    "bot-25": 2,
    "Bee": 90,
    "bot-79": 2,
    "bot-144": 1,
    "bot-56": 2,
    "bot-117": 2,
    "bot-99": 1,
    "bot-41": 2,
    "bot-87": 1,
    "Centipede": 34,
    "Baby Ant": 2,
    "bot-102": 1,
    "bot-52": 2,
    "zorr": 2,
    "bot-95": 2,
    "bot-45": 1,
    "gardn": 2,
    "bot-48": 1,
    "bot-27": 1,
    "bot-58": 3,
    "Leafbug": 18,
    "bot-32": 2,
    "bot-124": 1,
    "bot-94": 1,
    "bot-29": 2,
    "not bot": 2,
    "bot-23": 1,
    "bot-67": 2,
    "blossom": 2,
    "Worker Ant": 3,
    "bot-37": 8,
    "thornbloom": 1,
    "bot-60": 1,
    "bot-116": 1,
    "bot-109": 2,
    "rosie": 2,
    "bot-77": 1,
    "bot-108": 1,
    "bloom": 1,
    "bot-80": 1,
    "bot-50": 1,
    "bot-66": 1,
    "bot": 1,
    "bot-63": 1,
    "bot-73": 1,
    "bot-59": 2,
    "bot-119": 3,
    "bloomy": 1,
    "bot-114": 1,
    "bot-147": 1,
    "bot-54": 2,
    "bot-30": 1,
    "Scorpion": 11,
    "bot-91": 1,
    "bot-126": 1,
    "bot-86": 2,
    "bot-22": 1,
    "bot-110": 2,
    "bot-47": 1,
    "bot-89": 2,
    "bot-81": 6,
    "bot-133": 1,
    "Desert Centipede": 2,
    "bot-107": 1,
    "a": 2,
    "bot-74": 1,
    "bot-112": 1,
    "bot-96": 1,
    "bot-51": 2,
    "bot-131": 1,
    "thorny": 2,
    "thorn": 3,
    "aa": 1,
    "bot-46": 1,
    "root": 2,
    "bot-69": 1,
    "bot-140": 2,
    "bot-129": 1,
    "bot-118": 1,
    "bot-135": 2,
    "bot-28": 1,
    "bot-145": 3,
    "bot-71": 2,
    "bot-105": 1,
    "bot-104": 1,
    "bot-72": 1,
    "bot-115": 2,
    "bot-38": 1,
    "bot-143": 1,
    "bot-53": 1,
    "bot-120": 2,
    "bot-141": 2,
    "bot-31": 1,
    "bot-49": 1,
    "bot-88": 1,
    "bot-85": 1,
    "prickly": 1,
    "blossom-v2": 1,
    "bot-97": 1,
    "bot-36": 1,
    "hello": 1
  },
  "loadout_history": {
    "0": 1030,
    "1": 881,
    "28": 4,
    "19": 9,
    "24": 9,
    "5": 21,
    "14": 29,
    "79": 3,
    "15": 10,
    "7": 3,
    "26": 1,
    "9": 10,
    "34": 3,
    "18": 3,
    "22": 1,
    "30": 1,
    "21": 1,
    "6": 11,
    "10": 7,
    "8": 1,
    "25": 9,
    "58": 2,
    "17": 1,
    "13": 4,
    "118": 1,
    "175": 1,
    "182": 1,
    "23": 2,
    "11": 3,
    "46": 1,
    "54": 1,
    "33": 2,
    "51": 3,
    "60": 1,
    "47": 2,
    "116": 1,
    "48": 1,
    "83": 2,
    "38": 1,
    "16": 2,
    "75": 1,
    "31": 1,
    "27": 1,
    "20": 1,
    "89": 1,
    "167": 2,
    "49": 1,
    "29": 1,
    "56": 1
  }
}