{
  "schema": 1,
  "name": "bot-69",
  "first_seen": 1778543156.027966,
  "last_seen": 1778624242.9375749,
  "episodes": 469,
  "score_total": 63501,
  "score_best": 8921,
  "best_loadout": [
    0,
    0,
    0,
    0,
    0,
    0,
    0,
    0
  ],
  "killed_by": {
    "Beetle": 24,
    "Wasp": 100,
    "Hornet": 97,
    "Leafbug": 4,
    "Mantis": 47,
    "bot-85": 1,
    "bot-42": 1,
    "Bee": 23,
    "thorny": 1,
    "bot-126": 1,
    "bot-130": 1,
    "bot-100": 2,
    "bot-147": 1,
    "Cactus": 32,
    "hello": 2,
    "Sandstorm": 4,
    "Rock": 15,
    "Evil Centipede": 3,
    "Ladybug": 17,
    "Centipede": 9,
    "bot-66": 2,
    "bot-81": 1,
    "Scorpion": 1,
    "Desert Centipede": 4,
    "Spider": 12,
    "Bush": 5,
    "bot-98": 1,
    "bot-119": 1,
    "bot-142": 1,
    "bot-94": 2,
    "bot-121": 1,
    "bot-103": 2,
    "bot-25": 1,
    "bot-129": 2,
    "bot-63": 2,
    "bot-124": 1,
    "bot-134": 1,
    "bot-65": 1,
    "bot-78": 1,
    "bot-141": 1,
    "Worker Ant": 3,
    "bot-26": 1,
    "bot-97": 1,
    "bot-41": 1,
    "bot-22": 1,
    "not bot": 1,
    "blossom": 1,
    "bot-68": 3,
    "flower": 1,
    "bot-101": 1,
    "bot-112": 1,
    "bot-84": 1,
    "bot-37": 1,
    "bloomy": 1,
    "bot-107": 1,
    "bot-99": 1,
    "bot-24": 1,
    "bot-23": 3,
    "bot-79": 1,
    "bot-123": 1,
    "bot-87": 1,
    "bot-89": 1,
    "bot-137": 1,
    "bot-145": 1,
    "bot-56": 1,
    "Baby Ant": 1,
    "bot-149": 1
  },
  "loadout_history": {
    "0": 421,
    "1": 320,
    "5": 7,
    "14": 9,
    "18": 6,
    "34": 2,
    "9": 8,
    "25": 1,
    "6": 2,
    "10": 1,
    "11": 1,
    "16": 2,
    "28": 1,
    "15": 2,
    "26": 1,
    "29": 1,
    "51": 1,
    "17": 1,
    "24": 2,
    "62": 1,
    "8": 1,
    "69": 1
  }
}