{
  "schema": 1,
  "name": "bot-72",
  "first_seen": 1778543134.410288,
  "last_seen": 1778638766.909225,
  "episodes": 543,
  "score_total": 117502,
  "score_best": 10006,
  "best_loadout": [
    0,
    0,
    0,
    0,
    0,
    0,
    0,
    0
  ],
  "killed_by": {
    "Wasp": 107,
    "Mantis": 49,
    "Sandstorm": 9,
    "Hornet": 100,
    "bot-48": 3,
    "flower": 2,
    "bot-131": 3,
    "bot-125": 1,
    "Rock": 4,
    "Cactus": 29,
    "Beetle": 17,
    "prickly": 2,
    "Evil Centipede": 6,
    "Bee": 47,
    "bot-78": 2,
    "bot": 5,
    "Spider": 12,
    "bot-43": 2,
    "Ladybug": 23,
    "bot-89": 1,
    "gardn": 1,
    "bot-30": 2,
    "bot-139": 1,
    "bot-80": 2,
    "bot-46": 1,
    "bot-145": 1,
    "Leafbug": 7,
    "Worker Ant": 2,
    "bot-56": 1,
    "bot-40": 1,
    "Centipede": 24,
    "bot-148": 1,
    "bot-53": 1,
    "Desert Centipede": 2,
    "leafy": 1,
    "bot-44": 2,
    "bloom": 4,
    "bot-120": 1,
    "bot-149": 3,
    "bot-135": 2,
    "bot-27": 1,
    "bot-32": 4,
    "bot-36": 1,
    "bot-26": 1,
    "bot-23": 1,
    "rosie": 2,
    "bot-142": 1,
    "bot-24": 2,
    "bot-69": 1,
    "not bot": 2,
    "bot-81": 1,
    "bot-59": 7,
    "bot-122": 1,
    "bot-130": 1,
    "bot-86": 1,
    "bot-107": 1,
    "bot-100": 1,
    "bot-66": 1,
    "bot-61": 1,
    "aa": 1,
    "bot-79": 1,
    "bot-114": 2,
    "bot-73": 1,
    "bot-91": 3,
    "bot-111": 1,
    "Baby Ant": 3,
    "Bush": 2,
    "a": 1,
    "bot-112": 1,
    "bot-60": 2,
    "bot-85": 1
  },
  "loadout_history": {
    "0": 467,
    "1": 348,
    "14": 6,
    "5": 9,
    "20": 1,
    "79": 1,
    "34": 2,
    "25": 3,
    "15": 11,
    "24": 8,
    "47": 2,
    "167": 1,
    "19": 3,
    "9": 6,
    "29": 2,
    "17": 1,
    "6": 3,
    "7": 2,
    "28": 1,
    "35": 1,
    "18": 2,
    "26": 1,
    "83": 1,
    "37": 1,
    "22": 1,
    "51": 1,
    "10": 2,
    "11": 3,
    "16": 1,
    "23": 2
  }
}