{
  "schema": 1,
  "name": "bot-87",
  "first_seen": 1778543145.8908741,
  "last_seen": 1778718404.892305,
  "episodes": 1229,
  "score_total": 205530,
  "score_best": 10089,
  "best_loadout": [
    0,
    0,
    0,
    0,
    0,
    0,
    0,
    0
  ],
  "killed_by": {
    "Wasp": 210,
    "aa": 6,
    "Mantis": 116,
    "Hornet": 289,
    "bot-94": 3,
    "Bee": 98,
    "Desert Centipede": 5,
    "Evil Centipede": 13,
    "Beetle": 34,
    "Cactus": 73,
    "bot-121": 1,
    "bot-28": 2,
    "prickly": 2,
    "bot-84": 2,
    "Centipede": 25,
    "bot-118": 2,
    "Ladybug": 43,
    "Leafbug": 30,
    "blossom": 1,
    "Scorpion": 8,
    "Spider": 31,
    "Bush": 18,
    "bot-60": 1,
    "bot-145": 1,
    "Soldier Ant": 3,
    "bot-31": 1,
    "bot-86": 1,
    "Sandstorm": 17,
    "Baby Ant": 5,
    "bot-96": 1,
    "bot-142": 2,
    "bot-23": 2,
    "bot-56": 2,
    "bot-93": 1,
    "bot-138": 1,
    "bot-146": 1,
    "bot-119": 2,
    "bot-67": 3,
    "Worker Ant": 7,
    "Rock": 20,
    "bot-107": 3,
    "bot-128": 2,
    "bot-26": 2,
    "bot-104": 1,
    "bot-140": 2,
    "bot-91": 5,
    "thorny": 6,
    "bot-88": 3,
    "bot-22": 2,
    "bot-149": 3,
    "florrio": 1,
    "bot-117": 1,
    "bot-101": 2,
    "bot-73": 3,
    "bot-106": 2,
    "bot-98": 2,
    "bot-44": 1,
    "bot-147": 3,
    "petalpop": 4,
    "bot-57": 1,
    "bot-36": 1,
    "rosie": 2,
    "bot-148": 2,
    "bot-77": 3,
    "bot-137": 3,
    "bot-76": 7,
    "bot-82": 3,
    "bot-47": 3,
    "bot-29": 1,
    "bot-139": 1,
    "bot-130": 2,
    "bot-79": 1,
    "Queen Ant": 2,
    "bot-133": 1,
    "bot-54": 2,
    "bot-141": 1,
    "bot-71": 3,
    "bot-100": 3,
    "thornbloom": 1,
    "bot-83": 2,
    "bot-53": 3,
    "bot-24": 5,
    "bot-52": 2,
    "bot-99": 1,
    "bot-124": 2,
    "bot-70": 1,
    "blossom-v2": 1,
    "bot-89": 3,
    "bot-134": 1,
    "bot-65": 1,
    "bot-27": 1,
    "bot-115": 1,
    "bot-113": 1,
    "bot-111": 1,
    "bot-35": 1,
    "flower": 2,
    "bot-143": 1,
    "bot-69": 1,
    "thorn": 1,
    "bot-85": 1,
    "bot-127": 2,
    "bot-50": 1,
    "bot-40": 1,
    "bot-75": 1,
    "bot-92": 1,
    "bot-123": 1,
    "bot-62": 1
  },
  "loadout_history": {
    "0": 1024,
    "1": 867,
    "51": 2,
    "69": 1,
    "14": 24,
    "9": 12,
    "25": 8,
    "15": 6,
    "49": 1,
    "6": 8,
    "17": 4,
    "18": 5,
    "167": 2,
    "26": 3,
    "20": 3,
    "10": 9,
    "24": 10,
    "5": 15,
    "47": 1,
    "8": 4,
    "34": 1,
    "79": 2,
    "7": 3,
    "35": 6,
    "12": 2,
    "11": 4,
    "27": 2,
    "23": 2,
    "19": 4,
    "46": 1,
    "63": 1,
    "28": 4,
    "58": 1,
    "16": 2,
    "118": 1,
    "75": 1,
    "68": 1,
    "170": 1,
    "56": 1,
    "21": 1,
    "48": 1,
    "54": 1,
    "36": 2,
    "136": 1,
    "29": 1,
    "181": 1
  }
}