{
  "schema": 1,
  "name": "bot-ihff",
  "first_seen": 1778218312.465478,
  "last_seen": 1778278885.2454479,
  "episodes": 2310,
  "score_total": 216312,
  "score_best": 2631,
  "best_loadout": [
    0,
    1,
    1,
    0,
    0,
    0,
    0
  ],
  "killed_by": {
    "Hornet": 1262,
    "blossom": 22,
    "Bee": 133,
    "a": 24,
    "Soldier Ant": 34,
    "bot": 27,
    "bot-iraf": 28,
    "Ladybug": 21,
    "bot-wbxw": 21,
    "hello": 38,
    "bot-qhpe": 21,
    "67": 30,
    "Centipede": 54,
    "bot-thyg": 19,
    "root": 28,
    "Spider": 61,
    "bot-fuvq": 21,
    "bot-yrut": 16,
    "Sandstorm": 1,
    "bot-nugt": 15,
    "bot-uxnr": 15,
    "gardn": 25,
    "bot-mcta": 30,
    "Rock": 34,
    "petalpop": 26,
    "bot-derv": 25,
    "florrio": 26,
    "not bot": 27,
    "bot-eqvx": 21,
    "leafy": 19,
    "rosie": 27,
    "thorn": 26,
    "Boulder": 7,
    "zorr": 23,
    "bot-rklz": 20,
    "Baby Ant": 12,
    "Cactus": 1,
    "bot-mqcq": 32,
    "aa": 15,
    "bot-liwn": 17,
    "Beetle": 1,
    "Massive Ladybug": 4
  },
  "loadout_history": {
    "0": 2259,
    "1": 1302,
    "34": 77,
    "18": 102,
    "24": 58,
    "40": 106,
    "9": 107,
    "48": 14,
    "23": 32,
    "25": 24,
    "10": 31,
    "5": 122,
    "29": 4,
    "42": 13,
    "41": 34,
    "14": 119,
    "15": 22,
    "32": 11,
    "12": 1,
    "46": 14,
    "6": 32,
    "7": 6,
    "33": 11,
    "35": 21,
    "19": 25,
    "16": 10,
    "30": 6,
    "39": 4,
    "21": 1,
    "28": 25,
    "20": 4,
    "37": 4,
    "36": 9,
    "8": 2,
    "11": 9,
    "47": 2,
    "52": 2,
    "26": 7,
    "55": 11,
    "77": 2,
    "17": 2,
    "38": 2,
    "22": 1,
    "31": 1,
    "43": 2,
    "62": 1,
    "13": 1,
    "60": 1
  }
}