{
  "schema": 1,
  "name": "bot-112",
  "first_seen": 1778364741.9860768,
  "last_seen": 1779316381.751877,
  "episodes": 1568,
  "score_total": 249888,
  "score_best": 8076,
  "best_loadout": [
    0,
    0,
    0,
    0,
    1,
    16,
    0,
    0
  ],
  "killed_by": {
    "Bee": 114,
    "Spider": 52,
    "Hornet": 392,
    "Evil Centipede": 29,
    "Worker Ant": 4,
    "Beetle": 96,
    "Mantis": 116,
    "bot-115": 1,
    "Cactus": 99,
    "Wasp": 294,
    "Sandstorm": 18,
    "Centipede": 36,
    "bot-87": 2,
    "bot-86": 1,
    "bot-55": 1,
    "bot-78": 1,
    "bot-126": 1,
    "bot-92": 1,
    "Rock": 14,
    "bot-111": 1,
    "bot-40": 1,
    "bot-95": 1,
    "bot-56": 1,
    "bot-59": 1,
    "Leafbug": 13,
    "gardn": 1,
    "bot-74": 1,
    "Ladybug": 58,
    "bot-52": 6,
    "bot-60": 3,
    "Bush": 9,
    "Desert Centipede": 5,
    "bot-118": 4,
    "bot": 1,
    "bot-123": 5,
    "bot-103": 1,
    "bot-29": 1,
    "bot-38": 1,
    "bot-67": 2,
    "bloom": 1,
    "bot-135": 5,
    "bot-122": 4,
    "Scorpion": 15,
    "bot-39": 1,
    "bot-36": 1,
    "67": 1,
    "bot-80": 6,
    "bot-97": 3,
    "thorny": 2,
    "bot-41": 3,
    "bot-125": 1,
    "bot-62": 3,
    "bot-47": 3,
    "bot-120": 3,
    "bot-145": 2,
    "bot-94": 1,
    "bot-50": 1,
    "aa": 3,
    "bot-83": 1,
    "bot-69": 2,
    "bot-114": 2,
    "bot-58": 3,
    "bot-98": 2,
    "bot-146": 1,
    "bot-107": 1,
    "bot-142": 5,
    "a": 6,
    "bot-37": 2,
    "bot-143": 1,
    "bot-63": 2,
    "bot-93": 5,
    "bot-127": 2,
    "bot-68": 1,
    "bot-139": 2,
    "bot-34": 5,
    "bot-33": 2,
    "bot-117": 1,
    "florrio": 2,
    "bot-144": 1,
    "Baby Ant": 1,
    "bot-130": 1,
    "bot-75": 3,
    "Soldier Ant": 4,
    "blossom-v2": 2,
    "bot-53": 3,
    "bot-61": 1,
    "leafy": 2,
    "bot-79": 1,
    "not bot": 1,
    "bot-119": 1,
    "bot-124": 1,
    "bot-136": 1,
    "bot-99": 1,
    "bot-132": 1,
    "bot-85": 2,
    "bot-64": 1,
    "bot-141": 1,
    "bot-88": 1,
    "bot-26": 2,
    "bot-82": 1,
    "bot-31": 1,
    "bot-77": 1,
    "bot-102": 2,
    "bot-110": 1,
    "bot-51": 1,
    "bot-73": 2,
    "bot-108": 1,
    "petalpop": 1,
    "bot-109": 2
  },
  "loadout_history": {
    "1": 1098,
    "0": 1312,
    "40": 6,
    "34": 5,
    "29": 6,
    "24": 22,
    "19": 5,
    "15": 18,
    "79": 9,
    "14": 28,
    "9": 15,
    "175": 1,
    "25": 9,
    "11": 1,
    "32": 4,
    "69": 3,
    "39": 1,
    "16": 6,
    "35": 6,
    "5": 21,
    "18": 15,
    "10": 9,
    "54": 3,
    "21": 1,
    "17": 1,
    "117": 1,
    "84": 1,
    "61": 1,
    "6": 8,
    "180": 3,
    "26": 2,
    "47": 1,
    "135": 1,
    "36": 3,
    "28": 6,
    "27": 1,
    "20": 3,
    "7": 1,
    "48": 2,
    "49": 3,
    "51": 2,
    "45": 1,
    "60": 2,
    "58": 1,
    "148": 1,
    "23": 8,
    "64": 1,
    "62": 1,
    "209": 1,
    "46": 1,
    "50": 1,
    "204": 1,
    "206": 1,
    "116": 1
  }
}