{
  "schema": 1,
  "name": "bot-95",
  "first_seen": 1778543125.823444,
  "last_seen": 1778732046.694509,
  "episodes": 1200,
  "score_total": 230612,
  "score_best": 6355,
  "best_loadout": [
    0,
    0,
    0,
    0,
    0,
    0,
    0,
    0
  ],
  "killed_by": {
    "Ladybug": 36,
    "Hornet": 298,
    "Sandstorm": 5,
    "Mantis": 102,
    "Beetle": 42,
    "hello": 1,
    "Wasp": 217,
    "bot-127": 1,
    "bot-59": 1,
    "Bee": 90,
    "bot-131": 3,
    "Evil Centipede": 16,
    "Cactus": 70,
    "Centipede": 34,
    "bot-46": 2,
    "bot-50": 2,
    "bot-126": 1,
    "Worker Ant": 4,
    "bot-55": 2,
    "bot-120": 1,
    "bot-36": 2,
    "Bush": 13,
    "zorr": 3,
    "Spider": 42,
    "bot-124": 1,
    "blossom": 1,
    "bot-105": 2,
    "Leafbug": 17,
    "Baby Ant": 1,
    "flower": 2,
    "bot-100": 2,
    "Rock": 17,
    "bloomy": 7,
    "bot-128": 1,
    "a": 1,
    "bot-82": 1,
    "bot-125": 1,
    "bot-32": 1,
    "bot-149": 3,
    "bot-91": 1,
    "bot-90": 1,
    "bot-75": 1,
    "bot-22": 3,
    "bot-134": 2,
    "bot-111": 1,
    "bot-96": 1,
    "bot-52": 2,
    "Scorpion": 7,
    "thorn": 1,
    "bot-42": 1,
    "bot-60": 1,
    "petalpop": 2,
    "bot-130": 1,
    "bot-121": 1,
    "bot-81": 2,
    "bot-118": 2,
    "bot-138": 1,
    "bot-77": 1,
    "bot-70": 4,
    "bot-108": 2,
    "bot-135": 1,
    "bot-37": 2,
    "bot-80": 1,
    "bot-110": 1,
    "bot-112": 1,
    "bot-148": 2,
    "bot-74": 2,
    "bot-136": 6,
    "bot-30": 1,
    "bot-104": 1,
    "bot-66": 2,
    "bot-113": 2,
    "root": 2,
    "bot-72": 2,
    "bot-57": 2,
    "bot-73": 1,
    "bot-107": 3,
    "bot-137": 4,
    "bot-47": 1,
    "bot-89": 1,
    "bot-48": 3,
    "bot-83": 1,
    "bot-98": 1,
    "bot": 1,
    "bot-145": 3,
    "not bot": 2,
    "bot-88": 1,
    "bot-45": 1,
    "bot-79": 2,
    "bot-122": 1,
    "bot-117": 1,
    "bot-97": 1,
    "bot-78": 4,
    "bot-116": 1,
    "bot-67": 1,
    "bot-142": 2,
    "bot-35": 2,
    "bot-87": 1,
    "bot-93": 1,
    "bot-31": 2,
    "bot-68": 1,
    "bot-84": 1,
    "bot-58": 1,
    "bot-147": 3,
    "67": 8,
    "bot-115": 1,
    "bot-53": 1,
    "bot-103": 1,
    "leafy": 1,
    "bot-92": 1,
    "Soldier Ant": 1,
    "bot-133": 1,
    "bot-143": 2,
    "bot-63": 2,
    "bot-40": 1,
    "Desert Centipede": 1,
    "bot-141": 1
  },
  "loadout_history": {
    "1": 844,
    "14": 20,
    "0": 1038,
    "19": 4,
    "24": 18,
    "46": 3,
    "28": 3,
    "16": 4,
    "33": 2,
    "5": 18,
    "79": 1,
    "69": 2,
    "49": 2,
    "30": 2,
    "15": 15,
    "9": 10,
    "10": 2,
    "25": 8,
    "51": 2,
    "18": 7,
    "26": 2,
    "6": 11,
    "12": 1,
    "23": 1,
    "136": 1,
    "175": 2,
    "116": 1,
    "17": 2,
    "37": 1,
    "8": 4,
    "180": 2,
    "21": 2,
    "13": 2,
    "177": 1,
    "11": 3,
    "34": 1,
    "20": 1,
    "35": 2,
    "167": 1,
    "60": 2,
    "7": 1,
    "48": 1,
    "39": 1
  }
}