{
  "schema": 1,
  "name": "bot-jmfo",
  "first_seen": 1778122063.830793,
  "last_seen": 1778123041.678884,
  "episodes": 8,
  "score_total": 362,
  "score_best": 78,
  "best_loadout": [
    40,
    14,
    1,
    1,
    1
  ],
  "killed_by": {
    "bot-gces": 1,
    "sussy": 2,
    "Cactus": 1,
    "Baby Ant": 1,
    "a": 1,
    "bot": 1
  },
  "loadout_history": {
    "1": 5,
    "34": 5,
    "10": 1,
    "14": 5,
    "18": 5,
    "19": 1,
    "45": 1,
    "44": 1,
    "5": 1,
    "40": 1,
    "48": 2,
    "24": 3,
    "41": 1
  }
}