{
  "schema": 1,
  "name": "bot-84",
  "first_seen": 1778543489.42082,
  "last_seen": 1778624266.011969,
  "episodes": 415,
  "score_total": 82623,
  "score_best": 10134,
  "best_loadout": [
    0,
    0,
    0,
    0,
    0,
    0,
    0,
    0
  ],
  "killed_by": {
    "bot-62": 1,
    "Hornet": 114,
    "Beetle": 14,
    "Worker Ant": 4,
    "Mantis": 42,
    "bot-81": 1,
    "Wasp": 64,
    "a": 1,
    "Bee": 25,
    "Bush": 3,
    "bot-68": 1,
    "bot-63": 1,
    "bot-45": 1,
    "Spider": 19,
    "Cactus": 25,
    "bot-141": 2,
    "bot-26": 1,
    "bot-67": 1,
    "bot-125": 3,
    "Ladybug": 17,
    "Leafbug": 3,
    "Centipede": 14,
    "Evil Centipede": 4,
    "Desert Centipede": 1,
    "Sandstorm": 4,
    "bot-114": 1,
    "bot-107": 2,
    "bot-56": 1,
    "bot-132": 1,
    "Rock": 3,
    "bot-77": 1,
    "bot-40": 1,
    "bot-89": 1,
    "bot-46": 1,
    "bot-47": 1,
    "bot-140": 1,
    "bot-138": 1,
    "bot-142": 1,
    "bot-104": 3,
    "bot-72": 1,
    "bot-29": 1,
    "bot-123": 1,
    "bot-61": 1,
    "aa": 1,
    "bot-32": 1,
    "bot-54": 1,
    "leafy": 1,
    "bot-59": 2,
    "bot": 5,
    "bot-131": 1,
    "bot-73": 1,
    "bot-108": 1,
    "bot-24": 1,
    "bot-148": 1
  },
  "loadout_history": {
    "0": 366,
    "1": 261,
    "24": 9,
    "19": 2,
    "5": 9,
    "14": 13,
    "9": 12,
    "39": 1,
    "23": 2,
    "18": 2,
    "37": 1,
    "7": 4,
    "10": 3,
    "34": 1,
    "116": 1,
    "15": 6,
    "25": 3,
    "183": 1,
    "11": 1,
    "84": 1,
    "36": 1,
    "46": 1,
    "6": 1
  }
}