{
  "schema": 1,
  "name": "bot-110",
  "first_seen": 1778364742.798528,
  "last_seen": 1778548793.163261,
  "episodes": 41,
  "score_total": 1028,
  "score_best": 114,
  "best_loadout": [
    0,
    0,
    0,
    0,
    0
  ],
  "killed_by": {
    "Spider": 2,
    "Hornet": 11,
    "Cactus": 3,
    "Leafbug": 2,
    "Bush": 2,
    "Mantis": 4,
    "Wasp": 2,
    "flower": 1,
    "Ladybug": 2
  },
  "loadout_history": {
    "0": 35,
    "1": 35,
    "18": 2,
    "30": 1,
    "49": 1,
    "23": 1,
    "24": 1,
    "5": 1,
    "14": 2,
    "15": 1,
    "7": 1,
    "9": 1,
    "79": 1,
    "204": 1
  }
}