{
  "schema": 1,
  "name": "bot-rklz",
  "first_seen": 1778218302.887274,
  "last_seen": 1778278898.2315478,
  "episodes": 2415,
  "score_total": 228399,
  "score_best": 5281,
  "best_loadout": [
    18,
    0,
    0,
    0,
    0,
    0,
    0
  ],
  "killed_by": {
    "Hornet": 1307,
    "bot-eqvx": 20,
    "bot-derv": 20,
    "bot-mcta": 41,
    "Rock": 39,
    "hello": 26,
    "bot-thyg": 20,
    "bot-ihff": 23,
    "Bee": 115,
    "67": 24,
    "root": 25,
    "Spider": 77,
    "aa": 20,
    "bot-wbxw": 17,
    "Ladybug": 21,
    "Cactus": 2,
    "bot-liwn": 20,
    "bot-fuvq": 21,
    "Boulder": 6,
    "petalpop": 34,
    "a": 25,
    "Centipede": 76,
    "bot-mqcq": 24,
    "bot-yrut": 32,
    "Soldier Ant": 53,
    "florrio": 26,
    "bot-qhpe": 37,
    "bot-nugt": 23,
    "leafy": 28,
    "blossom": 29,
    "gardn": 24,
    "thorn": 23,
    "not bot": 25,
    "zorr": 22,
    "bot-iraf": 22,
    "bot": 23,
    "rosie": 20,
    "Massive Ladybug": 2,
    "bot-uxnr": 21,
    "Baby Ant": 1
  },
  "loadout_history": {
    "0": 2361,
    "1": 1463,
    "5": 113,
    "41": 35,
    "40": 99,
    "46": 14,
    "24": 53,
    "18": 91,
    "20": 10,
    "11": 10,
    "14": 117,
    "10": 34,
    "32": 13,
    "35": 23,
    "9": 104,
    "48": 13,
    "28": 15,
    "19": 21,
    "25": 14,
    "34": 62,
    "12": 2,
    "55": 7,
    "6": 32,
    "42": 5,
    "7": 11,
    "15": 20,
    "16": 9,
    "23": 25,
    "77": 6,
    "52": 4,
    "43": 1,
    "30": 2,
    "26": 4,
    "33": 13,
    "29": 11,
    "47": 4,
    "36": 5,
    "61": 1,
    "8": 6,
    "38": 2,
    "39": 5,
    "13": 1,
    "60": 2,
    "17": 2,
    "27": 1,
    "21": 3,
    "49": 1,
    "62": 1,
    "44": 2,
    "65": 1,
    "63": 1
  }
}