{
  "schema": 1,
  "name": "bot-76",
  "first_seen": 1778543479.511195,
  "last_seen": 1778731910.452823,
  "episodes": 1333,
  "score_total": 242176,
  "score_best": 7651,
  "best_loadout": [
    0,
    1,
    0,
    0,
    0,
    0,
    0,
    0
  ],
  "killed_by": {
    "Beetle": 41,
    "Hornet": 263,
    "Wasp": 285,
    "Mantis": 97,
    "Centipede": 50,
    "hello": 3,
    "Bee": 97,
    "Sandstorm": 30,
    "bot-26": 6,
    "Cactus": 76,
    "Spider": 44,
    "bot-129": 1,
    "Evil Centipede": 12,
    "bot-124": 3,
    "bot-34": 2,
    "bot-27": 1,
    "bot-88": 3,
    "bot-72": 1,
    "Bush": 25,
    "bloomy": 2,
    "bot-122": 2,
    "Desert Centipede": 8,
    "bot-80": 2,
    "bot-39": 2,
    "Ladybug": 55,
    "bot-66": 1,
    "Worker Ant": 3,
    "bot-23": 2,
    "bot-121": 3,
    "bot-106": 2,
    "bot-42": 1,
    "bot-78": 2,
    "Leafbug": 15,
    "bot-135": 1,
    "bot-30": 1,
    "bot-107": 2,
    "bot-116": 1,
    "bot-119": 1,
    "Soldier Ant": 1,
    "bot-101": 4,
    "bot-100": 2,
    "Rock": 16,
    "bot-144": 1,
    "bot-69": 1,
    "bot-113": 1,
    "bot-43": 1,
    "bot-90": 2,
    "bot-36": 2,
    "thorn": 3,
    "bot-84": 3,
    "bot-48": 4,
    "bot-137": 1,
    "florrio": 5,
    "bot-77": 5,
    "Scorpion": 7,
    "bot-60": 3,
    "bot-61": 1,
    "bot-141": 9,
    "bot-114": 1,
    "bot-95": 1,
    "bot-136": 3,
    "67": 2,
    "bot-49": 1,
    "prickly": 4,
    "bot-138": 3,
    "leafy": 3,
    "bot-146": 3,
    "bot-41": 1,
    "bot-102": 2,
    "bot-93": 1,
    "bot-109": 1,
    "bot-63": 2,
    "bot-64": 2,
    "gardn": 1,
    "bot-83": 1,
    "bot-70": 1,
    "bot-46": 4,
    "bot-38": 3,
    "aa": 4,
    "bot-37": 1,
    "bot-32": 1,
    "bot-28": 5,
    "bot-111": 3,
    "bot-45": 3,
    "bot-22": 3,
    "bot-134": 1,
    "bot-115": 1,
    "bot-92": 1,
    "bot-123": 1,
    "thornbloom": 1,
    "bot-71": 1,
    "bot-133": 1,
    "bot-50": 1,
    "bot-55": 2,
    "thorny": 4,
    "bot-96": 2,
    "Baby Ant": 3,
    "bot-81": 1,
    "bot-148": 1,
    "bot-86": 1,
    "bot-73": 1,
    "bot-126": 1,
    "bot-40": 2,
    "bot-94": 2,
    "blossom-v2": 1,
    "bot-75": 1,
    "a": 1,
    "bot-44": 1,
    "bot-82": 1,
    "flower": 1,
    "bot-33": 1,
    "bot-99": 1,
    "bot-62": 1,
    "bot-127": 1,
    "bot-29": 2,
    "bot-147": 1,
    "bot-57": 1
  },
  "loadout_history": {
    "0": 1091,
    "1": 961,
    "51": 5,
    "30": 1,
    "18": 9,
    "34": 2,
    "9": 9,
    "5": 18,
    "14": 19,
    "28": 5,
    "69": 1,
    "39": 1,
    "79": 4,
    "19": 7,
    "167": 7,
    "6": 3,
    "15": 13,
    "24": 16,
    "113": 1,
    "58": 3,
    "86": 3,
    "7": 2,
    "16": 1,
    "25": 6,
    "118": 1,
    "10": 9,
    "49": 1,
    "29": 1,
    "92": 1,
    "20": 2,
    "35": 4,
    "27": 1,
    "22": 2,
    "26": 3,
    "61": 2,
    "8": 1,
    "13": 1,
    "46": 2,
    "11": 3,
    "135": 1,
    "176": 1,
    "48": 1,
    "37": 2,
    "17": 2,
    "33": 1,
    "60": 1,
    "182": 1,
    "116": 1,
    "23": 1
  }
}