{
  "schema": 1,
  "name": "bot-73",
  "first_seen": 1778543181.8947861,
  "last_seen": 1778624235.795979,
  "episodes": 402,
  "score_total": 58351,
  "score_best": 5090,
  "best_loadout": [
    0,
    0,
    0,
    0,
    1,
    0,
    0
  ],
  "killed_by": {
    "Wasp": 70,
    "bot-89": 1,
    "bot-64": 2,
    "Mantis": 37,
    "bot-119": 2,
    "Hornet": 91,
    "hello": 1,
    "Desert Centipede": 2,
    "Evil Centipede": 2,
    "Bee": 27,
    "bot-51": 2,
    "Beetle": 11,
    "Cactus": 29,
    "Spider": 13,
    "bot-54": 2,
    "bot-32": 1,
    "bot-25": 1,
    "zorr": 1,
    "Scorpion": 1,
    "florrio": 1,
    "Ladybug": 17,
    "bot-84": 2,
    "Bush": 8,
    "bot-76": 1,
    "bot-103": 2,
    "bot-127": 1,
    "Rock": 3,
    "Leafbug": 5,
    "Centipede": 9,
    "bot-55": 3,
    "bot-111": 1,
    "Baby Ant": 1,
    "Sandstorm": 9,
    "bot-49": 1,
    "bot-58": 2,
    "bot-52": 1,
    "bot-74": 1,
    "bot-107": 2,
    "bot-96": 2,
    "thornbloom": 1,
    "bot-133": 1,
    "bot-123": 1,
    "bot-131": 2,
    "bot-140": 1,
    "bot-31": 1,
    "bot-86": 1,
    "bot-92": 2,
    "bot-145": 1,
    "bot-99": 1,
    "Worker Ant": 2,
    "bot-66": 1,
    "bot-115": 1,
    "bot-121": 1,
    "bloom": 1,
    "bot-128": 1,
    "bot-59": 1,
    "a": 1,
    "Soldier Ant": 1,
    "bot-67": 1,
    "bot-139": 1
  },
  "loadout_history": {
    "0": 361,
    "1": 251,
    "69": 2,
    "24": 4,
    "28": 2,
    "49": 1,
    "34": 1,
    "33": 1,
    "14": 7,
    "11": 2,
    "35": 1,
    "6": 4,
    "7": 1,
    "46": 1,
    "15": 1,
    "19": 3,
    "9": 2,
    "116": 1,
    "23": 3,
    "16": 1,
    "83": 1,
    "84": 1,
    "18": 1,
    "12": 1,
    "62": 1,
    "20": 1,
    "10": 1,
    "27": 1,
    "5": 1,
    "136": 1,
    "25": 1,
    "32": 1,
    "26": 1,
    "56": 1
  }
}