{
  "schema": 1,
  "name": "bot-80",
  "first_seen": 1778543161.361644,
  "last_seen": 1778624062.638568,
  "episodes": 454,
  "score_total": 85101,
  "score_best": 5886,
  "best_loadout": [
    0,
    0,
    0,
    0,
    0,
    0,
    0
  ],
  "killed_by": {
    "Beetle": 15,
    "Hornet": 106,
    "bot-130": 2,
    "Cactus": 30,
    "bot-108": 1,
    "Mantis": 48,
    "Wasp": 81,
    "Centipede": 22,
    "Sandstorm": 8,
    "bot-51": 1,
    "Evil Centipede": 3,
    "bot-141": 1,
    "Spider": 9,
    "Ladybug": 17,
    "Bee": 27,
    "Desert Centipede": 2,
    "bot-82": 1,
    "bot-137": 1,
    "bot-71": 2,
    "Rock": 4,
    "bot-56": 2,
    "Bush": 6,
    "bot-138": 1,
    "bot-93": 1,
    "bot-101": 2,
    "bot-127": 1,
    "bot-123": 1,
    "bot-41": 2,
    "bot": 2,
    "bot-147": 1,
    "Scorpion": 2,
    "bot-72": 4,
    "bot-140": 1,
    "bot-47": 1,
    "bot-134": 2,
    "bot-49": 1,
    "bot-119": 1,
    "bot-98": 1,
    "bot-24": 1,
    "blossom-v2": 1,
    "bot-26": 1,
    "bot-85": 1,
    "bot-35": 1,
    "bot-50": 2,
    "bot-132": 1,
    "bot-29": 1,
    "bot-81": 1,
    "bot-28": 2,
    "bot-39": 1,
    "not bot": 1,
    "bot-115": 1,
    "bot-62": 1,
    "Worker Ant": 1,
    "rosie": 1,
    "bot-117": 1,
    "bot-122": 1,
    "bot-135": 1,
    "Leafbug": 1,
    "bot-110": 1,
    "bot-99": 1,
    "bot-60": 1,
    "bot-65": 1,
    "blossom": 2,
    "bot-33": 1,
    "bot-128": 1
  },
  "loadout_history": {
    "0": 388,
    "1": 288,
    "28": 2,
    "25": 1,
    "9": 3,
    "34": 4,
    "15": 3,
    "5": 4,
    "14": 4,
    "48": 1,
    "24": 2,
    "117": 2,
    "6": 2,
    "10": 1,
    "204": 1,
    "17": 1,
    "16": 2,
    "12": 1,
    "8": 1,
    "19": 2,
    "11": 1,
    "32": 1,
    "51": 1,
    "89": 1,
    "29": 1
  }
}