{
  "schema": 1,
  "name": "bot-kgtf",
  "first_seen": 1778278961.312552,
  "last_seen": 1778280049.089045,
  "episodes": 31,
  "score_total": 2010,
  "score_best": 290,
  "best_loadout": [
    0,
    1,
    0,
    0,
    0,
    0
  ],
  "killed_by": {
    "Centipede": 1,
    "Bee": 3,
    "Hornet": 18,
    "not bot": 1,
    "bot-gmxk": 1,
    "Ladybug": 2,
    "67": 1,
    "aa": 1,
    "Cactus": 2
  },
  "loadout_history": {
    "0": 27,
    "1": 23,
    "18": 2,
    "9": 5,
    "23": 1,
    "28": 1,
    "41": 1,
    "14": 3,
    "19": 1,
    "5": 5,
    "7": 2,
    "10": 2,
    "24": 1,
    "34": 1,
    "40": 2
  }
}