{
  "schema": 1,
  "name": "bot-137",
  "first_seen": 1778543574.336104,
  "last_seen": 1779316542.000321,
  "episodes": 1433,
  "score_total": 219973,
  "score_best": 7564,
  "best_loadout": [
    0,
    0,
    0,
    0,
    0,
    0,
    0,
    0
  ],
  "killed_by": {
    "Mantis": 122,
    "Desert Centipede": 13,
    "bot-105": 1,
    "Hornet": 329,
    "bot-31": 3,
    "bot-99": 4,
    "Bee": 117,
    "Wasp": 251,
    "bot-103": 3,
    "Sandstorm": 23,
    "bot-84": 1,
    "bot-91": 5,
    "bot-100": 2,
    "Evil Centipede": 20,
    "prickly": 2,
    "bot-149": 2,
    "Cactus": 95,
    "Worker Ant": 6,
    "bot-108": 1,
    "Baby Ant": 2,
    "bot-24": 3,
    "bot-44": 1,
    "Rock": 15,
    "Beetle": 64,
    "Ladybug": 43,
    "Bush": 14,
    "Centipede": 29,
    "Spider": 31,
    "Leafbug": 19,
    "Scorpion": 13,
    "bot-89": 3,
    "bot-56": 1,
    "bot-142": 1,
    "not bot": 2,
    "bot-109": 4,
    "bot-54": 2,
    "bot-79": 1,
    "bot-29": 1,
    "bot-82": 2,
    "bot-32": 4,
    "bot-90": 2,
    "bot-131": 5,
    "bot-110": 4,
    "bot-50": 1,
    "florrio": 2,
    "bot-125": 2,
    "petalpop": 5,
    "bot-73": 2,
    "bot-58": 1,
    "bot-66": 2,
    "bot-69": 2,
    "blossom-v2": 1,
    "bloomy": 3,
    "bot-92": 1,
    "bot": 1,
    "bot-133": 1,
    "bot-135": 1,
    "bot-122": 4,
    "bot-113": 3,
    "bot-87": 1,
    "bot-101": 1,
    "bot-107": 2,
    "bot-53": 2,
    "bot-46": 2,
    "bot-96": 1,
    "bot-64": 5,
    "bot-77": 6,
    "bot-118": 2,
    "bot-63": 2,
    "hello": 2,
    "leafy": 1,
    "bot-126": 5,
    "bot-57": 6,
    "bot-39": 2,
    "bot-30": 3,
    "thorn": 4,
    "rosie": 3,
    "bot-26": 1,
    "bot-49": 6,
    "bot-119": 1,
    "thornbloom": 1,
    "bot-132": 3,
    "bot-124": 1,
    "bot-70": 1,
    "bot-88": 1,
    "bot-47": 1,
    "thorny": 1,
    "bot-33": 1,
    "bot-97": 1,
    "bot-121": 4,
    "bot-134": 7,
    "bot-28": 1,
    "bot-102": 1,
    "bot-42": 2,
    "bot-146": 2,
    "67": 1,
    "bot-68": 1,
    "bot-136": 1,
    "bot-48": 1,
    "bot-95": 1,
    "bloom": 1,
    "bot-72": 1,
    "bot-128": 1,
    "bot-55": 2,
    "bot-98": 1,
    "bot-106": 1,
    "bot-65": 1,
    "bot-145": 1,
    "bot-78": 2,
    "bot-22": 1,
    "Soldier Ant": 12
  },
  "loadout_history": {
    "0": 1237,
    "1": 979,
    "49": 3,
    "5": 30,
    "34": 3,
    "11": 5,
    "24": 9,
    "25": 8,
    "14": 19,
    "9": 11,
    "15": 22,
    "18": 10,
    "29": 6,
    "17": 1,
    "23": 5,
    "6": 12,
    "79": 3,
    "97": 1,
    "8": 2,
    "21": 2,
    "13": 2,
    "60": 2,
    "16": 6,
    "51": 2,
    "48": 3,
    "28": 10,
    "19": 12,
    "92": 1,
    "7": 2,
    "117": 1,
    "22": 1,
    "35": 2,
    "10": 1,
    "20": 1,
    "83": 1,
    "181": 2,
    "116": 1,
    "180": 1,
    "58": 1,
    "86": 1,
    "30": 3,
    "112": 1,
    "167": 2,
    "12": 1,
    "40": 4,
    "37": 1,
    "46": 1,
    "50": 1,
    "32": 1,
    "168": 1,
    "205": 1
  }
}