{
  "schema": 1,
  "name": "bot-102",
  "first_seen": 1778364740.8740768,
  "last_seen": 1779315904.867844,
  "episodes": 1553,
  "score_total": 241027,
  "score_best": 11811,
  "best_loadout": [
    0,
    0,
    0,
    0,
    0,
    0,
    0,
    0
  ],
  "killed_by": {
    "Hornet": 438,
    "Beetle": 81,
    "Bee": 111,
    "Spider": 34,
    "bot-707": 2,
    "Cactus": 78,
    "Centipede": 38,
    "Soldier Ant": 7,
    "bot-401": 1,
    "Desert Centipede": 12,
    "Boulder": 4,
    "Evil Centipede": 19,
    "bot-403": 1,
    "Sandstorm": 19,
    "Mantis": 132,
    "bot-206": 1,
    "Wasp": 245,
    "bot-47": 2,
    "Bush": 17,
    "bot-137": 2,
    "bot-90": 2,
    "bot-133": 2,
    "thorny": 1,
    "Scorpion": 10,
    "bot-128": 1,
    "Rock": 21,
    "bot-139": 1,
    "bot-22": 2,
    "Ladybug": 63,
    "bot-27": 1,
    "bot-50": 1,
    "hello": 2,
    "bot-66": 1,
    "bot-100": 3,
    "Baby Ant": 2,
    "bot-63": 3,
    "bot-25": 1,
    "bot-131": 1,
    "Leafbug": 17,
    "bot-111": 2,
    "bot-55": 1,
    "bot-98": 4,
    "bot-49": 2,
    "bot-52": 1,
    "bot-68": 4,
    "bot-70": 1,
    "Worker Ant": 7,
    "bot-146": 2,
    "bot-53": 1,
    "bot-58": 1,
    "bot-94": 2,
    "bot-26": 2,
    "bot-32": 2,
    "bot-88": 2,
    "bot-38": 5,
    "bot-64": 4,
    "bot-119": 2,
    "bot-112": 2,
    "blossom": 2,
    "bot-62": 1,
    "bot-125": 3,
    "bot-114": 1,
    "bot-36": 1,
    "zorr": 2,
    "bot-132": 2,
    "a": 1,
    "rosie": 1,
    "bot-79": 1,
    "bot-97": 1,
    "bot-113": 2,
    "bot-43": 1,
    "thorn": 2,
    "bot-80": 2,
    "bot-130": 1,
    "bot-95": 1,
    "bot-73": 3,
    "bot-67": 3,
    "bot-142": 1,
    "bot-138": 1,
    "bot-24": 3,
    "bot-60": 6,
    "bot-44": 3,
    "bot-129": 2,
    "bot-81": 2,
    "bot-83": 1,
    "bot-59": 1,
    "bot-141": 3,
    "bot-72": 1,
    "67": 2,
    "blossom-v2": 1,
    "bot-107": 4,
    "bot-65": 1,
    "bot-71": 1,
    "bot-48": 2,
    "bot-124": 1,
    "bot-116": 1,
    "bot-84": 2,
    "bot-145": 1,
    "bot-46": 1,
    "leafy": 2,
    "bot-87": 3,
    "bloomy": 2,
    "bot-75": 1,
    "bot-34": 3,
    "bot-69": 1,
    "bloom": 2,
    "bot-127": 1,
    "bot-82": 1,
    "bot-110": 1,
    "bot-76": 1,
    "bot-41": 1,
    "Massive Beetle": 1,
    "bot-136": 1,
    "bot-92": 1,
    "bot-33": 1,
    "bot-31": 1
  },
  "loadout_history": {
    "0": 1331,
    "1": 1083,
    "28": 15,
    "14": 40,
    "46": 4,
    "15": 16,
    "10": 10,
    "5": 30,
    "19": 10,
    "167": 3,
    "49": 1,
    "69": 2,
    "204": 2,
    "24": 11,
    "18": 13,
    "56": 1,
    "29": 3,
    "37": 3,
    "12": 3,
    "30": 1,
    "8": 2,
    "7": 3,
    "16": 6,
    "33": 2,
    "45": 1,
    "9": 8,
    "6": 18,
    "116": 2,
    "180": 1,
    "48": 3,
    "11": 7,
    "26": 2,
    "36": 1,
    "17": 1,
    "51": 2,
    "31": 1,
    "34": 4,
    "21": 3,
    "35": 3,
    "79": 4,
    "178": 1,
    "138": 1,
    "89": 1,
    "75": 1,
    "135": 1,
    "58": 1,
    "32": 2,
    "25": 2,
    "22": 1,
    "40": 3,
    "117": 1,
    "50": 1,
    "205": 1,
    "41": 2,
    "39": 1,
    "23": 1
  }
}