{
  "schema": 1,
  "name": "bot-iraf",
  "first_seen": 1778218296.311051,
  "last_seen": 1778278894.100558,
  "episodes": 2331,
  "score_total": 218665,
  "score_best": 2028,
  "best_loadout": [
    0,
    0,
    0,
    0,
    0,
    0,
    0
  ],
  "killed_by": {
    "Spider": 71,
    "Hornet": 1320,
    "Bee": 130,
    "not bot": 22,
    "bot-liwn": 20,
    "Baby Ant": 1,
    "Ladybug": 19,
    "Soldier Ant": 39,
    "bot-mqcq": 32,
    "hello": 27,
    "bot-wbxw": 17,
    "Centipede": 70,
    "bot-nugt": 33,
    "rosie": 24,
    "bot-fuvq": 28,
    "Cactus": 3,
    "root": 18,
    "leafy": 19,
    "bot-thyg": 19,
    "bot-uxnr": 17,
    "Rock": 36,
    "gardn": 25,
    "bot-ihff": 28,
    "Ant Hole": 2,
    "florrio": 13,
    "bot-eqvx": 20,
    "bot-mcta": 18,
    "blossom": 19,
    "zorr": 30,
    "petalpop": 17,
    "67": 24,
    "bot-derv": 23,
    "Boulder": 5,
    "bot": 23,
    "thorn": 20,
    "bot-yrut": 21,
    "bot-qhpe": 19,
    "a": 21,
    "aa": 23,
    "bot-rklz": 12,
    "Massive Ladybug": 1,
    "Beetle": 1
  },
  "loadout_history": {
    "1": 1365,
    "0": 2257,
    "30": 5,
    "9": 111,
    "14": 92,
    "19": 28,
    "24": 57,
    "6": 31,
    "23": 24,
    "29": 4,
    "8": 3,
    "44": 2,
    "18": 101,
    "28": 13,
    "33": 8,
    "5": 117,
    "55": 14,
    "10": 34,
    "42": 11,
    "7": 13,
    "40": 115,
    "34": 68,
    "48": 16,
    "21": 4,
    "15": 20,
    "13": 3,
    "46": 11,
    "41": 37,
    "38": 3,
    "77": 6,
    "25": 13,
    "47": 6,
    "32": 11,
    "62": 3,
    "43": 4,
    "11": 8,
    "36": 5,
    "22": 1,
    "35": 25,
    "20": 6,
    "16": 9,
    "37": 2,
    "63": 2,
    "17": 3,
    "26": 8,
    "39": 4,
    "72": 2,
    "12": 2,
    "58": 3,
    "52": 1
  }
}