{
  "schema": 1,
  "name": "bot-124",
  "first_seen": 1778543499.70433,
  "last_seen": 1778552131.643061,
  "episodes": 33,
  "score_total": 1554,
  "score_best": 153,
  "best_loadout": [
    0,
    0,
    0,
    0,
    0
  ],
  "killed_by": {
    "Hornet": 15,
    "Wasp": 5,
    "Mantis": 2,
    "Beetle": 1,
    "bot-52": 1,
    "bot-134": 1,
    "bot-30": 1,
    "Bee": 2,
    "Spider": 1
  },
  "loadout_history": {
    "0": 30,
    "1": 23,
    "24": 2,
    "35": 1,
    "9": 2,
    "28": 1,
    "167": 1,
    "46": 1,
    "26": 1,
    "34": 2,
    "14": 1,
    "32": 1
  }
}