{
  "schema": 1,
  "name": "bot-46",
  "first_seen": 1778543096.526817,
  "last_seen": 1778713175.860734,
  "episodes": 1243,
  "score_total": 175911,
  "score_best": 6433,
  "best_loadout": [
    0,
    0,
    0,
    0,
    0,
    0,
    0,
    0
  ],
  "killed_by": {
    "Wasp": 251,
    "Hornet": 265,
    "Beetle": 45,
    "Rock": 13,
    "Mantis": 100,
    "Spider": 48,
    "Bee": 90,
    "Cactus": 69,
    "Baby Ant": 6,
    "Evil Centipede": 18,
    "Ladybug": 65,
    "Centipede": 42,
    "bot-41": 2,
    "root": 1,
    "petalpop": 3,
    "bot-37": 1,
    "bot-109": 1,
    "bot-113": 1,
    "bot-123": 3,
    "Sandstorm": 6,
    "bot-51": 1,
    "Bush": 15,
    "a": 2,
    "Leafbug": 13,
    "bot-127": 2,
    "bot-93": 1,
    "bot-144": 3,
    "bot-143": 2,
    "bot-96": 10,
    "blossom": 1,
    "bot-25": 1,
    "bot-23": 2,
    "thornbloom": 2,
    "bot-95": 1,
    "bot-117": 1,
    "bot-102": 1,
    "bot-89": 2,
    "bot-137": 4,
    "bot-84": 2,
    "bot-118": 2,
    "bot-50": 2,
    "bot": 1,
    "bot-149": 1,
    "bot-71": 4,
    "bot-72": 2,
    "bot-112": 1,
    "bot-130": 1,
    "Desert Centipede": 4,
    "bot-27": 2,
    "bot-64": 3,
    "bot-36": 2,
    "bot-138": 1,
    "bot-126": 1,
    "bot-111": 2,
    "Worker Ant": 4,
    "bot-63": 2,
    "bloomy": 1,
    "bot-80": 1,
    "bot-135": 5,
    "bot-62": 2,
    "flower": 1,
    "bot-67": 2,
    "bloom": 2,
    "bot-47": 1,
    "bot-114": 1,
    "bot-106": 2,
    "bot-79": 1,
    "blossom-v2": 4,
    "bot-28": 1,
    "bot-99": 1,
    "bot-43": 2,
    "Scorpion": 4,
    "bot-34": 2,
    "bot-132": 1,
    "bot-39": 2,
    "bot-33": 1,
    "bot-75": 1,
    "bot-145": 2,
    "thorn": 1,
    "bot-88": 1,
    "bot-119": 2,
    "bot-59": 1,
    "not bot": 2,
    "thorny": 1,
    "hello": 2,
    "bot-97": 2,
    "bot-44": 3,
    "bot-92": 1,
    "bot-73": 1,
    "bot-52": 2,
    "bot-98": 1,
    "bot-32": 2,
    "bot-78": 2,
    "bot-147": 1,
    "bot-125": 1,
    "bot-49": 1,
    "bot-101": 1,
    "bot-40": 2,
    "bot-56": 1,
    "bot-29": 2,
    "rosie": 7,
    "bot-108": 1,
    "bot-38": 1,
    "bot-70": 1,
    "bot-85": 1,
    "bot-58": 1,
    "bot-94": 2,
    "bot-74": 1,
    "bot-105": 1,
    "prickly": 1,
    "bot-69": 1,
    "bot-141": 2,
    "bot-91": 1,
    "bot-104": 1,
    "bot-57": 1,
    "Soldier Ant": 1
  },
  "loadout_history": {
    "1": 868,
    "0": 1032,
    "14": 12,
    "9": 9,
    "6": 8,
    "15": 15,
    "24": 7,
    "5": 16,
    "26": 2,
    "16": 3,
    "25": 8,
    "7": 4,
    "10": 9,
    "19": 10,
    "18": 5,
    "116": 3,
    "181": 1,
    "79": 3,
    "36": 2,
    "51": 4,
    "49": 1,
    "107": 1,
    "11": 3,
    "48": 1,
    "35": 1,
    "27": 1,
    "21": 1,
    "58": 4,
    "20": 2,
    "12": 1,
    "33": 2,
    "34": 2,
    "54": 1,
    "180": 2,
    "167": 2,
    "17": 1,
    "13": 1,
    "28": 1,
    "61": 1,
    "60": 2,
    "29": 1,
    "75": 1
  }
}