{
  "schema": 1,
  "name": "bot-77",
  "first_seen": 1778543134.0063858,
  "last_seen": 1778552131.683239,
  "episodes": 42,
  "score_total": 2750,
  "score_best": 223,
  "best_loadout": [
    15,
    0,
    0,
    1,
    0,
    0
  ],
  "killed_by": {
    "Wasp": 10,
    "Hornet": 13,
    "prickly": 1,
    "Beetle": 4,
    "Evil Centipede": 1,
    "Mantis": 3,
    "Bee": 2,
    "Ladybug": 2,
    "bot-85": 1,
    "root": 1
  },
  "loadout_history": {
    "1": 33,
    "5": 5,
    "9": 2,
    "0": 34,
    "24": 4,
    "79": 1,
    "47": 1,
    "19": 1,
    "15": 1,
    "28": 3,
    "25": 1,
    "35": 1,
    "14": 2,
    "62": 1,
    "18": 1,
    "7": 1
  }
}