{
  "schema": 1,
  "name": "bot-113",
  "first_seen": 1778364741.6980858,
  "last_seen": 1778552131.652266,
  "episodes": 64,
  "score_total": 4059,
  "score_best": 285,
  "best_loadout": [
    0,
    0,
    0,
    18,
    1,
    18
  ],
  "killed_by": {
    "Spider": 5,
    "Bee": 4,
    "Hornet": 14,
    "Cactus": 3,
    "Beetle": 3,
    "Evil Centipede": 2,
    "Wasp": 6,
    "Centipede": 2,
    "bot-24": 1,
    "bot-100": 1,
    "bot-42": 2,
    "Mantis": 6,
    "Desert Centipede": 1,
    "thorn": 1
  },
  "loadout_history": {
    "0": 55,
    "1": 46,
    "16": 1,
    "9": 3,
    "5": 6,
    "79": 1,
    "48": 1,
    "18": 4,
    "24": 3,
    "6": 2,
    "117": 1,
    "28": 2,
    "25": 1,
    "14": 1,
    "39": 1,
    "17": 1
  }
}