{
  "schema": 1,
  "name": "bot-88",
  "first_seen": 1778543147.864508,
  "last_seen": 1778556765.109205,
  "episodes": 49,
  "score_total": 1972,
  "score_best": 154,
  "best_loadout": [
    10,
    33,
    0,
    0,
    0
  ],
  "killed_by": {
    "Hornet": 5,
    "Mantis": 8,
    "bot-135": 1,
    "Evil Centipede": 1,
    "Ladybug": 1,
    "bot-109": 1,
    "Bee": 1,
    "bot-61": 1,
    "Wasp": 9,
    "bot-149": 1,
    "Beetle": 3,
    "Sandstorm": 1,
    "bot-132": 1,
    "bot-139": 1,
    "Cactus": 1,
    "bot-72": 1,
    "bot-76": 1,
    "bot-53": 1,
    "bot-24": 1
  },
  "loadout_history": {
    "0": 42,
    "1": 38,
    "116": 1,
    "10": 2,
    "5": 1,
    "14": 5,
    "9": 3,
    "33": 1,
    "49": 1,
    "69": 1,
    "79": 1,
    "46": 1,
    "16": 1,
    "29": 1,
    "17": 1
  }
}