{
  "schema": 1,
  "name": "bot-51",
  "first_seen": 1778543104.996141,
  "last_seen": 1778548792.033386,
  "episodes": 27,
  "score_total": 1441,
  "score_best": 172,
  "best_loadout": [
    16,
    0,
    0,
    1,
    0
  ],
  "killed_by": {
    "Evil Centipede": 1,
    "Hornet": 7,
    "Wasp": 5,
    "bot-122": 1,
    "bot-125": 1,
    "bot": 2,
    "thorny": 2,
    "Beetle": 1,
    "bot-126": 2,
    "Mantis": 1
  },
  "loadout_history": {
    "0": 24,
    "1": 24,
    "116": 2,
    "6": 2,
    "14": 2,
    "24": 3,
    "36": 1,
    "9": 2,
    "16": 1,
    "19": 1
  }
}