{
  "schema": 1,
  "name": "bot-81",
  "first_seen": 1778543697.56103,
  "last_seen": 1778623758.247457,
  "episodes": 423,
  "score_total": 61907,
  "score_best": 5103,
  "best_loadout": [
    0,
    1,
    1,
    1,
    1,
    0,
    0
  ],
  "killed_by": {
    "Wasp": 72,
    "Hornet": 93,
    "Mantis": 43,
    "gardn": 1,
    "leafy": 2,
    "bot-122": 2,
    "Bee": 36,
    "Beetle": 23,
    "bot-67": 1,
    "Worker Ant": 2,
    "Spider": 10,
    "aa": 1,
    "bot-53": 1,
    "bot-91": 1,
    "bot-65": 1,
    "Cactus": 16,
    "Centipede": 10,
    "Sandstorm": 4,
    "Leafbug": 7,
    "bot-110": 1,
    "bot-41": 3,
    "Ladybug": 13,
    "bot-117": 3,
    "bot-133": 1,
    "bot-83": 1,
    "bot-106": 1,
    "Rock": 3,
    "Scorpion": 5,
    "bot-52": 1,
    "not bot": 1,
    "bot-135": 1,
    "bot-51": 1,
    "hello": 2,
    "bot-28": 2,
    "bot-90": 1,
    "bot-88": 2,
    "bot-71": 1,
    "bot-45": 1,
    "bot-120": 1,
    "thorn": 1,
    "bot-129": 2,
    "Desert Centipede": 3,
    "bot-123": 1,
    "Baby Ant": 2,
    "bot-119": 3,
    "bot-139": 1,
    "bot-124": 1,
    "bot-93": 1,
    "bot-148": 1,
    "bot-95": 4,
    "bot-72": 2,
    "bot-116": 1,
    "bot-142": 2,
    "bot-68": 1,
    "bot-44": 1,
    "bot-27": 2,
    "bot-56": 1,
    "bot-96": 1,
    "root": 2,
    "bot-39": 1,
    "bot-59": 1,
    "bot-23": 1,
    "Bush": 6,
    "zorr": 1,
    "bot-70": 1,
    "bot-63": 1
  },
  "loadout_history": {
    "0": 374,
    "1": 265,
    "14": 8,
    "10": 2,
    "45": 1,
    "9": 3,
    "5": 9,
    "25": 4,
    "15": 5,
    "6": 6,
    "35": 2,
    "24": 1,
    "28": 1,
    "69": 1,
    "18": 2,
    "7": 1,
    "20": 1,
    "208": 1,
    "22": 1,
    "54": 1,
    "29": 1,
    "19": 1,
    "101": 1,
    "17": 1,
    "21": 1,
    "51": 1,
    "30": 1
  }
}