{
  "schema": 1,
  "name": "bot-118",
  "first_seen": 1778364743.2131178,
  "last_seen": 1778718443.903328,
  "episodes": 1210,
  "score_total": 245529,
  "score_best": 10225,
  "best_loadout": [
    0,
    1,
    0,
    1,
    1,
    0,
    0,
    0
  ],
  "killed_by": {
    "Baby Ant": 7,
    "bot-208": 1,
    "Hornet": 287,
    "Ladybug": 56,
    "Cactus": 75,
    "Bee": 60,
    "Beetle": 57,
    "67": 2,
    "Mantis": 107,
    "bot-61": 2,
    "Wasp": 216,
    "bot-74": 3,
    "bot-79": 2,
    "Rock": 24,
    "bot-59": 1,
    "bot-62": 2,
    "Desert Centipede": 2,
    "bot-68": 1,
    "bot-97": 1,
    "bot-72": 2,
    "Evil Centipede": 19,
    "bot-22": 1,
    "bot-45": 1,
    "bot-100": 2,
    "thorny": 2,
    "bot-75": 1,
    "a": 1,
    "Centipede": 31,
    "Spider": 39,
    "bot-40": 1,
    "Sandstorm": 15,
    "bot-144": 2,
    "bot-112": 2,
    "bot-65": 2,
    "bot": 2,
    "bloom": 4,
    "Soldier Ant": 2,
    "Leafbug": 19,
    "rosie": 2,
    "bot-63": 2,
    "bot-25": 1,
    "bot-82": 2,
    "Bush": 11,
    "bot-58": 2,
    "bot-67": 1,
    "bot-130": 3,
    "Scorpion": 8,
    "bot-84": 1,
    "bot-81": 2,
    "bot-47": 2,
    "blossom-v2": 1,
    "bot-128": 2,
    "Worker Ant": 5,
    "bot-34": 2,
    "bot-87": 1,
    "aa": 1,
    "bot-114": 2,
    "bot-66": 2,
    "bot-28": 2,
    "bot-76": 1,
    "bot-139": 1,
    "bot-31": 4,
    "bot-80": 1,
    "bot-116": 3,
    "bot-86": 1,
    "bot-102": 1,
    "bot-64": 3,
    "bot-133": 2,
    "bloomy": 1,
    "bot-93": 1,
    "bot-32": 2,
    "bot-49": 2,
    "bot-101": 1,
    "bot-33": 1,
    "bot-110": 2,
    "bot-57": 4,
    "bot-126": 1,
    "bot-145": 1,
    "bot-146": 1,
    "bot-77": 2,
    "bot-119": 3,
    "bot-103": 2,
    "bot-43": 3,
    "thorn": 2,
    "bot-42": 3,
    "bot-140": 2,
    "bot-24": 1,
    "bot-94": 2,
    "bot-108": 1,
    "bot-54": 1,
    "bot-85": 1,
    "bot-137": 1,
    "bot-123": 1,
    "bot-111": 2,
    "bot-135": 1,
    "bot-88": 1,
    "bot-141": 1,
    "bot-109": 2,
    "bot-23": 2,
    "bot-56": 4,
    "bot-131": 1,
    "bot-91": 1,
    "bot-48": 1,
    "bot-106": 1,
    "bot-55": 1,
    "bot-107": 1,
    "blossom": 1,
    "bot-134": 1,
    "bot-90": 1,
    "bot-105": 1
  },
  "loadout_history": {
    "0": 1043,
    "1": 824,
    "34": 5,
    "9": 14,
    "14": 16,
    "6": 9,
    "15": 18,
    "75": 1,
    "25": 9,
    "18": 9,
    "5": 12,
    "20": 2,
    "29": 6,
    "54": 1,
    "16": 4,
    "26": 2,
    "52": 1,
    "10": 5,
    "33": 2,
    "17": 2,
    "19": 3,
    "167": 4,
    "28": 1,
    "49": 2,
    "7": 3,
    "11": 2,
    "51": 3,
    "35": 4,
    "22": 1,
    "36": 1,
    "12": 1,
    "24": 5,
    "107": 1,
    "97": 1,
    "83": 1,
    "92": 1,
    "27": 1,
    "177": 1,
    "204": 1,
    "168": 1,
    "117": 1,
    "79": 1,
    "181": 1,
    "23": 3,
    "135": 2,
    "30": 1
  }
}