{
  "schema": 1,
  "name": "bot-84",
  "first_seen": 1778543489.42082,
  "last_seen": 1778727618.7215831,
  "episodes": 1217,
  "score_total": 224947,
  "score_best": 10134,
  "best_loadout": [
    0,
    0,
    0,
    0,
    0,
    0,
    0,
    0
  ],
  "killed_by": {
    "bot-62": 1,
    "Hornet": 289,
    "Beetle": 46,
    "Worker Ant": 10,
    "Mantis": 94,
    "bot-81": 3,
    "Wasp": 198,
    "a": 2,
    "Bee": 75,
    "Bush": 14,
    "bot-68": 2,
    "bot-63": 1,
    "bot-45": 1,
    "Spider": 57,
    "Cactus": 83,
    "bot-141": 3,
    "bot-26": 3,
    "bot-67": 2,
    "bot-125": 3,
    "Ladybug": 47,
    "Leafbug": 14,
    "Centipede": 42,
    "Evil Centipede": 14,
    "Desert Centipede": 6,
    "Sandstorm": 15,
    "bot-114": 2,
    "bot-107": 3,
    "bot-56": 1,
    "bot-132": 1,
    "Rock": 23,
    "bot-77": 2,
    "bot-40": 1,
    "bot-89": 1,
    "bot-46": 1,
    "bot-47": 3,
    "bot-140": 2,
    "bot-138": 2,
    "bot-142": 3,
    "bot-104": 3,
    "bot-72": 1,
    "bot-29": 2,
    "bot-123": 1,
    "bot-61": 3,
    "aa": 1,
    "bot-32": 1,
    "bot-54": 1,
    "leafy": 2,
    "bot-59": 2,
    "bot": 5,
    "bot-131": 3,
    "bot-73": 2,
    "bot-108": 2,
    "bot-24": 3,
    "bot-148": 1,
    "bot-23": 1,
    "Soldier Ant": 3,
    "bot-51": 1,
    "bot-58": 1,
    "bot-57": 5,
    "bot-94": 4,
    "bot-90": 2,
    "bot-66": 1,
    "bot-103": 2,
    "bot-31": 3,
    "florrio": 1,
    "blossom-v2": 3,
    "bot-48": 1,
    "bot-105": 3,
    "bot-22": 1,
    "bot-95": 1,
    "bot-98": 2,
    "bot-145": 2,
    "bot-128": 2,
    "Scorpion": 4,
    "bot-96": 1,
    "bot-65": 2,
    "bot-97": 2,
    "bot-50": 4,
    "Baby Ant": 2,
    "bot-39": 1,
    "bot-120": 1,
    "bot-134": 1,
    "bot-129": 1,
    "bot-110": 2,
    "bot-74": 2,
    "bot-101": 1,
    "bot-25": 1,
    "bot-124": 2,
    "bot-135": 1,
    "root": 1,
    "bot-130": 1,
    "flower": 2,
    "blossom": 1,
    "bot-126": 1,
    "bot-43": 2,
    "bot-86": 1,
    "bot-93": 1,
    "thorny": 2,
    "bot-144": 1,
    "bot-76": 1,
    "bot-52": 1,
    "rosie": 1,
    "bot-75": 1,
    "bot-113": 5,
    "bot-83": 1,
    "bot-139": 1,
    "bot-44": 1,
    "bot-115": 1,
    "bot-60": 1,
    "thornbloom": 1,
    "prickly": 3
  },
  "loadout_history": {
    "0": 1004,
    "1": 842,
    "24": 16,
    "19": 5,
    "5": 20,
    "14": 21,
    "9": 16,
    "39": 1,
    "23": 3,
    "18": 7,
    "37": 1,
    "7": 7,
    "10": 5,
    "34": 3,
    "116": 2,
    "15": 13,
    "25": 6,
    "183": 1,
    "11": 1,
    "84": 1,
    "36": 1,
    "46": 2,
    "6": 3,
    "64": 1,
    "21": 2,
    "58": 1,
    "100": 1,
    "54": 1,
    "16": 2,
    "83": 1,
    "26": 3,
    "180": 1,
    "86": 1,
    "169": 1,
    "8": 1,
    "35": 2,
    "62": 1,
    "45": 1,
    "51": 2,
    "33": 1,
    "170": 1,
    "47": 1,
    "20": 1,
    "28": 1
  }
}