{
  "schema": 1,
  "name": "bot-pjws",
  "first_seen": 1778200132.240459,
  "last_seen": 1778200911.520899,
  "episodes": 24,
  "score_total": 2923,
  "score_best": 1221,
  "best_loadout": [
    67,
    0,
    0,
    0,
    36,
    35
  ],
  "killed_by": {
    "Hornet": 18,
    "bot-vivt": 1,
    "florrio": 1,
    "Spider": 1,
    "leafy": 2
  },
  "loadout_history": {
    "0": 20,
    "1": 15,
    "24": 1,
    "18": 1,
    "5": 1,
    "35": 2,
    "67": 1,
    "36": 2,
    "58": 1
  }
}