{
  "schema": 1,
  "name": "bot-104",
  "first_seen": 1778364741.737202,
  "last_seen": 1778556792.909963,
  "episodes": 140,
  "score_total": 7690,
  "score_best": 1079,
  "best_loadout": [
    0,
    0,
    0,
    0,
    0,
    0
  ],
  "killed_by": {
    "Hornet": 46,
    "Evil Centipede": 3,
    "Beetle": 5,
    "Centipede": 4,
    "Baby Ant": 2,
    "bot-509": 2,
    "Cactus": 7,
    "Soldier Ant": 2,
    "bot-107": 3,
    "bot-205": 1,
    "Boulder": 3,
    "Bee": 1,
    "Spider": 4,
    "Scorpion": 2,
    "Ladybug": 1,
    "bot-406": 1,
    "bot-706": 2,
    "Worker Ant": 2,
    "bot-517": 1,
    "Mantis": 8,
    "Wasp": 11,
    "gardn": 2,
    "bot-123": 1,
    "bot-62": 1,
    "bot-103": 1,
    "Sandstorm": 1,
    "bot-59": 1,
    "bot-149": 1
  },
  "loadout_history": {
    "1": 105,
    "0": 117,
    "25": 2,
    "5": 5,
    "7": 1,
    "14": 6,
    "9": 5,
    "79": 1,
    "36": 1,
    "28": 3,
    "18": 2,
    "24": 3,
    "11": 1,
    "33": 1,
    "6": 1,
    "48": 1,
    "92": 1,
    "15": 2,
    "10": 1,
    "46": 1,
    "116": 2,
    "19": 1,
    "167": 1
  }
}