{
  "schema": 1,
  "name": "bot-133",
  "first_seen": 1778543163.8315258,
  "last_seen": 1778623946.632554,
  "episodes": 457,
  "score_total": 62822,
  "score_best": 5091,
  "best_loadout": [
    5,
    1,
    1,
    1,
    1,
    0,
    0
  ],
  "killed_by": {
    "Hornet": 113,
    "Wasp": 83,
    "Desert Centipede": 3,
    "leafy": 1,
    "Beetle": 22,
    "Evil Centipede": 4,
    "Spider": 12,
    "bot-31": 3,
    "bot-114": 1,
    "bot-119": 1,
    "Centipede": 12,
    "Mantis": 40,
    "Leafbug": 2,
    "petalpop": 1,
    "bot-104": 1,
    "Cactus": 43,
    "Bee": 24,
    "67": 4,
    "Scorpion": 1,
    "bot-95": 2,
    "Bush": 1,
    "bot-146": 2,
    "hello": 1,
    "Sandstorm": 7,
    "Ladybug": 13,
    "Rock": 1,
    "bot-128": 1,
    "bot-64": 1,
    "bot-66": 1,
    "bot-65": 1,
    "bot-49": 2,
    "bot-35": 1,
    "Worker Ant": 4,
    "bot-82": 1,
    "bot-37": 1,
    "bot-67": 1,
    "Baby Ant": 1,
    "bot-62": 1,
    "bot-140": 1,
    "bot-126": 1,
    "bot-115": 2,
    "Soldier Ant": 1,
    "bot-91": 1,
    "bot-29": 1,
    "bot-47": 2,
    "zorr": 1,
    "bot-69": 2,
    "bot-101": 2,
    "bot-75": 2,
    "bot-149": 2,
    "bot-112": 1,
    "not bot": 2,
    "a": 1,
    "bot-125": 1,
    "bot-111": 1,
    "bot-61": 1,
    "bot-52": 1,
    "bot-93": 1,
    "bot-121": 1,
    "bot-98": 2,
    "blossom-v2": 1,
    "bot-43": 1,
    "bot-77": 1
  },
  "loadout_history": {
    "0": 404,
    "1": 293,
    "15": 4,
    "33": 1,
    "35": 2,
    "14": 5,
    "5": 8,
    "24": 4,
    "28": 2,
    "9": 5,
    "18": 2,
    "16": 2,
    "34": 1,
    "19": 3,
    "116": 1,
    "167": 1,
    "10": 2,
    "29": 1,
    "90": 1,
    "62": 1,
    "83": 1,
    "6": 2,
    "25": 1,
    "79": 1,
    "12": 1
  }
}