{
  "schema": 1,
  "name": "bot-110",
  "first_seen": 1778364742.798528,
  "last_seen": 1779316529.810486,
  "episodes": 1481,
  "score_total": 158786,
  "score_best": 5213,
  "best_loadout": [
    0,
    0,
    0,
    0,
    0,
    0,
    0
  ],
  "killed_by": {
    "Spider": 56,
    "Hornet": 351,
    "Cactus": 85,
    "Leafbug": 24,
    "Bush": 12,
    "Mantis": 136,
    "Wasp": 245,
    "flower": 1,
    "Ladybug": 61,
    "Beetle": 68,
    "gardn": 4,
    "Bee": 104,
    "bot-73": 1,
    "bot-138": 2,
    "bot-65": 4,
    "bot-33": 4,
    "Evil Centipede": 31,
    "Sandstorm": 17,
    "bot-117": 1,
    "Centipede": 37,
    "bot-125": 1,
    "bot-80": 4,
    "bot-50": 1,
    "bot-119": 1,
    "bot-104": 1,
    "bot-32": 1,
    "Desert Centipede": 11,
    "bot-35": 1,
    "bot-70": 1,
    "bot-31": 3,
    "Scorpion": 8,
    "Worker Ant": 4,
    "bot-139": 1,
    "bot-41": 1,
    "bot-120": 1,
    "bot-144": 1,
    "bot-97": 3,
    "bot-149": 4,
    "bot-141": 4,
    "bot-134": 1,
    "bot-131": 1,
    "bot-57": 2,
    "hello": 2,
    "bot-56": 3,
    "bot-142": 5,
    "bot-89": 1,
    "Rock": 12,
    "bot-77": 3,
    "bot-109": 1,
    "bot-101": 3,
    "bot-22": 1,
    "thornbloom": 8,
    "bot-87": 1,
    "bot-140": 1,
    "bot-124": 2,
    "bot-128": 3,
    "bloom": 3,
    "bot-30": 2,
    "bot-113": 1,
    "bot-126": 2,
    "bot-93": 2,
    "bot-107": 3,
    "bot-66": 1,
    "bot-52": 3,
    "bot-130": 1,
    "bot-55": 1,
    "bot-63": 2,
    "bot-137": 1,
    "bot-129": 2,
    "bot-68": 5,
    "bot-78": 2,
    "bot-40": 2,
    "bot-36": 2,
    "bot-42": 1,
    "bot-118": 1,
    "bot-26": 1,
    "rosie": 3,
    "bot-133": 3,
    "bot": 1,
    "bot-38": 1,
    "bloomy": 1,
    "bot-60": 1,
    "bot-28": 3,
    "bot-132": 2,
    "bot-23": 1,
    "not bot": 1,
    "bot-96": 1,
    "bot-123": 1,
    "bot-79": 1,
    "bot-67": 4,
    "florrio": 1,
    "a": 1,
    "bot-121": 2,
    "bot-62": 1,
    "bot-45": 3,
    "bot-148": 1,
    "aa": 8,
    "bot-83": 1,
    "bot-54": 1,
    "bot-146": 1,
    "prickly": 3,
    "zorr": 1,
    "bot-111": 1,
    "bot-81": 2,
    "bot-108": 1,
    "bot-64": 2,
    "bot-71": 1,
    "bot-143": 2,
    "bot-103": 1,
    "bot-92": 1,
    "bot-72": 2,
    "bot-135": 3,
    "bot-100": 2,
    "bot-145": 1,
    "bot-94": 1
  },
  "loadout_history": {
    "0": 1276,
    "1": 1031,
    "18": 27,
    "30": 1,
    "49": 2,
    "23": 2,
    "24": 6,
    "5": 18,
    "14": 23,
    "15": 11,
    "7": 1,
    "9": 12,
    "79": 6,
    "204": 2,
    "39": 3,
    "28": 5,
    "19": 6,
    "16": 5,
    "51": 1,
    "33": 3,
    "12": 2,
    "35": 5,
    "93": 1,
    "168": 2,
    "11": 2,
    "17": 1,
    "34": 10,
    "86": 1,
    "10": 5,
    "58": 1,
    "25": 4,
    "8": 3,
    "48": 2,
    "159": 1,
    "6": 5,
    "62": 1,
    "29": 3,
    "54": 1,
    "135": 1,
    "83": 1,
    "26": 1,
    "205": 1,
    "137": 1,
    "45": 3,
    "20": 2,
    "36": 1,
    "37": 1,
    "13": 1,
    "27": 1,
    "60": 1,
    "123": 1,
    "69": 2,
    "167": 2,
    "116": 2,
    "169": 1,
    "117": 1
  }
}