{
  "schema": 1,
  "name": "bot-139",
  "first_seen": 1778543547.0881379,
  "last_seen": 1778727322.0522459,
  "episodes": 1257,
  "score_total": 186285,
  "score_best": 7770,
  "best_loadout": [
    0,
    0,
    0,
    0,
    0,
    0,
    0,
    0
  ],
  "killed_by": {
    "Spider": 44,
    "Hornet": 293,
    "Bee": 102,
    "Wasp": 217,
    "bot-74": 5,
    "Mantis": 116,
    "bot-145": 3,
    "Evil Centipede": 10,
    "Cactus": 66,
    "Sandstorm": 10,
    "Scorpion": 11,
    "Beetle": 45,
    "bot-113": 4,
    "Ladybug": 75,
    "bot-101": 1,
    "Baby Ant": 3,
    "Bush": 11,
    "bot-69": 1,
    "Desert Centipede": 10,
    "bot-26": 2,
    "Rock": 15,
    "rosie": 1,
    "Leafbug": 19,
    "bot-130": 1,
    "bot-73": 2,
    "bot-137": 1,
    "Centipede": 25,
    "bot-144": 3,
    "bot-72": 1,
    "67": 2,
    "bot-48": 4,
    "bot-142": 4,
    "bot-149": 2,
    "bot-38": 2,
    "bloom": 1,
    "bot-67": 1,
    "blossom": 1,
    "bot-109": 4,
    "bot-23": 4,
    "gardn": 1,
    "bot-70": 2,
    "bot-43": 2,
    "bot-131": 1,
    "bot-62": 2,
    "bot-87": 1,
    "bot-76": 1,
    "bot-86": 2,
    "bot-66": 1,
    "bot-45": 3,
    "bot-111": 1,
    "bot-56": 3,
    "a": 2,
    "bot-97": 2,
    "bot-119": 1,
    "bot-124": 1,
    "bot-84": 2,
    "bot-30": 5,
    "bot-96": 1,
    "bot-64": 4,
    "bot-34": 1,
    "bot-93": 1,
    "bot-53": 1,
    "bot-132": 3,
    "bot-55": 3,
    "bot-133": 2,
    "bot-114": 1,
    "bot-59": 1,
    "bot-112": 2,
    "bot-135": 2,
    "bot-141": 1,
    "bot-110": 2,
    "bot-91": 4,
    "bot-33": 1,
    "bot-24": 1,
    "bot-25": 1,
    "bot-98": 1,
    "bot-29": 3,
    "bot-121": 2,
    "bot-44": 2,
    "bot-57": 3,
    "thornbloom": 2,
    "bot-115": 2,
    "bot-92": 1,
    "bot-82": 1,
    "petalpop": 1,
    "bot-126": 1,
    "thorn": 1,
    "bot-50": 7,
    "bot-106": 2,
    "not bot": 1,
    "bot-103": 1,
    "bot-68": 1,
    "bot-136": 1,
    "Worker Ant": 1,
    "bot-116": 1,
    "zorr": 2,
    "bot-46": 1,
    "bot-138": 1,
    "flower": 1,
    "bot": 1,
    "bot-123": 1,
    "bot-147": 1,
    "bot-148": 1,
    "bot-85": 2,
    "root": 1,
    "bot-80": 1,
    "bot-71": 1,
    "bot-105": 1,
    "hello": 1,
    "bot-100": 2,
    "bot-60": 1,
    "bot-54": 1,
    "bot-104": 1
  },
  "loadout_history": {
    "24": 11,
    "0": 1052,
    "1": 890,
    "9": 14,
    "12": 4,
    "14": 29,
    "64": 2,
    "32": 1,
    "18": 12,
    "5": 16,
    "15": 15,
    "19": 5,
    "10": 11,
    "39": 2,
    "30": 1,
    "11": 5,
    "6": 7,
    "17": 2,
    "60": 3,
    "34": 2,
    "26": 4,
    "167": 2,
    "23": 1,
    "16": 9,
    "84": 2,
    "46": 1,
    "33": 1,
    "28": 6,
    "25": 4,
    "49": 1,
    "29": 1,
    "89": 2,
    "20": 2,
    "35": 4,
    "79": 2,
    "181": 1,
    "58": 1,
    "182": 1,
    "36": 1,
    "116": 1,
    "56": 1,
    "51": 1
  }
}