{
  "schema": 1,
  "name": "bot-yrut",
  "first_seen": 1778218310.780589,
  "last_seen": 1778278885.869916,
  "episodes": 2273,
  "score_total": 207987,
  "score_best": 5054,
  "best_loadout": [
    0,
    0,
    0,
    0,
    0,
    0,
    0
  ],
  "killed_by": {
    "Hornet": 1231,
    "Cactus": 7,
    "Rock": 25,
    "Spider": 76,
    "bot-wbxw": 28,
    "bot-thyg": 15,
    "a": 30,
    "Soldier Ant": 41,
    "Centipede": 69,
    "bot-ihff": 25,
    "bot-derv": 20,
    "Bee": 113,
    "bot-eqvx": 26,
    "aa": 31,
    "hello": 20,
    "bot": 25,
    "bot-nugt": 12,
    "zorr": 27,
    "petalpop": 19,
    "florrio": 23,
    "bot-mqcq": 22,
    "67": 30,
    "bot-rklz": 25,
    "bot-liwn": 24,
    "thorn": 29,
    "root": 22,
    "leafy": 23,
    "Ladybug": 27,
    "gardn": 20,
    "bot-mcta": 28,
    "bot-iraf": 19,
    "rosie": 22,
    "Massive Ladybug": 3,
    "bot-fuvq": 21,
    "bot-qhpe": 17,
    "blossom": 30,
    "Boulder": 5,
    "not bot": 20,
    "bot-uxnr": 14,
    "Baby Ant": 5,
    "Sandstorm": 1,
    "Scorpion": 2
  },
  "loadout_history": {
    "0": 2222,
    "15": 8,
    "1": 1347,
    "77": 7,
    "63": 3,
    "9": 77,
    "14": 107,
    "7": 7,
    "24": 57,
    "34": 61,
    "12": 1,
    "40": 113,
    "41": 30,
    "18": 104,
    "5": 115,
    "28": 14,
    "33": 13,
    "11": 13,
    "32": 9,
    "10": 20,
    "25": 20,
    "20": 10,
    "16": 13,
    "52": 2,
    "29": 7,
    "48": 17,
    "23": 33,
    "39": 7,
    "35": 21,
    "6": 26,
    "19": 25,
    "55": 11,
    "26": 7,
    "36": 8,
    "47": 4,
    "61": 1,
    "37": 2,
    "17": 4,
    "42": 3,
    "62": 2,
    "43": 1,
    "46": 12,
    "27": 1,
    "38": 1,
    "8": 4,
    "44": 2,
    "30": 1,
    "13": 1
  }
}