{
  "schema": 1,
  "name": "bot-qhpe",
  "first_seen": 1778218310.780093,
  "last_seen": 1778278888.310195,
  "episodes": 2428,
  "score_total": 258622,
  "score_best": 7690,
  "best_loadout": [
    0,
    0,
    0,
    0,
    0,
    0,
    0,
    0
  ],
  "killed_by": {
    "Hornet": 1401,
    "Bee": 114,
    "Baby Ant": 3,
    "aa": 19,
    "Beetle": 2,
    "bot-eqvx": 20,
    "bot-derv": 25,
    "bot-thyg": 27,
    "Spider": 55,
    "root": 20,
    "Centipede": 76,
    "not bot": 36,
    "67": 23,
    "bot-mqcq": 35,
    "thorn": 21,
    "hello": 28,
    "bot-fuvq": 27,
    "Soldier Ant": 46,
    "Rock": 26,
    "bot-nugt": 31,
    "leafy": 24,
    "rosie": 20,
    "bot-mcta": 26,
    "blossom": 26,
    "Ladybug": 19,
    "bot-ihff": 20,
    "petalpop": 22,
    "bot-iraf": 29,
    "bot-liwn": 15,
    "bot": 17,
    "bot-wbxw": 26,
    "a": 20,
    "Boulder": 7,
    "Cactus": 4,
    "bot-rklz": 15,
    "bot-uxnr": 29,
    "florrio": 15,
    "gardn": 22,
    "zorr": 20,
    "bot-yrut": 12,
    "Sandstorm": 3,
    "Massive Ladybug": 1
  },
  "loadout_history": {
    "0": 2369,
    "1": 1481,
    "18": 90,
    "14": 110,
    "34": 68,
    "7": 17,
    "12": 4,
    "5": 147,
    "24": 60,
    "6": 32,
    "25": 14,
    "48": 20,
    "32": 16,
    "40": 95,
    "15": 18,
    "9": 91,
    "10": 30,
    "42": 13,
    "36": 7,
    "20": 11,
    "35": 22,
    "39": 6,
    "46": 12,
    "23": 28,
    "41": 29,
    "29": 6,
    "26": 6,
    "28": 18,
    "11": 20,
    "63": 1,
    "16": 9,
    "61": 1,
    "55": 8,
    "33": 9,
    "19": 22,
    "38": 2,
    "47": 4,
    "72": 1,
    "77": 2,
    "31": 1,
    "8": 2,
    "30": 2,
    "52": 1,
    "27": 1,
    "43": 1,
    "37": 1,
    "62": 1,
    "17": 2
  }
}