{
  "schema": 1,
  "name": "bot-107",
  "first_seen": 1778364741.645498,
  "last_seen": 1778624198.3061461,
  "episodes": 464,
  "score_total": 74049,
  "score_best": 10264,
  "best_loadout": [
    0,
    0,
    0,
    1,
    1,
    0,
    0,
    0
  ],
  "killed_by": {
    "Beetle": 13,
    "Hornet": 115,
    "Evil Centipede": 11,
    "Cactus": 20,
    "Spider": 12,
    "Wasp": 82,
    "Sandstorm": 3,
    "bot-49": 1,
    "Bee": 48,
    "Mantis": 36,
    "blossom": 1,
    "bot-137": 1,
    "bot-130": 2,
    "bot-57": 1,
    "bot-114": 1,
    "Leafbug": 9,
    "bot-23": 1,
    "thorny": 2,
    "bot-60": 2,
    "bot-124": 2,
    "bot-92": 2,
    "Ladybug": 17,
    "bot-77": 1,
    "Scorpion": 3,
    "bot-73": 5,
    "Centipede": 9,
    "bot-118": 1,
    "bot-113": 1,
    "thorn": 1,
    "bot-62": 1,
    "bot-116": 1,
    "bot-72": 2,
    "rosie": 1,
    "Rock": 7,
    "bot-39": 1,
    "bot-102": 1,
    "Bush": 1,
    "bot-52": 1,
    "bot-90": 1,
    "bot-42": 1,
    "bot-143": 1,
    "not bot": 1,
    "bot-37": 2,
    "bot-65": 1,
    "bot-127": 1,
    "thornbloom": 2,
    "bot-142": 1,
    "bot-112": 1,
    "bot-141": 2,
    "bot-91": 1,
    "bot-71": 1,
    "Desert Centipede": 2,
    "bot-55": 1,
    "bot-135": 1,
    "Worker Ant": 1,
    "bot-85": 1,
    "Soldier Ant": 1,
    "gardn": 1,
    "bot-138": 1,
    "bloomy": 1,
    "bot-54": 1,
    "bot-134": 1,
    "bot-117": 1
  },
  "loadout_history": {
    "1": 313,
    "14": 4,
    "0": 409,
    "28": 2,
    "5": 9,
    "23": 1,
    "24": 12,
    "18": 2,
    "19": 3,
    "9": 7,
    "15": 7,
    "64": 1,
    "79": 1,
    "21": 1,
    "116": 1,
    "26": 2,
    "10": 2,
    "51": 1,
    "25": 3,
    "16": 1,
    "8": 1,
    "17": 1,
    "12": 1,
    "7": 1,
    "61": 1,
    "37": 1,
    "6": 1,
    "206": 1
  }
}