{
  "schema": 1,
  "name": "bot-75",
  "first_seen": 1778543133.499709,
  "last_seen": 1778556790.114938,
  "episodes": 59,
  "score_total": 3641,
  "score_best": 212,
  "best_loadout": [
    0,
    12,
    0,
    0,
    0
  ],
  "killed_by": {
    "Hornet": 15,
    "bot-39": 1,
    "bot-62": 1,
    "Spider": 1,
    "Mantis": 9,
    "bot-32": 2,
    "Wasp": 13,
    "Beetle": 1,
    "bot-49": 1,
    "bot-83": 1,
    "bot-80": 1,
    "Cactus": 1,
    "bot-60": 1,
    "Desert Centipede": 1,
    "Sandstorm": 1,
    "bot-25": 1,
    "bot-137": 1
  },
  "loadout_history": {
    "0": 52,
    "1": 44,
    "14": 6,
    "24": 2,
    "5": 4,
    "18": 2,
    "15": 1,
    "12": 1,
    "69": 1,
    "79": 1,
    "39": 1,
    "19": 1,
    "51": 1,
    "116": 1,
    "16": 1
  }
}