{
  "schema": 1,
  "name": "bot-27",
  "first_seen": 1778543097.324739,
  "last_seen": 1778624283.947144,
  "episodes": 434,
  "score_total": 61340,
  "score_best": 5443,
  "best_loadout": [
    0,
    20,
    0,
    0,
    0,
    0,
    0
  ],
  "killed_by": {
    "Hornet": 93,
    "Wasp": 86,
    "Evil Centipede": 6,
    "Mantis": 38,
    "Cactus": 20,
    "Beetle": 21,
    "florrio": 1,
    "bot-133": 1,
    "Bee": 28,
    "Spider": 13,
    "bot-87": 1,
    "bot-147": 1,
    "bot-125": 1,
    "Centipede": 10,
    "Baby Ant": 1,
    "root": 1,
    "Ladybug": 14,
    "bot-90": 2,
    "Bush": 2,
    "bot-48": 1,
    "Rock": 4,
    "Sandstorm": 5,
    "Leafbug": 5,
    "bot-97": 1,
    "Scorpion": 4,
    "bot-88": 1,
    "bot-112": 1,
    "bot-136": 1,
    "bot-52": 1,
    "Worker Ant": 4,
    "Soldier Ant": 2,
    "bot-119": 1,
    "bot-103": 1,
    "bloom": 1,
    "bot-93": 1,
    "bot-143": 1,
    "bot-32": 1,
    "bot-124": 3,
    "bot-118": 2,
    "bot-23": 2,
    "bot-109": 2,
    "bot-138": 1,
    "bot-121": 1,
    "blossom-v2": 1,
    "bot-117": 1,
    "bot-115": 1,
    "bot-46": 2,
    "bot-41": 1,
    "bot-80": 1,
    "a": 1,
    "bot-129": 1,
    "bot-33": 1,
    "bot-68": 1,
    "bot-134": 1,
    "bot-94": 1,
    "bot-61": 1,
    "bot-131": 4,
    "bot-36": 1,
    "bot-66": 1,
    "zorr": 1,
    "bot-37": 1,
    "prickly": 1,
    "bot-120": 3,
    "Desert Centipede": 1,
    "thorn": 1,
    "bot-96": 1,
    "bot-113": 1,
    "bot-55": 1,
    "bot-102": 1,
    "bot-42": 1,
    "bot-122": 1,
    "bot-142": 1
  },
  "loadout_history": {
    "0": 378,
    "1": 266,
    "34": 2,
    "15": 2,
    "28": 1,
    "9": 5,
    "24": 4,
    "12": 1,
    "14": 5,
    "116": 1,
    "167": 1,
    "39": 1,
    "5": 4,
    "18": 2,
    "25": 2,
    "10": 4,
    "19": 1,
    "7": 1,
    "20": 4,
    "6": 2,
    "79": 1,
    "97": 1,
    "51": 1,
    "17": 1
  }
}