{
  "schema": 1,
  "name": "bot-66",
  "first_seen": 1778543167.1696079,
  "last_seen": 1778553052.6924531,
  "episodes": 26,
  "score_total": 1647,
  "score_best": 267,
  "best_loadout": [
    0,
    6,
    0,
    0,
    0,
    0
  ],
  "killed_by": {
    "Hornet": 7,
    "Wasp": 2,
    "Spider": 2,
    "Centipede": 2,
    "bot-140": 1,
    "Mantis": 1,
    "bot-83": 1,
    "blossom-v2": 1,
    "Cactus": 1
  },
  "loadout_history": {
    "0": 21,
    "1": 14,
    "14": 3,
    "25": 1,
    "24": 1,
    "9": 2,
    "34": 1,
    "6": 2,
    "15": 2,
    "18": 1,
    "79": 1
  }
}