{
  "schema": 1,
  "name": "bot-65",
  "first_seen": 1778543582.466288,
  "last_seen": 1778712866.1150799,
  "episodes": 1102,
  "score_total": 212550,
  "score_best": 6303,
  "best_loadout": [
    1,
    0,
    1,
    0,
    0,
    0,
    0
  ],
  "killed_by": {
    "Ladybug": 61,
    "Hornet": 278,
    "Mantis": 89,
    "Bush": 11,
    "Wasp": 206,
    "Sandstorm": 15,
    "bot-118": 1,
    "bot-50": 1,
    "bot-89": 1,
    "bot-106": 2,
    "hello": 3,
    "Beetle": 31,
    "bot-31": 2,
    "Evil Centipede": 11,
    "Bee": 78,
    "bot-42": 1,
    "bot-128": 1,
    "bot-117": 1,
    "bot-69": 2,
    "Cactus": 60,
    "Spider": 35,
    "Centipede": 31,
    "bot-27": 2,
    "bot-70": 4,
    "bot-90": 2,
    "bot-54": 1,
    "thornbloom": 2,
    "bot-92": 1,
    "bot-80": 1,
    "bot-49": 4,
    "bloomy": 1,
    "Scorpion": 6,
    "bot-112": 1,
    "bot-134": 1,
    "bot-85": 1,
    "bot-131": 1,
    "bot-29": 1,
    "Desert Centipede": 3,
    "bot-73": 2,
    "bot-115": 4,
    "bot-66": 1,
    "bot-129": 3,
    "bot-142": 6,
    "bot-87": 2,
    "bot-47": 1,
    "Baby Ant": 1,
    "bot-139": 10,
    "bot-136": 3,
    "bot-67": 1,
    "bot-147": 1,
    "bot-102": 1,
    "bot-23": 3,
    "bot-116": 2,
    "bot-68": 2,
    "bot-101": 1,
    "bot-113": 1,
    "aa": 1,
    "Rock": 5,
    "bot-36": 3,
    "bot-45": 3,
    "bot-108": 2,
    "blossom": 3,
    "prickly": 1,
    "Leafbug": 8,
    "bot-143": 1,
    "bot-132": 3,
    "bot-32": 2,
    "bot-95": 1,
    "bot-104": 1,
    "bot-110": 2,
    "bot-35": 3,
    "bot-77": 2,
    "thorny": 3,
    "petalpop": 1,
    "rosie": 1,
    "bot-60": 2,
    "bot-84": 1,
    "bot-114": 2,
    "bot-71": 3,
    "not bot": 1,
    "bot-126": 1,
    "bot-79": 2,
    "bot-135": 2,
    "bot-146": 1,
    "67": 2,
    "thorn": 1,
    "bot-57": 1,
    "bot-122": 2,
    "bot-52": 1,
    "flower": 1,
    "bot-33": 2,
    "bot-44": 2,
    "bot-61": 1,
    "bot-74": 1,
    "bot-53": 1,
    "bot-59": 1,
    "bot-63": 1,
    "bot-99": 1,
    "bloom": 1,
    "Worker Ant": 1,
    "bot-22": 1,
    "bot-111": 1,
    "bot-72": 1,
    "bot-41": 1,
    "bot-145": 1,
    "bot-107": 1,
    "bot-43": 1,
    "bot-96": 1,
    "bot-86": 1,
    "Soldier Ant": 2,
    "bot-58": 1
  },
  "loadout_history": {
    "0": 936,
    "1": 747,
    "9": 12,
    "25": 8,
    "14": 17,
    "24": 9,
    "5": 11,
    "19": 6,
    "20": 2,
    "107": 1,
    "10": 3,
    "6": 11,
    "142": 1,
    "51": 1,
    "28": 2,
    "49": 1,
    "36": 1,
    "11": 3,
    "15": 11,
    "79": 2,
    "7": 2,
    "12": 1,
    "167": 3,
    "16": 4,
    "29": 1,
    "56": 1,
    "34": 4,
    "58": 1,
    "27": 1,
    "55": 2,
    "17": 1,
    "93": 1,
    "89": 1,
    "18": 1,
    "86": 1,
    "35": 1,
    "176": 1,
    "33": 1
  }
}