{
  "schema": 1,
  "name": "bot-odfd",
  "first_seen": 1778122155.225867,
  "last_seen": 1778123048.4430342,
  "episodes": 7,
  "score_total": 325,
  "score_best": 83,
  "best_loadout": [
    24,
    40,
    24,
    9,
    18
  ],
  "killed_by": {
    "a": 2,
    "thorn": 1,
    "sussy": 1,
    "florrio": 1,
    "bot-sinn": 1
  },
  "loadout_history": {
    "40": 7,
    "34": 1,
    "5": 1,
    "23": 1,
    "24": 6,
    "9": 4,
    "14": 3,
    "41": 1,
    "18": 2,
    "10": 1,
    "48": 1,
    "25": 1
  }
}