{
  "schema": 1,
  "name": "bot-87",
  "first_seen": 1778543145.8908741,
  "last_seen": 1778545842.212702,
  "episodes": 14,
  "score_total": 754,
  "score_best": 95,
  "best_loadout": [
    0,
    0,
    0,
    0,
    0
  ],
  "killed_by": {
    "Wasp": 2,
    "aa": 2,
    "Mantis": 3,
    "Hornet": 3,
    "bot-94": 1,
    "Bee": 1
  },
  "loadout_history": {
    "0": 11,
    "1": 10,
    "51": 1,
    "69": 1,
    "14": 4,
    "9": 2,
    "25": 2,
    "15": 1,
    "49": 1,
    "6": 1,
    "17": 1
  }
}