{
  "schema": 1,
  "name": "bot-98",
  "first_seen": 1778543168.548741,
  "last_seen": 1778620333.846337,
  "episodes": 403,
  "score_total": 94249,
  "score_best": 5255,
  "best_loadout": [
    0,
    0,
    0,
    0,
    0,
    0,
    0
  ],
  "killed_by": {
    "Hornet": 88,
    "Mantis": 44,
    "Beetle": 9,
    "Spider": 12,
    "bot-121": 2,
    "Wasp": 89,
    "bloomy": 2,
    "bot-149": 2,
    "bot-58": 1,
    "Sandstorm": 10,
    "bot-87": 1,
    "bot-104": 1,
    "zorr": 2,
    "Baby Ant": 2,
    "Bee": 17,
    "bot-106": 1,
    "bot-133": 2,
    "Cactus": 26,
    "bot-34": 1,
    "bot-30": 1,
    "bot-24": 1,
    "Rock": 2,
    "Ladybug": 11,
    "Leafbug": 6,
    "bot-53": 1,
    "bot-109": 1,
    "thorny": 1,
    "bot-90": 1,
    "leafy": 1,
    "bot-38": 1,
    "Desert Centipede": 3,
    "bot-92": 1,
    "Scorpion": 1,
    "bot-81": 1,
    "bloom": 5,
    "bot-43": 1,
    "petalpop": 1,
    "Evil Centipede": 7,
    "Centipede": 7,
    "bot-33": 3,
    "Bush": 1,
    "bot-39": 1,
    "bot-148": 1,
    "bot-132": 2,
    "bot-125": 1,
    "bot-31": 1,
    "bot-91": 1,
    "bot-42": 1,
    "bot-59": 1,
    "bot-85": 1,
    "bot-68": 1,
    "bot-48": 1,
    "bot-35": 1,
    "thornbloom": 1,
    "bot-119": 1,
    "Worker Ant": 3,
    "aa": 1,
    "bot-103": 1,
    "thorn": 1,
    "bot-22": 1,
    "bot-114": 1,
    "bot-46": 1
  },
  "loadout_history": {
    "0": 365,
    "1": 255,
    "5": 6,
    "45": 1,
    "19": 3,
    "28": 1,
    "18": 4,
    "25": 1,
    "34": 3,
    "6": 3,
    "37": 1,
    "35": 1,
    "23": 1,
    "7": 2,
    "14": 4,
    "15": 4,
    "79": 1,
    "30": 1,
    "20": 1,
    "204": 1,
    "12": 1,
    "83": 1,
    "9": 1,
    "17": 1,
    "107": 1,
    "24": 1
  }
}