{
  "schema": 1,
  "name": "bot-42",
  "first_seen": 1778543102.0895848,
  "last_seen": 1778556783.4513621,
  "episodes": 74,
  "score_total": 3528,
  "score_best": 202,
  "best_loadout": [
    0,
    0,
    1,
    0,
    1
  ],
  "killed_by": {
    "Hornet": 17,
    "Wasp": 14,
    "Beetle": 5,
    "Leafbug": 1,
    "Mantis": 7,
    "Cactus": 2,
    "bot-72": 2,
    "bot-84": 2,
    "Bee": 4,
    "Sandstorm": 2,
    "bot-130": 1,
    "bot-81": 1,
    "bot-129": 1,
    "Ladybug": 1,
    "root": 1,
    "bot-34": 1
  },
  "loadout_history": {
    "0": 63,
    "1": 56,
    "14": 5,
    "5": 3,
    "6": 2,
    "167": 2,
    "24": 5,
    "46": 1,
    "15": 1,
    "10": 1,
    "29": 3,
    "34": 1,
    "69": 1,
    "35": 1,
    "9": 1,
    "7": 1
  }
}