{
  "schema": 1,
  "name": "bot-fuvq",
  "first_seen": 1778218308.5459468,
  "last_seen": 1778278872.120178,
  "episodes": 2446,
  "score_total": 232481,
  "score_best": 5675,
  "best_loadout": [
    0,
    40,
    1,
    0,
    0,
    0,
    0
  ],
  "killed_by": {
    "Spider": 59,
    "Hornet": 1328,
    "aa": 25,
    "bot-rklz": 20,
    "Centipede": 82,
    "hello": 35,
    "Bee": 145,
    "bot-nugt": 30,
    "bot-thyg": 20,
    "Ladybug": 29,
    "bot-mqcq": 26,
    "bot-iraf": 32,
    "bot-wbxw": 28,
    "Boulder": 4,
    "bot-mcta": 23,
    "Scorpion": 3,
    "Beetle": 1,
    "Soldier Ant": 36,
    "root": 37,
    "leafy": 25,
    "bot-yrut": 19,
    "67": 34,
    "a": 20,
    "bot-uxnr": 13,
    "petalpop": 29,
    "rosie": 18,
    "bot-ihff": 32,
    "bot": 20,
    "florrio": 27,
    "blossom": 28,
    "bot-qhpe": 25,
    "bot-liwn": 29,
    "Queen Ant": 1,
    "thorn": 24,
    "Rock": 25,
    "zorr": 27,
    "gardn": 25,
    "Massive Ladybug": 4,
    "bot-derv": 16,
    "bot-eqvx": 17,
    "not bot": 21,
    "Cactus": 1,
    "Baby Ant": 3
  },
  "loadout_history": {
    "0": 2396,
    "1": 1450,
    "18": 92,
    "21": 3,
    "9": 130,
    "48": 17,
    "5": 136,
    "26": 6,
    "14": 98,
    "40": 96,
    "13": 3,
    "32": 13,
    "7": 12,
    "19": 27,
    "47": 4,
    "65": 2,
    "12": 3,
    "10": 26,
    "46": 17,
    "27": 1,
    "25": 17,
    "20": 5,
    "35": 18,
    "39": 4,
    "23": 30,
    "6": 42,
    "33": 10,
    "24": 55,
    "15": 31,
    "16": 16,
    "55": 8,
    "34": 79,
    "29": 5,
    "42": 15,
    "36": 5,
    "41": 37,
    "11": 10,
    "8": 5,
    "28": 17,
    "37": 2,
    "38": 1,
    "44": 1,
    "62": 3,
    "77": 5,
    "63": 1,
    "43": 1,
    "17": 1,
    "52": 1
  }
}