{
  "schema": 1,
  "name": "bot-119",
  "first_seen": 1778543486.3239942,
  "last_seen": 1778545795.834495,
  "episodes": 13,
  "score_total": 2232,
  "score_best": 1087,
  "best_loadout": [
    0,
    0,
    0,
    0,
    0,
    0
  ],
  "killed_by": {
    "Mantis": 2,
    "bot-52": 1,
    "Hornet": 2,
    "Wasp": 2,
    "Cactus": 1,
    "Beetle": 1
  },
  "loadout_history": {
    "0": 12,
    "1": 9,
    "29": 2,
    "69": 1,
    "14": 2,
    "16": 1
  }
}