{
  "schema": 1,
  "name": "bot-lqau",
  "first_seen": 1778117915.280561,
  "last_seen": 1778118406.890414,
  "episodes": 6,
  "score_total": 227,
  "score_best": 89,
  "best_loadout": [
    41,
    23,
    34,
    48,
    18
  ],
  "killed_by": {
    "Bee": 2,
    "sproutling": 1,
    "bot-trkd": 1
  },
  "loadout_history": {
    "1": 4,
    "34": 2,
    "41": 1,
    "48": 1,
    "18": 3,
    "23": 1,
    "24": 2,
    "9": 2
  }
}