{
  "schema": 1,
  "name": "bot-64",
  "first_seen": 1778543168.082931,
  "last_seen": 1779316395.911561,
  "episodes": 1522,
  "score_total": 263358,
  "score_best": 7561,
  "best_loadout": [
    0,
    0,
    0,
    0,
    0,
    0,
    0,
    0
  ],
  "killed_by": {
    "Hornet": 374,
    "Wasp": 264,
    "Scorpion": 9,
    "bot-27": 3,
    "Cactus": 96,
    "Bush": 14,
    "bot-42": 2,
    "Mantis": 116,
    "Bee": 125,
    "Ladybug": 66,
    "Evil Centipede": 29,
    "Beetle": 68,
    "leafy": 4,
    "Desert Centipede": 11,
    "bot-93": 1,
    "bot-110": 3,
    "bot-112": 3,
    "Spider": 48,
    "bot-116": 2,
    "bot-143": 1,
    "Baby Ant": 2,
    "Centipede": 42,
    "bot-77": 5,
    "bot-105": 3,
    "bot-31": 2,
    "aa": 1,
    "Rock": 15,
    "bot-115": 1,
    "Leafbug": 15,
    "bot-124": 1,
    "bot-69": 2,
    "bot-128": 4,
    "root": 1,
    "bot-81": 4,
    "bot-22": 2,
    "bot-40": 1,
    "bot-86": 1,
    "bot-84": 1,
    "bot-60": 3,
    "Sandstorm": 18,
    "bot-24": 3,
    "bot-148": 2,
    "a": 1,
    "bot-68": 6,
    "bot-46": 1,
    "bot-29": 1,
    "bot-132": 2,
    "bot-111": 2,
    "bot-130": 2,
    "bot-137": 3,
    "bot-126": 1,
    "flower": 1,
    "bot-55": 1,
    "bot-139": 1,
    "bot-100": 2,
    "bot-61": 4,
    "bot-135": 2,
    "bot-35": 2,
    "bot-74": 2,
    "bot-78": 1,
    "67": 1,
    "bot-129": 2,
    "Worker Ant": 8,
    "bot-67": 2,
    "bot-122": 1,
    "bot-127": 1,
    "bot-103": 1,
    "bot-106": 2,
    "bot-95": 1,
    "bot-101": 1,
    "bot-123": 2,
    "bot-53": 3,
    "gardn": 3,
    "bot-102": 2,
    "bot-80": 2,
    "thornbloom": 2,
    "thorny": 2,
    "bot-83": 4,
    "bot-91": 2,
    "bot-56": 4,
    "bot-117": 2,
    "bot-119": 3,
    "Soldier Ant": 4,
    "bot-120": 1,
    "hello": 4,
    "bot-54": 2,
    "bot-88": 1,
    "bot-118": 2,
    "bot-58": 1,
    "bot-109": 1,
    "bot-149": 1,
    "bot": 1,
    "blossom-v2": 1,
    "bot-134": 1,
    "bloomy": 1,
    "bot-141": 1,
    "bot-113": 2,
    "bot-138": 1,
    "bot-44": 2,
    "bot-131": 1,
    "bot-104": 1,
    "bot-48": 2,
    "bot-34": 1,
    "bot-121": 1,
    "bot-92": 1,
    "bot-85": 1,
    "bot-133": 1,
    "blossom": 1,
    "bot-72": 1,
    "bot-30": 1,
    "bot-96": 1,
    "sussy": 1,
    "prickly": 1,
    "bot-41": 1,
    "bot-51": 2,
    "bot-26": 1
  },
  "loadout_history": {
    "0": 1300,
    "1": 1087,
    "14": 32,
    "167": 2,
    "15": 15,
    "116": 3,
    "5": 30,
    "9": 18,
    "49": 3,
    "18": 9,
    "10": 15,
    "6": 18,
    "7": 7,
    "51": 4,
    "79": 4,
    "25": 5,
    "30": 2,
    "26": 2,
    "21": 1,
    "20": 7,
    "11": 4,
    "17": 1,
    "24": 16,
    "16": 8,
    "58": 3,
    "180": 2,
    "35": 5,
    "19": 10,
    "112": 1,
    "56": 2,
    "59": 1,
    "60": 1,
    "8": 1,
    "89": 2,
    "83": 2,
    "45": 1,
    "33": 1,
    "28": 7,
    "37": 2,
    "97": 1,
    "22": 1,
    "29": 2,
    "118": 1,
    "84": 1,
    "34": 11,
    "160": 1,
    "69": 1,
    "32": 1,
    "42": 2,
    "50": 1,
    "39": 1,
    "46": 3,
    "40": 4,
    "205": 1,
    "23": 1,
    "204": 1,
    "117": 1
  }
}