{
  "schema": 1,
  "name": "bot-74",
  "first_seen": 1778543473.4266272,
  "last_seen": 1778623944.006826,
  "episodes": 449,
  "score_total": 70576,
  "score_best": 5168,
  "best_loadout": [
    0,
    0,
    1,
    0,
    0,
    0,
    0
  ],
  "killed_by": {
    "Beetle": 22,
    "Wasp": 90,
    "Hornet": 103,
    "bot-46": 2,
    "Cactus": 36,
    "Sandstorm": 5,
    "bot-129": 1,
    "Mantis": 37,
    "petalpop": 1,
    "bot-137": 1,
    "bloom": 1,
    "Bee": 28,
    "bot-145": 1,
    "gardn": 1,
    "bot-108": 1,
    "bot-121": 1,
    "Ladybug": 16,
    "Centipede": 13,
    "Spider": 12,
    "bot-146": 1,
    "Desert Centipede": 6,
    "Scorpion": 4,
    "Rock": 2,
    "Evil Centipede": 3,
    "bot-147": 1,
    "Bush": 4,
    "bot-79": 1,
    "bot-144": 1,
    "bot-92": 1,
    "Soldier Ant": 1,
    "Worker Ant": 2,
    "67": 1,
    "bot-71": 1,
    "bot-130": 1,
    "bot-30": 3,
    "bot-117": 2,
    "bot-113": 1,
    "flower": 1,
    "aa": 2,
    "bot-101": 1,
    "bot-35": 1,
    "bot-83": 1,
    "bot-131": 2,
    "bot-114": 1,
    "thornbloom": 2,
    "bot-77": 1,
    "bot-123": 1,
    "bot-44": 1,
    "Leafbug": 1,
    "bot-98": 1,
    "zorr": 1,
    "florrio": 1,
    "bot-148": 1,
    "thorn": 1,
    "bot-88": 1,
    "bot-70": 1,
    "Baby Ant": 1,
    "leafy": 1,
    "bot-97": 1,
    "bot-103": 6
  },
  "loadout_history": {
    "0": 372,
    "1": 299,
    "45": 2,
    "25": 4,
    "7": 4,
    "10": 7,
    "24": 9,
    "62": 1,
    "15": 4,
    "34": 1,
    "19": 2,
    "5": 9,
    "9": 8,
    "39": 1,
    "12": 2,
    "79": 3,
    "20": 1,
    "23": 1,
    "6": 4,
    "14": 3,
    "18": 1,
    "17": 2,
    "60": 1,
    "30": 1,
    "167": 1,
    "180": 1,
    "33": 1,
    "16": 2
  }
}