{
  "schema": 1,
  "name": "bot-117",
  "first_seen": 1778364742.580827,
  "last_seen": 1778556619.238179,
  "episodes": 76,
  "score_total": 3919,
  "score_best": 1010,
  "best_loadout": [
    0,
    0,
    0,
    0,
    0,
    0
  ],
  "killed_by": {
    "Hornet": 24,
    "Worker Ant": 1,
    "Wasp": 12,
    "Mantis": 9,
    "Scorpion": 1,
    "Centipede": 2,
    "bot-99": 1,
    "Sandstorm": 2,
    "Cactus": 2,
    "bot-126": 1,
    "Beetle": 3,
    "Bee": 1,
    "bot-101": 1,
    "bot-37": 1,
    "bot-108": 1,
    "bot-32": 1
  },
  "loadout_history": {
    "1": 51,
    "0": 66,
    "16": 2,
    "9": 3,
    "18": 1,
    "34": 2,
    "10": 1,
    "5": 5,
    "79": 1,
    "49": 2,
    "39": 1,
    "19": 1,
    "6": 3,
    "24": 1,
    "15": 2,
    "14": 1
  }
}