{
  "schema": 1,
  "name": "bot-29",
  "first_seen": 1778543092.142805,
  "last_seen": 1778624121.77228,
  "episodes": 501,
  "score_total": 66435,
  "score_best": 5070,
  "best_loadout": [
    0,
    0,
    0,
    0,
    0,
    0,
    0
  ],
  "killed_by": {
    "Sandstorm": 7,
    "Hornet": 115,
    "Beetle": 18,
    "bot-47": 2,
    "bot-75": 1,
    "Wasp": 93,
    "Scorpion": 2,
    "Evil Centipede": 3,
    "bot-141": 1,
    "bot-80": 3,
    "Leafbug": 10,
    "bot-67": 2,
    "Mantis": 53,
    "Bee": 45,
    "Cactus": 29,
    "Ladybug": 18,
    "bot-115": 1,
    "petalpop": 1,
    "bot-35": 1,
    "bot-59": 1,
    "bot-106": 2,
    "bot-62": 1,
    "bot-98": 1,
    "bot-55": 1,
    "bot-105": 2,
    "Centipede": 13,
    "Spider": 10,
    "Rock": 8,
    "Desert Centipede": 2,
    "bot-70": 1,
    "bot-66": 2,
    "Bush": 3,
    "bot-77": 2,
    "bot-63": 1,
    "bot-118": 1,
    "bot-135": 1,
    "bot-137": 1,
    "bot-89": 1,
    "bot-91": 6,
    "Worker Ant": 1,
    "bot-122": 1,
    "bot-50": 1,
    "bot-53": 1,
    "bot-138": 1,
    "bot-65": 1,
    "bot-88": 1,
    "bot-111": 1,
    "bot-30": 2,
    "thorny": 1,
    "bot-85": 1,
    "bot-40": 3,
    "bot-124": 1,
    "bot-25": 1,
    "bot-92": 1,
    "flower": 1,
    "bot-72": 1,
    "bot-64": 1,
    "thornbloom": 1,
    "bloom": 1,
    "bot-54": 1,
    "bot-37": 1,
    "hello": 1
  },
  "loadout_history": {
    "0": 438,
    "1": 343,
    "18": 4,
    "28": 2,
    "14": 10,
    "58": 1,
    "11": 1,
    "5": 9,
    "24": 4,
    "167": 3,
    "9": 1,
    "79": 1,
    "46": 2,
    "51": 2,
    "116": 1,
    "15": 5,
    "25": 2,
    "30": 2,
    "23": 1,
    "6": 4,
    "19": 1,
    "10": 2,
    "16": 2,
    "34": 2,
    "36": 1,
    "13": 1,
    "83": 1,
    "32": 1,
    "35": 1,
    "17": 1
  }
}