{
  "schema": 1,
  "name": "bot-tyrj",
  "first_seen": 1778124201.847048,
  "last_seen": 1778126333.4718971,
  "episodes": 22,
  "score_total": 2033,
  "score_best": 860,
  "best_loadout": [
    20,
    26,
    77,
    10,
    19,
    41
  ],
  "killed_by": {
    "Centipede": 1,
    "leafy": 2,
    "bot-jmqj": 1,
    "67": 1,
    "sussy": 1,
    "gardn": 1,
    "bot-rrus": 1,
    "bot-sbyu": 1,
    "Hornet": 6,
    "Bee": 2,
    "root": 1,
    "bot-rzjs": 1
  },
  "loadout_history": {
    "1": 19,
    "42": 1,
    "43": 1,
    "15": 2,
    "10": 2,
    "11": 1,
    "20": 2,
    "21": 1,
    "25": 1,
    "41": 2,
    "77": 1,
    "19": 3,
    "26": 1,
    "6": 1,
    "8": 1,
    "23": 1,
    "46": 2,
    "39": 2,
    "34": 1,
    "14": 1,
    "48": 1
  }
}