{
  "schema": 1,
  "name": "bot-38",
  "first_seen": 1778543153.680154,
  "last_seen": 1778545873.1713011,
  "episodes": 23,
  "score_total": 1121,
  "score_best": 142,
  "best_loadout": [
    0,
    0,
    0,
    0,
    0
  ],
  "killed_by": {
    "Hornet": 6,
    "Mantis": 2,
    "Bee": 4,
    "Beetle": 2,
    "Centipede": 1,
    "Ladybug": 1,
    "bot-24": 2,
    "bot-107": 1,
    "Wasp": 1
  },
  "loadout_history": {
    "0": 21,
    "1": 20,
    "9": 4,
    "5": 4,
    "19": 1,
    "15": 2,
    "24": 1,
    "14": 3,
    "34": 1,
    "181": 1
  }
}