{
  "schema": 1,
  "name": "bot-liwn",
  "first_seen": 1778218306.648841,
  "last_seen": 1778278896.971188,
  "episodes": 2405,
  "score_total": 211819,
  "score_best": 5150,
  "best_loadout": [
    0,
    19,
    0,
    0,
    0,
    0,
    0
  ],
  "killed_by": {
    "Hornet": 1280,
    "bot-nugt": 21,
    "bot-thyg": 23,
    "Centipede": 72,
    "zorr": 19,
    "blossom": 23,
    "rosie": 27,
    "bot-rklz": 26,
    "Rock": 33,
    "Spider": 82,
    "Bee": 134,
    "Cactus": 3,
    "bot-iraf": 24,
    "Ladybug": 33,
    "gardn": 20,
    "bot": 24,
    "bot-ihff": 24,
    "a": 38,
    "bot-mqcq": 28,
    "Soldier Ant": 26,
    "67": 23,
    "root": 23,
    "bot-mcta": 25,
    "bot-fuvq": 32,
    "Boulder": 8,
    "bot-uxnr": 21,
    "bot-wbxw": 25,
    "bot-yrut": 19,
    "leafy": 25,
    "aa": 34,
    "thorn": 23,
    "not bot": 33,
    "bot-eqvx": 25,
    "hello": 21,
    "bot-qhpe": 22,
    "Baby Ant": 7,
    "Massive Ladybug": 3,
    "florrio": 28,
    "petalpop": 25,
    "bot-derv": 22
  },
  "loadout_history": {
    "0": 2339,
    "1": 1434,
    "49": 1,
    "14": 96,
    "40": 96,
    "6": 35,
    "9": 96,
    "20": 13,
    "5": 120,
    "33": 12,
    "13": 4,
    "62": 3,
    "15": 24,
    "34": 50,
    "37": 2,
    "41": 31,
    "18": 100,
    "24": 66,
    "23": 25,
    "48": 13,
    "19": 35,
    "10": 32,
    "17": 3,
    "7": 18,
    "46": 21,
    "36": 9,
    "43": 4,
    "25": 18,
    "39": 7,
    "55": 7,
    "35": 21,
    "11": 14,
    "28": 13,
    "32": 12,
    "12": 3,
    "38": 1,
    "29": 4,
    "77": 6,
    "16": 6,
    "44": 1,
    "42": 10,
    "26": 7,
    "30": 2,
    "47": 4,
    "63": 2,
    "27": 2,
    "8": 2,
    "21": 4,
    "45": 1,
    "67": 1,
    "51": 1
  }
}