{
  "schema": 1,
  "name": "bot-23",
  "first_seen": 1778543448.6881092,
  "last_seen": 1779316446.875231,
  "episodes": 1457,
  "score_total": 220429,
  "score_best": 9038,
  "best_loadout": [
    0,
    0,
    0,
    0,
    0,
    0,
    0,
    0
  ],
  "killed_by": {
    "Mantis": 122,
    "Wasp": 254,
    "Hornet": 336,
    "Desert Centipede": 16,
    "bot-139": 2,
    "Bee": 93,
    "bot-60": 4,
    "Sandstorm": 23,
    "Beetle": 72,
    "Cactus": 92,
    "Evil Centipede": 28,
    "bot-149": 1,
    "flower": 2,
    "bot-35": 2,
    "thorn": 2,
    "bot-114": 1,
    "bot-63": 3,
    "bot-107": 3,
    "bot-51": 2,
    "Ladybug": 51,
    "Spider": 41,
    "Worker Ant": 5,
    "bot-27": 3,
    "bot-115": 4,
    "Scorpion": 17,
    "Centipede": 39,
    "bot-141": 2,
    "bot-116": 4,
    "bot-25": 1,
    "aa": 4,
    "bot-111": 1,
    "bot-103": 3,
    "Bush": 12,
    "Leafbug": 13,
    "bot-72": 3,
    "bot-113": 1,
    "bot-22": 1,
    "bot-119": 2,
    "Rock": 22,
    "bot-57": 2,
    "bot-112": 5,
    "leafy": 1,
    "bot-86": 2,
    "bot-54": 1,
    "hello": 1,
    "bot-101": 1,
    "bot-41": 5,
    "bot-78": 2,
    "bot-91": 1,
    "blossom-v2": 1,
    "bot-36": 5,
    "bot-90": 5,
    "bot-48": 1,
    "bot-124": 1,
    "bot-146": 3,
    "bot-104": 2,
    "rosie": 2,
    "a": 5,
    "bot-28": 2,
    "bot-61": 3,
    "bot-50": 1,
    "bot-121": 2,
    "bot-45": 1,
    "bot-81": 1,
    "bot-123": 1,
    "bot-38": 1,
    "bot-44": 1,
    "bot-34": 1,
    "bot-64": 1,
    "bot-42": 3,
    "bot-70": 1,
    "thorny": 2,
    "bot-67": 2,
    "thornbloom": 1,
    "bot-85": 2,
    "bot-83": 1,
    "bot-79": 1,
    "bot-120": 2,
    "bot-73": 3,
    "bot-24": 2,
    "bot-75": 3,
    "bot-127": 2,
    "bot-47": 1,
    "bot-30": 2,
    "bot": 2,
    "bot-117": 1,
    "bot-95": 2,
    "bot-43": 2,
    "bot-99": 2,
    "bot-94": 3,
    "bot-130": 1,
    "bot-110": 3,
    "bot-49": 1,
    "bot-93": 1,
    "bot-108": 1,
    "bot-143": 2,
    "bot-137": 1,
    "bot-59": 1,
    "bot-58": 1,
    "bot-71": 1,
    "bot-129": 1,
    "bot-80": 1,
    "bloom": 1,
    "bot-97": 2,
    "bot-66": 1,
    "bot-84": 1,
    "bot-136": 1,
    "petalpop": 1,
    "Soldier Ant": 1,
    "bot-106": 1,
    "Baby Ant": 1,
    "bot-109": 1,
    "bot-82": 2,
    "bot-105": 1,
    "bot-140": 1,
    "bot-29": 1,
    "bot-26": 1,
    "bot-132": 1,
    "bot-33": 1,
    "florrio": 1,
    "bot-138": 5,
    "bot-87": 1
  },
  "loadout_history": {
    "0": 1266,
    "1": 976,
    "9": 14,
    "5": 30,
    "18": 16,
    "24": 16,
    "14": 23,
    "7": 5,
    "6": 10,
    "167": 3,
    "15": 13,
    "51": 2,
    "37": 2,
    "92": 1,
    "25": 10,
    "17": 2,
    "75": 1,
    "29": 3,
    "10": 6,
    "34": 14,
    "47": 1,
    "19": 8,
    "23": 2,
    "175": 1,
    "107": 2,
    "11": 4,
    "27": 1,
    "180": 1,
    "26": 3,
    "16": 2,
    "176": 1,
    "79": 2,
    "20": 1,
    "12": 2,
    "36": 1,
    "58": 1,
    "168": 2,
    "159": 1,
    "28": 4,
    "54": 1,
    "35": 2,
    "39": 3,
    "69": 2,
    "46": 2,
    "40": 1,
    "48": 1,
    "41": 1,
    "204": 1
  }
}