{
  "schema": 1,
  "name": "bot-110",
  "first_seen": 1778364742.798528,
  "last_seen": 1778731939.936967,
  "episodes": 1294,
  "score_total": 151730,
  "score_best": 5213,
  "best_loadout": [
    0,
    0,
    0,
    0,
    0,
    0,
    0
  ],
  "killed_by": {
    "Spider": 48,
    "Hornet": 281,
    "Cactus": 74,
    "Leafbug": 23,
    "Bush": 12,
    "Mantis": 125,
    "Wasp": 217,
    "flower": 1,
    "Ladybug": 58,
    "Beetle": 54,
    "gardn": 4,
    "Bee": 99,
    "bot-73": 1,
    "bot-138": 2,
    "bot-65": 4,
    "bot-33": 2,
    "Evil Centipede": 17,
    "Sandstorm": 14,
    "bot-117": 1,
    "Centipede": 36,
    "bot-125": 1,
    "bot-80": 2,
    "bot-50": 1,
    "bot-119": 1,
    "bot-104": 1,
    "bot-32": 1,
    "Desert Centipede": 9,
    "bot-35": 1,
    "bot-70": 1,
    "bot-31": 3,
    "Scorpion": 6,
    "Worker Ant": 4,
    "bot-139": 1,
    "bot-41": 1,
    "bot-120": 1,
    "bot-144": 1,
    "bot-97": 3,
    "bot-149": 4,
    "bot-141": 4,
    "bot-134": 1,
    "bot-131": 1,
    "bot-57": 2,
    "hello": 2,
    "bot-56": 2,
    "bot-142": 5,
    "bot-89": 1,
    "Rock": 11,
    "bot-77": 3,
    "bot-109": 1,
    "bot-101": 3,
    "bot-22": 1,
    "thornbloom": 8,
    "bot-87": 1,
    "bot-140": 1,
    "bot-124": 2,
    "bot-128": 3,
    "bloom": 3,
    "bot-30": 2,
    "bot-113": 1,
    "bot-126": 2,
    "bot-93": 2,
    "bot-107": 3,
    "bot-66": 1,
    "bot-52": 3,
    "bot-130": 1,
    "bot-55": 1,
    "bot-63": 2,
    "bot-137": 1,
    "bot-129": 2,
    "bot-68": 5,
    "bot-78": 2,
    "bot-40": 2,
    "bot-36": 2,
    "bot-42": 1,
    "bot-118": 1,
    "bot-26": 1,
    "rosie": 3,
    "bot-133": 3,
    "bot": 1,
    "bot-38": 1,
    "bloomy": 1,
    "bot-60": 1,
    "bot-28": 3,
    "bot-132": 2,
    "bot-23": 1,
    "not bot": 1,
    "bot-96": 1,
    "bot-123": 1,
    "bot-79": 1,
    "bot-67": 4,
    "florrio": 1,
    "a": 1,
    "bot-121": 2,
    "bot-62": 1,
    "bot-45": 3,
    "bot-148": 1,
    "aa": 8,
    "bot-83": 1,
    "bot-54": 1,
    "bot-146": 1,
    "prickly": 3,
    "zorr": 1,
    "bot-111": 1,
    "bot-81": 2,
    "bot-108": 1,
    "bot-64": 2,
    "bot-71": 1,
    "bot-143": 2,
    "bot-103": 1,
    "bot-92": 1,
    "bot-72": 2,
    "bot-135": 1,
    "bot-100": 2,
    "bot-145": 1
  },
  "loadout_history": {
    "0": 1098,
    "1": 899,
    "18": 23,
    "30": 1,
    "49": 1,
    "23": 2,
    "24": 5,
    "5": 14,
    "14": 17,
    "15": 8,
    "7": 1,
    "9": 10,
    "79": 6,
    "204": 1,
    "39": 2,
    "28": 4,
    "19": 6,
    "16": 5,
    "51": 1,
    "33": 3,
    "12": 2,
    "35": 3,
    "93": 1,
    "168": 1,
    "11": 2,
    "17": 1,
    "34": 7,
    "86": 1,
    "10": 4,
    "58": 1,
    "25": 3,
    "8": 3,
    "48": 1,
    "159": 1,
    "6": 4,
    "62": 1,
    "29": 3,
    "54": 1,
    "135": 1,
    "83": 1,
    "26": 1,
    "205": 1,
    "137": 1,
    "45": 1,
    "20": 2,
    "36": 1,
    "37": 1,
    "13": 1,
    "27": 1,
    "60": 1,
    "123": 1,
    "69": 1,
    "167": 1,
    "116": 1
  }
}