{
  "schema": 1,
  "name": "bot-79",
  "first_seen": 1778543160.249195,
  "last_seen": 1778623634.719003,
  "episodes": 478,
  "score_total": 63174,
  "score_best": 5121,
  "best_loadout": [
    0,
    0,
    0,
    0,
    0,
    0,
    0
  ],
  "killed_by": {
    "Beetle": 21,
    "Hornet": 109,
    "Wasp": 76,
    "bot-77": 1,
    "Evil Centipede": 9,
    "Leafbug": 13,
    "Soldier Ant": 1,
    "Mantis": 59,
    "Bee": 32,
    "bot-89": 2,
    "Ladybug": 17,
    "bot-103": 1,
    "Scorpion": 9,
    "Centipede": 10,
    "bot-147": 1,
    "bot-86": 2,
    "bot-34": 2,
    "Spider": 17,
    "bot-109": 1,
    "Cactus": 18,
    "bot-67": 1,
    "bot-23": 1,
    "Worker Ant": 2,
    "bot-115": 2,
    "Rock": 6,
    "bot-55": 1,
    "gardn": 1,
    "bot-114": 1,
    "Desert Centipede": 2,
    "Sandstorm": 1,
    "bot-136": 1,
    "blossom": 2,
    "Baby Ant": 2,
    "Bush": 2,
    "root": 1,
    "blossom-v2": 1,
    "bot-76": 1,
    "bot-42": 1,
    "bot-50": 4,
    "bot-75": 1,
    "bot-80": 1,
    "bot-28": 1,
    "bot-123": 3,
    "bot-30": 1,
    "bot-35": 1,
    "bot-134": 2,
    "bot-102": 2,
    "bot-87": 1,
    "bot-39": 2,
    "bot-22": 3,
    "hello": 1,
    "bot-64": 1,
    "bot-148": 1,
    "bot-106": 3,
    "bot-99": 1,
    "zorr": 1,
    "bot-97": 1,
    "bot-143": 1,
    "bot-137": 1,
    "bot-125": 1,
    "bot-140": 1,
    "bot-96": 1,
    "bot-122": 1,
    "bot-131": 1,
    "bot-69": 1,
    "bloomy": 1
  },
  "loadout_history": {
    "0": 410,
    "1": 316,
    "34": 1,
    "5": 9,
    "14": 10,
    "24": 3,
    "9": 1,
    "30": 1,
    "18": 3,
    "47": 1,
    "35": 2,
    "15": 7,
    "19": 3,
    "6": 2,
    "7": 1,
    "123": 1,
    "137": 1,
    "58": 1,
    "25": 4,
    "22": 1,
    "8": 1,
    "79": 2
  }
}