{
  "schema": 1,
  "name": "bot-79",
  "first_seen": 1778543160.249195,
  "last_seen": 1778638817.630773,
  "episodes": 630,
  "score_total": 127999,
  "score_best": 15056,
  "best_loadout": [
    0,
    0,
    0,
    0,
    0,
    0,
    0,
    0
  ],
  "killed_by": {
    "Beetle": 26,
    "Hornet": 144,
    "Wasp": 107,
    "bot-77": 1,
    "Evil Centipede": 13,
    "Leafbug": 22,
    "Soldier Ant": 1,
    "Mantis": 67,
    "Bee": 36,
    "bot-89": 2,
    "Ladybug": 26,
    "bot-103": 1,
    "Scorpion": 9,
    "Centipede": 15,
    "bot-147": 1,
    "bot-86": 2,
    "bot-34": 2,
    "Spider": 26,
    "bot-109": 1,
    "Cactus": 25,
    "bot-67": 1,
    "bot-23": 1,
    "Worker Ant": 2,
    "bot-115": 2,
    "Rock": 9,
    "bot-55": 1,
    "gardn": 1,
    "bot-114": 1,
    "Desert Centipede": 2,
    "Sandstorm": 3,
    "bot-136": 1,
    "blossom": 3,
    "Baby Ant": 3,
    "Bush": 2,
    "root": 1,
    "blossom-v2": 1,
    "bot-76": 3,
    "bot-42": 1,
    "bot-50": 4,
    "bot-75": 1,
    "bot-80": 1,
    "bot-28": 1,
    "bot-123": 3,
    "bot-30": 1,
    "bot-35": 1,
    "bot-134": 2,
    "bot-102": 2,
    "bot-87": 2,
    "bot-39": 2,
    "bot-22": 4,
    "hello": 1,
    "bot-64": 1,
    "bot-148": 1,
    "bot-106": 3,
    "bot-99": 1,
    "zorr": 1,
    "bot-97": 1,
    "bot-143": 2,
    "bot-137": 1,
    "bot-125": 1,
    "bot-140": 1,
    "bot-96": 1,
    "bot-122": 1,
    "bot-131": 2,
    "bot-69": 1,
    "bloomy": 1,
    "bot-51": 2,
    "bot-57": 7,
    "bot-146": 1,
    "bot-119": 1,
    "bot-105": 1
  },
  "loadout_history": {
    "0": 531,
    "1": 443,
    "34": 1,
    "5": 9,
    "14": 14,
    "24": 5,
    "9": 1,
    "30": 1,
    "18": 5,
    "47": 1,
    "35": 2,
    "15": 8,
    "19": 4,
    "6": 3,
    "7": 1,
    "123": 1,
    "137": 1,
    "58": 1,
    "25": 6,
    "22": 1,
    "8": 1,
    "79": 2,
    "10": 1,
    "89": 1,
    "49": 1,
    "51": 1,
    "36": 1
  }
}