{
  "schema": 1,
  "name": "bot-129",
  "first_seen": 1778543191.061109,
  "last_seen": 1778717833.813243,
  "episodes": 1223,
  "score_total": 157302,
  "score_best": 5027,
  "best_loadout": [
    0,
    0,
    1,
    0,
    0,
    0,
    0
  ],
  "killed_by": {
    "Wasp": 249,
    "Hornet": 288,
    "bot-28": 2,
    "Beetle": 39,
    "Evil Centipede": 7,
    "Spider": 33,
    "Cactus": 74,
    "Mantis": 96,
    "Desert Centipede": 8,
    "bot-142": 1,
    "Centipede": 26,
    "flower": 2,
    "bot-30": 1,
    "bot-45": 1,
    "Ladybug": 54,
    "Leafbug": 15,
    "Rock": 14,
    "Bee": 89,
    "bot-81": 1,
    "bot-43": 1,
    "a": 1,
    "Bush": 13,
    "bot-54": 2,
    "Scorpion": 4,
    "bot-101": 1,
    "Worker Ant": 7,
    "bot-67": 1,
    "Sandstorm": 20,
    "bot-118": 1,
    "bot-130": 2,
    "bot-71": 2,
    "thornbloom": 1,
    "bot-55": 1,
    "bot-122": 1,
    "zorr": 2,
    "bot-69": 2,
    "bot-97": 4,
    "bot-39": 3,
    "bot-82": 4,
    "bot-84": 1,
    "bot-68": 2,
    "bot-63": 1,
    "bot-113": 1,
    "bot-48": 2,
    "bot-98": 1,
    "bot-109": 1,
    "bot-123": 2,
    "bot-44": 4,
    "bot-102": 1,
    "bot-108": 3,
    "bot-114": 3,
    "bot-31": 1,
    "bot-40": 6,
    "bot-61": 2,
    "bloom": 2,
    "bot-124": 1,
    "bot-76": 4,
    "root": 1,
    "bot-100": 1,
    "bot-33": 1,
    "bot-49": 1,
    "bot-127": 3,
    "Baby Ant": 7,
    "bot-111": 3,
    "bot-85": 2,
    "bot-38": 2,
    "bot-65": 1,
    "bot-148": 4,
    "bot-77": 3,
    "bot-103": 2,
    "bot-147": 1,
    "bot-66": 1,
    "bot-60": 1,
    "bot-149": 2,
    "bot-95": 2,
    "bot-93": 1,
    "bot-64": 2,
    "bot-117": 1,
    "bot-141": 2,
    "bot-112": 1,
    "bot-53": 1,
    "bot-89": 4,
    "prickly": 2,
    "bot-125": 2,
    "bot-86": 1,
    "bot-80": 1,
    "bot-51": 1,
    "bot-105": 2,
    "bot-36": 1,
    "bot-146": 2,
    "bot-140": 1,
    "bot-121": 3,
    "bot-41": 2,
    "bot-46": 2,
    "bot-29": 1,
    "bot-139": 1,
    "bot-99": 3,
    "petalpop": 2,
    "bot-56": 1,
    "hello": 1,
    "bot-90": 1,
    "bot-96": 1,
    "bot-91": 1,
    "bot-131": 1,
    "bot-133": 1,
    "thorny": 1,
    "bot-137": 1,
    "bot-144": 2,
    "bot-59": 1,
    "bot-107": 1,
    "bot-132": 1,
    "bot-35": 1,
    "bot-24": 1,
    "67": 1,
    "bot-52": 1,
    "bot-73": 1
  },
  "loadout_history": {
    "0": 1039,
    "1": 861,
    "14": 18,
    "18": 8,
    "116": 1,
    "24": 6,
    "11": 1,
    "48": 1,
    "5": 12,
    "33": 3,
    "19": 6,
    "79": 4,
    "9": 10,
    "17": 2,
    "6": 8,
    "35": 3,
    "16": 5,
    "168": 1,
    "20": 1,
    "15": 5,
    "25": 4,
    "10": 8,
    "37": 1,
    "12": 1,
    "23": 1,
    "181": 2,
    "29": 2,
    "21": 1,
    "89": 1,
    "176": 1,
    "84": 1,
    "62": 1,
    "7": 3,
    "28": 1,
    "117": 2,
    "61": 2,
    "147": 1,
    "60": 1,
    "8": 1,
    "119": 1,
    "167": 1,
    "180": 1,
    "36": 1,
    "13": 1,
    "51": 1
  }
}