{
  "schema": 1,
  "name": "bot-54",
  "first_seen": 1778543110.4872751,
  "last_seen": 1778638835.241237,
  "episodes": 636,
  "score_total": 83519,
  "score_best": 5590,
  "best_loadout": [
    0,
    0,
    0,
    0,
    0,
    0,
    0
  ],
  "killed_by": {
    "Wasp": 124,
    "Hornet": 163,
    "gardn": 1,
    "Mantis": 55,
    "bot-66": 1,
    "Bee": 50,
    "Bush": 6,
    "bot-94": 3,
    "Centipede": 11,
    "bot-59": 1,
    "bot-51": 1,
    "Beetle": 28,
    "bot-113": 2,
    "bot-38": 1,
    "bot-99": 1,
    "Cactus": 43,
    "bot-44": 1,
    "Baby Ant": 2,
    "bot-97": 2,
    "Ladybug": 22,
    "Evil Centipede": 7,
    "bot-40": 4,
    "Spider": 9,
    "Leafbug": 11,
    "bot-104": 1,
    "bot-136": 1,
    "bot-101": 2,
    "bot-34": 1,
    "bot-116": 1,
    "bot-36": 1,
    "Worker Ant": 4,
    "bot-37": 1,
    "Rock": 4,
    "bot-26": 2,
    "bot-71": 1,
    "Sandstorm": 5,
    "bot-96": 1,
    "bot-106": 1,
    "bot-56": 1,
    "leafy": 1,
    "bot-60": 3,
    "bot-95": 1,
    "bot-112": 2,
    "bot-22": 1,
    "bot-128": 2,
    "bot-109": 1,
    "bot-119": 1,
    "bot-138": 1,
    "bot-89": 1,
    "bot-132": 1,
    "bot-140": 1,
    "prickly": 1,
    "bot-92": 1,
    "a": 1,
    "bot-91": 1,
    "bot-41": 1,
    "bot-30": 1,
    "bot-24": 2,
    "Scorpion": 2,
    "bot-120": 1,
    "rosie": 1,
    "Soldier Ant": 1,
    "bot-73": 2,
    "bot-68": 1,
    "bot-144": 1,
    "Desert Centipede": 2,
    "bot-43": 1,
    "bot-23": 1,
    "bot-31": 1,
    "bot-70": 1,
    "bot-76": 2,
    "bot-126": 1,
    "bot-78": 1,
    "aa": 1,
    "bot-121": 2,
    "not bot": 1,
    "bot-74": 2
  },
  "loadout_history": {
    "0": 534,
    "1": 444,
    "14": 7,
    "11": 8,
    "24": 12,
    "33": 2,
    "5": 13,
    "8": 3,
    "6": 8,
    "34": 1,
    "10": 1,
    "25": 4,
    "9": 5,
    "18": 5,
    "15": 3,
    "61": 1,
    "177": 1,
    "23": 1,
    "16": 1,
    "79": 1,
    "30": 1,
    "19": 2,
    "49": 1,
    "116": 1,
    "55": 1,
    "7": 3,
    "21": 1,
    "89": 1,
    "17": 1
  }
}