{
  "schema": 1,
  "name": "bot-24",
  "first_seen": 1778543184.8603032,
  "last_seen": 1778548797.036785,
  "episodes": 19,
  "score_total": 2745,
  "score_best": 1022,
  "best_loadout": [
    1,
    9,
    0,
    1,
    0,
    0
  ],
  "killed_by": {
    "Hornet": 3,
    "bot-148": 1,
    "Bee": 3,
    "Wasp": 3,
    "Mantis": 1,
    "bot-103": 1,
    "Spider": 2,
    "bot-132": 1
  },
  "loadout_history": {
    "0": 18,
    "1": 14,
    "19": 1,
    "28": 1,
    "9": 1
  }
}