{
  "schema": 1,
  "name": "bot-27",
  "first_seen": 1778543097.324739,
  "last_seen": 1778731822.696286,
  "episodes": 1260,
  "score_total": 229029,
  "score_best": 5517,
  "best_loadout": [
    1,
    1,
    1,
    1,
    1,
    1,
    0
  ],
  "killed_by": {
    "Hornet": 283,
    "Wasp": 246,
    "Evil Centipede": 13,
    "Mantis": 106,
    "Cactus": 72,
    "Beetle": 55,
    "florrio": 3,
    "bot-133": 2,
    "Bee": 83,
    "Spider": 53,
    "bot-87": 1,
    "bot-147": 2,
    "bot-125": 1,
    "Centipede": 29,
    "Baby Ant": 3,
    "root": 1,
    "Ladybug": 43,
    "bot-90": 4,
    "Bush": 9,
    "bot-48": 1,
    "Rock": 13,
    "Sandstorm": 16,
    "Leafbug": 18,
    "bot-97": 1,
    "Scorpion": 11,
    "bot-88": 3,
    "bot-112": 1,
    "bot-136": 2,
    "bot-52": 2,
    "Worker Ant": 7,
    "Soldier Ant": 3,
    "bot-119": 2,
    "bot-103": 1,
    "bloom": 1,
    "bot-93": 1,
    "bot-143": 2,
    "bot-32": 2,
    "bot-124": 4,
    "bot-118": 2,
    "bot-23": 2,
    "bot-109": 2,
    "bot-138": 3,
    "bot-121": 2,
    "blossom-v2": 1,
    "bot-117": 1,
    "bot-115": 1,
    "bot-46": 2,
    "bot-41": 1,
    "bot-80": 1,
    "a": 1,
    "bot-129": 2,
    "bot-33": 3,
    "bot-68": 4,
    "bot-134": 4,
    "bot-94": 2,
    "bot-61": 2,
    "bot-131": 4,
    "bot-36": 1,
    "bot-66": 1,
    "zorr": 2,
    "bot-37": 2,
    "prickly": 2,
    "bot-120": 3,
    "Desert Centipede": 4,
    "thorn": 1,
    "bot-96": 2,
    "bot-113": 4,
    "bot-55": 1,
    "bot-102": 3,
    "bot-42": 2,
    "bot-122": 1,
    "bot-142": 1,
    "bot-82": 1,
    "bot-108": 1,
    "bot-31": 1,
    "bot-45": 4,
    "bot-99": 3,
    "bot-22": 2,
    "bot-141": 1,
    "bot-74": 2,
    "blossom": 1,
    "bot-116": 2,
    "bot-73": 2,
    "bot-63": 2,
    "bot-89": 1,
    "bot-51": 4,
    "bot-126": 1,
    "hello": 2,
    "thorny": 1,
    "bot-130": 2,
    "bot-29": 3,
    "bot-49": 2,
    "bot-78": 1,
    "bot-114": 3,
    "bot-144": 1,
    "gardn": 1,
    "bot-149": 1,
    "bot-62": 1,
    "petalpop": 1,
    "bot-139": 1,
    "bot-135": 2,
    "bot-105": 1,
    "bot-71": 1,
    "bot-67": 1,
    "bot-39": 2,
    "bot-56": 1,
    "bot-92": 1,
    "bot-106": 1,
    "bot-101": 1,
    "bot-35": 1,
    "bot-28": 1,
    "bot-83": 1,
    "sussy": 1,
    "not bot": 1,
    "bot-53": 1,
    "bot-146": 1,
    "Massive Beetle": 3
  },
  "loadout_history": {
    "0": 1071,
    "1": 874,
    "34": 5,
    "15": 9,
    "28": 2,
    "9": 16,
    "24": 10,
    "12": 3,
    "14": 19,
    "116": 1,
    "167": 4,
    "39": 1,
    "5": 22,
    "18": 12,
    "25": 7,
    "10": 9,
    "19": 4,
    "7": 6,
    "20": 5,
    "6": 7,
    "79": 1,
    "97": 1,
    "51": 4,
    "17": 3,
    "29": 2,
    "11": 2,
    "35": 5,
    "16": 2,
    "22": 1,
    "60": 1,
    "124": 1,
    "30": 3,
    "8": 1,
    "13": 1,
    "117": 1,
    "55": 1,
    "168": 1,
    "83": 1,
    "26": 1,
    "58": 2,
    "23": 2,
    "180": 1,
    "32": 1
  }
}