{
  "schema": 1,
  "name": "bot-73",
  "first_seen": 1778543181.8947861,
  "last_seen": 1778556797.344039,
  "episodes": 52,
  "score_total": 5058,
  "score_best": 2264,
  "best_loadout": [
    0,
    0,
    0,
    0,
    0,
    0,
    0
  ],
  "killed_by": {
    "Wasp": 8,
    "bot-89": 1,
    "bot-64": 2,
    "Mantis": 6,
    "bot-119": 2,
    "Hornet": 11,
    "hello": 1,
    "Desert Centipede": 1,
    "Evil Centipede": 2,
    "Bee": 2,
    "bot-51": 1,
    "Beetle": 1,
    "Cactus": 1,
    "Spider": 1,
    "bot-54": 1,
    "bot-32": 1,
    "bot-25": 1,
    "zorr": 1
  },
  "loadout_history": {
    "0": 47,
    "1": 38,
    "69": 2,
    "24": 2,
    "28": 2,
    "49": 1,
    "34": 1,
    "33": 1,
    "14": 3,
    "11": 1,
    "35": 1,
    "6": 1,
    "7": 1,
    "46": 1,
    "15": 1,
    "19": 1
  }
}