{
  "schema": 1,
  "name": "bot-107",
  "first_seen": 1778364741.645498,
  "last_seen": 1778717987.1495008,
  "episodes": 1266,
  "score_total": 206660,
  "score_best": 10264,
  "best_loadout": [
    0,
    0,
    0,
    1,
    1,
    0,
    0,
    0
  ],
  "killed_by": {
    "Beetle": 36,
    "Hornet": 302,
    "Evil Centipede": 20,
    "Cactus": 79,
    "Spider": 37,
    "Wasp": 230,
    "Sandstorm": 9,
    "bot-49": 3,
    "Bee": 108,
    "Mantis": 90,
    "blossom": 3,
    "bot-137": 1,
    "bot-130": 2,
    "bot-57": 1,
    "bot-114": 2,
    "Leafbug": 16,
    "bot-23": 2,
    "thorny": 3,
    "bot-60": 4,
    "bot-124": 3,
    "bot-92": 6,
    "Ladybug": 66,
    "bot-77": 2,
    "Scorpion": 7,
    "bot-73": 5,
    "Centipede": 31,
    "bot-118": 1,
    "bot-113": 5,
    "thorn": 2,
    "bot-62": 2,
    "bot-116": 2,
    "bot-72": 2,
    "rosie": 3,
    "Rock": 13,
    "bot-39": 3,
    "bot-102": 4,
    "Bush": 9,
    "bot-52": 1,
    "bot-90": 2,
    "bot-42": 3,
    "bot-143": 2,
    "not bot": 2,
    "bot-37": 2,
    "bot-65": 2,
    "bot-127": 1,
    "thornbloom": 6,
    "bot-142": 1,
    "bot-112": 2,
    "bot-141": 2,
    "bot-91": 5,
    "bot-71": 4,
    "Desert Centipede": 5,
    "bot-55": 2,
    "bot-135": 1,
    "Worker Ant": 1,
    "bot-85": 1,
    "Soldier Ant": 3,
    "gardn": 1,
    "bot-138": 1,
    "bloomy": 2,
    "bot-54": 1,
    "bot-134": 1,
    "bot-117": 3,
    "bot-36": 1,
    "bot-74": 3,
    "bot-22": 2,
    "bot-146": 2,
    "bot-147": 1,
    "bot-88": 1,
    "bot-67": 3,
    "bot-28": 1,
    "bot-80": 1,
    "bot-83": 3,
    "bot-123": 1,
    "bot-53": 1,
    "bot-40": 3,
    "bot-104": 1,
    "bot-109": 2,
    "root": 1,
    "bot-96": 1,
    "bot-100": 6,
    "bot-133": 2,
    "bot-27": 1,
    "aa": 1,
    "bot-94": 1,
    "bot-29": 1,
    "Baby Ant": 4,
    "bot-82": 1,
    "bot-70": 1,
    "bot-32": 3,
    "bot-106": 1,
    "bot-66": 1,
    "bot": 2,
    "bot-93": 1,
    "bot-33": 2,
    "bot-95": 8,
    "67": 1,
    "bot-38": 1,
    "bot-98": 1,
    "bot-120": 1,
    "prickly": 4,
    "bot-51": 1,
    "bot-63": 1,
    "bot-59": 1
  },
  "loadout_history": {
    "1": 902,
    "14": 16,
    "0": 1079,
    "28": 4,
    "5": 17,
    "23": 3,
    "24": 21,
    "18": 11,
    "19": 7,
    "9": 19,
    "15": 14,
    "64": 1,
    "79": 2,
    "21": 1,
    "116": 2,
    "26": 3,
    "10": 3,
    "51": 3,
    "25": 6,
    "16": 1,
    "8": 1,
    "17": 2,
    "12": 2,
    "7": 4,
    "61": 1,
    "37": 1,
    "6": 9,
    "206": 1,
    "48": 1,
    "11": 5,
    "83": 1,
    "46": 1,
    "183": 1,
    "168": 1,
    "58": 1,
    "117": 1,
    "22": 1,
    "35": 2,
    "176": 1,
    "167": 3,
    "33": 1,
    "180": 3,
    "34": 1,
    "38": 1
  }
}