{
  "schema": 1,
  "name": "bot-100",
  "first_seen": 1778364740.804471,
  "last_seen": 1779316429.98393,
  "episodes": 1583,
  "score_total": 205537,
  "score_best": 10089,
  "best_loadout": [
    0,
    0,
    0,
    0,
    0,
    0,
    0,
    0
  ],
  "killed_by": {
    "Hornet": 378,
    "Spider": 45,
    "Beetle": 94,
    "Cactus": 93,
    "Rock": 14,
    "Soldier Ant": 9,
    "Worker Ant": 7,
    "Evil Centipede": 33,
    "a": 2,
    "bot-602": 1,
    "Centipede": 65,
    "bot-203": 4,
    "Queen Ant": 1,
    "bot-304": 1,
    "Bee": 91,
    "bot-106": 2,
    "Sandstorm": 21,
    "Desert Centipede": 8,
    "Ladybug": 90,
    "Baby Ant": 3,
    "Wasp": 258,
    "Bush": 12,
    "Mantis": 121,
    "bot-115": 1,
    "bot-70": 2,
    "Leafbug": 21,
    "bot-118": 1,
    "florrio": 2,
    "Scorpion": 10,
    "hello": 2,
    "bot-43": 2,
    "bot-104": 3,
    "bot-41": 2,
    "bot-127": 4,
    "bot-28": 2,
    "bloom": 4,
    "bot-92": 6,
    "bot-53": 1,
    "bot-86": 3,
    "bot-67": 5,
    "not bot": 2,
    "bot-23": 2,
    "bot-58": 1,
    "aa": 2,
    "bot-76": 2,
    "bot-64": 1,
    "bot-148": 3,
    "bot-49": 1,
    "bot-90": 3,
    "bot-39": 5,
    "bot-73": 2,
    "bot-32": 1,
    "bot-26": 1,
    "bot-60": 2,
    "bot-66": 1,
    "root": 2,
    "bot-125": 4,
    "bot-99": 1,
    "rosie": 1,
    "bot-131": 1,
    "petalpop": 8,
    "bot-108": 1,
    "bot-110": 2,
    "bot-83": 2,
    "bot-29": 1,
    "bot-139": 3,
    "67": 1,
    "bot-69": 2,
    "bot-74": 4,
    "blossom-v2": 2,
    "bot-130": 1,
    "thorn": 3,
    "bot-98": 2,
    "bot-46": 4,
    "bot-88": 1,
    "bot-132": 1,
    "bot-138": 3,
    "bot-47": 2,
    "bot-103": 2,
    "bot-144": 4,
    "bot-140": 2,
    "bot-107": 3,
    "bot-84": 2,
    "bot-34": 2,
    "leafy": 2,
    "bot-129": 2,
    "bot": 1,
    "bot-134": 2,
    "bot-45": 1,
    "bot-136": 2,
    "bot-137": 1,
    "bot-71": 1,
    "flower": 1,
    "bot-61": 1,
    "bot-44": 1,
    "bot-95": 1,
    "bot-40": 1,
    "bot-77": 1,
    "gardn": 7,
    "bot-87": 1,
    "bot-123": 1,
    "bot-114": 1,
    "bot-59": 1,
    "bot-81": 1,
    "bot-89": 1,
    "bot-56": 1,
    "bot-96": 1
  },
  "loadout_history": {
    "0": 1366,
    "1": 1128,
    "10": 11,
    "18": 12,
    "15": 17,
    "40": 7,
    "5": 27,
    "14": 25,
    "20": 2,
    "48": 2,
    "28": 11,
    "167": 9,
    "69": 5,
    "39": 2,
    "35": 5,
    "24": 13,
    "49": 4,
    "9": 14,
    "79": 3,
    "29": 3,
    "45": 1,
    "11": 3,
    "25": 11,
    "6": 13,
    "68": 1,
    "51": 2,
    "83": 2,
    "8": 2,
    "37": 2,
    "137": 1,
    "19": 6,
    "17": 1,
    "7": 7,
    "21": 1,
    "180": 1,
    "12": 3,
    "16": 3,
    "36": 2,
    "30": 1,
    "56": 1,
    "23": 4,
    "55": 1,
    "181": 1,
    "165": 1,
    "182": 1,
    "60": 1,
    "13": 1,
    "119": 2,
    "33": 2,
    "116": 1,
    "32": 2,
    "54": 1,
    "34": 3,
    "206": 1,
    "46": 3,
    "41": 1,
    "47": 1,
    "26": 1
  }
}