{
  "schema": 1,
  "name": "bot-139",
  "first_seen": 1778543547.0881379,
  "last_seen": 1778638825.197215,
  "episodes": 635,
  "score_total": 83367,
  "score_best": 7770,
  "best_loadout": [
    0,
    0,
    0,
    0,
    0,
    0,
    0,
    0
  ],
  "killed_by": {
    "Spider": 27,
    "Hornet": 142,
    "Bee": 54,
    "Wasp": 117,
    "bot-74": 4,
    "Mantis": 60,
    "bot-145": 2,
    "Evil Centipede": 8,
    "Cactus": 32,
    "Sandstorm": 7,
    "Scorpion": 6,
    "Beetle": 21,
    "bot-113": 1,
    "Ladybug": 34,
    "bot-101": 1,
    "Baby Ant": 2,
    "Bush": 6,
    "bot-69": 1,
    "Desert Centipede": 7,
    "bot-26": 2,
    "Rock": 11,
    "rosie": 1,
    "Leafbug": 9,
    "bot-130": 1,
    "bot-73": 1,
    "bot-137": 1,
    "Centipede": 7,
    "bot-144": 1,
    "bot-72": 1,
    "67": 1,
    "bot-48": 2,
    "bot-142": 1,
    "bot-149": 1,
    "bot-38": 2,
    "bloom": 1,
    "bot-67": 1,
    "blossom": 1,
    "bot-109": 2,
    "bot-23": 2,
    "gardn": 1,
    "bot-70": 1,
    "bot-43": 2,
    "bot-131": 1,
    "bot-62": 1,
    "bot-87": 1,
    "bot-76": 1,
    "bot-86": 1,
    "bot-66": 1,
    "bot-45": 1,
    "bot-111": 1,
    "bot-56": 3,
    "a": 1,
    "bot-97": 1,
    "bot-119": 1,
    "bot-124": 1,
    "bot-84": 1,
    "bot-30": 3,
    "bot-96": 1,
    "bot-64": 2,
    "bot-34": 1,
    "bot-93": 1,
    "bot-53": 1,
    "bot-132": 2,
    "bot-55": 2,
    "bot-133": 1,
    "bot-114": 1,
    "bot-59": 1,
    "bot-112": 1,
    "bot-135": 1,
    "bot-141": 1,
    "bot-110": 1,
    "bot-91": 2,
    "bot-33": 1,
    "bot-24": 1,
    "bot-25": 1
  },
  "loadout_history": {
    "24": 8,
    "0": 527,
    "1": 449,
    "9": 10,
    "12": 3,
    "14": 14,
    "64": 2,
    "32": 1,
    "18": 5,
    "5": 9,
    "15": 5,
    "19": 3,
    "10": 2,
    "39": 1,
    "30": 1,
    "11": 3,
    "6": 3,
    "17": 1,
    "60": 3,
    "34": 2,
    "26": 2,
    "167": 2,
    "23": 1,
    "16": 2,
    "84": 1,
    "46": 1,
    "33": 1,
    "28": 2,
    "25": 2,
    "49": 1,
    "29": 1,
    "89": 1,
    "20": 1
  }
}