{
  "schema": 1,
  "name": "bot-135",
  "first_seen": 1778543148.358541,
  "last_seen": 1778556770.8172429,
  "episodes": 63,
  "score_total": 5476,
  "score_best": 1056,
  "best_loadout": [
    24,
    0,
    14,
    0,
    0,
    0
  ],
  "killed_by": {
    "Mantis": 9,
    "Scorpion": 1,
    "Wasp": 13,
    "Hornet": 13,
    "Evil Centipede": 2,
    "bot-77": 1,
    "rosie": 1,
    "Bee": 2,
    "bot-33": 1,
    "Centipede": 1,
    "bot-145": 1,
    "Cactus": 3,
    "bot-56": 1,
    "Ladybug": 1,
    "florrio": 1,
    "bot-111": 1,
    "bot-51": 1
  },
  "loadout_history": {
    "0": 56,
    "1": 42,
    "24": 2,
    "14": 5,
    "5": 3,
    "18": 5,
    "28": 1,
    "15": 3,
    "12": 1,
    "7": 2,
    "10": 2,
    "51": 1,
    "34": 2,
    "19": 1,
    "6": 1,
    "29": 1,
    "116": 1,
    "9": 1,
    "35": 1,
    "46": 1,
    "86": 1
  }
}