{
  "schema": 1,
  "name": "bot-113",
  "first_seen": 1778364741.6980858,
  "last_seen": 1778731854.479182,
  "episodes": 1322,
  "score_total": 225480,
  "score_best": 6147,
  "best_loadout": [
    0,
    0,
    0,
    0,
    0,
    0,
    0
  ],
  "killed_by": {
    "Spider": 34,
    "Bee": 109,
    "Hornet": 300,
    "Cactus": 87,
    "Beetle": 41,
    "Evil Centipede": 13,
    "Wasp": 249,
    "Centipede": 25,
    "bot-24": 2,
    "bot-100": 1,
    "bot-42": 2,
    "Mantis": 115,
    "Desert Centipede": 11,
    "thorn": 1,
    "bot-122": 2,
    "bot-141": 2,
    "bot-104": 3,
    "petalpop": 4,
    "Ladybug": 55,
    "Sandstorm": 12,
    "hello": 1,
    "bot-137": 3,
    "bot-28": 4,
    "thorny": 2,
    "bot-55": 5,
    "leafy": 2,
    "Rock": 17,
    "bot-106": 2,
    "bot-124": 1,
    "bot-94": 2,
    "bot-89": 2,
    "Baby Ant": 5,
    "bot-54": 2,
    "bot-128": 2,
    "bot-58": 1,
    "bot-66": 3,
    "bot-33": 3,
    "bot-109": 1,
    "bot-93": 2,
    "bot-29": 2,
    "bot-136": 2,
    "bot-60": 1,
    "bot-50": 1,
    "bot-27": 4,
    "67": 1,
    "bloom": 2,
    "bot-62": 1,
    "bot-40": 3,
    "bot-53": 2,
    "bot-31": 4,
    "rosie": 1,
    "bot-117": 4,
    "aa": 4,
    "Scorpion": 7,
    "bot-74": 1,
    "Bush": 14,
    "not bot": 1,
    "Leafbug": 10,
    "bot-39": 1,
    "bot-63": 1,
    "bot-146": 2,
    "bot": 3,
    "bot-59": 1,
    "bot-130": 2,
    "blossom-v2": 3,
    "bot-61": 2,
    "bloomy": 2,
    "prickly": 2,
    "bot-91": 3,
    "bot-140": 2,
    "thornbloom": 3,
    "bot-139": 1,
    "flower": 2,
    "blossom": 3,
    "bot-98": 1,
    "bot-51": 1,
    "bot-108": 2,
    "bot-138": 3,
    "bot-35": 1,
    "bot-92": 1,
    "bot-144": 2,
    "bot-107": 2,
    "bot-111": 2,
    "bot-88": 2,
    "bot-149": 2,
    "root": 2,
    "bot-82": 2,
    "bot-87": 3,
    "bot-125": 3,
    "bot-115": 2,
    "bot-48": 2,
    "bot-101": 1,
    "bot-68": 2,
    "bot-110": 1,
    "bot-126": 2,
    "bot-147": 1,
    "bot-112": 1,
    "bot-90": 1,
    "bot-52": 1,
    "florrio": 1,
    "bot-56": 1,
    "bot-43": 1,
    "bot-79": 1,
    "bot-133": 1,
    "bot-105": 1,
    "bot-143": 4,
    "bot-123": 1,
    "bot-121": 1,
    "bot-49": 1,
    "bot-25": 1,
    "bot-67": 2,
    "gardn": 6,
    "bot-77": 1,
    "bot-34": 1,
    "bot-102": 1,
    "bot-75": 2,
    "zorr": 1,
    "Soldier Ant": 1,
    "bot-131": 1
  },
  "loadout_history": {
    "0": 1131,
    "1": 939,
    "16": 4,
    "9": 14,
    "5": 19,
    "79": 2,
    "48": 1,
    "18": 13,
    "24": 19,
    "6": 11,
    "117": 1,
    "28": 5,
    "25": 5,
    "14": 16,
    "39": 2,
    "17": 1,
    "20": 2,
    "35": 2,
    "23": 2,
    "59": 1,
    "10": 11,
    "167": 4,
    "34": 3,
    "51": 1,
    "89": 1,
    "180": 1,
    "36": 1,
    "13": 2,
    "7": 3,
    "170": 1,
    "168": 1,
    "19": 3,
    "29": 3,
    "83": 1,
    "161": 1,
    "169": 2,
    "84": 2,
    "75": 1,
    "11": 3,
    "15": 7,
    "21": 2,
    "178": 1,
    "46": 2,
    "12": 1
  }
}