{
  "schema": 1,
  "name": "bot-35",
  "first_seen": 1778543812.3935318,
  "last_seen": 1778553035.06464,
  "episodes": 43,
  "score_total": 3354,
  "score_best": 279,
  "best_loadout": [
    0,
    1,
    1,
    0,
    0,
    18
  ],
  "killed_by": {
    "Hornet": 9,
    "Wasp": 10,
    "Mantis": 6,
    "Beetle": 5,
    "bot-30": 1,
    "bot-86": 2,
    "bot-65": 2,
    "Bee": 2,
    "Ladybug": 1
  },
  "loadout_history": {
    "0": 37,
    "1": 31,
    "9": 4,
    "5": 2,
    "79": 1,
    "49": 1,
    "15": 1,
    "167": 1,
    "28": 1,
    "18": 2,
    "14": 2
  }
}