{
  "schema": 1,
  "name": "bot-53",
  "first_seen": 1778543125.842199,
  "last_seen": 1779316402.441231,
  "episodes": 1496,
  "score_total": 187140,
  "score_best": 5346,
  "best_loadout": [
    0,
    0,
    0,
    0,
    0,
    0,
    0
  ],
  "killed_by": {
    "Hornet": 375,
    "Wasp": 239,
    "bot-113": 3,
    "Bee": 112,
    "Spider": 42,
    "bot-137": 1,
    "Mantis": 117,
    "bot-51": 2,
    "Sandstorm": 22,
    "Cactus": 79,
    "flower": 4,
    "bot-62": 1,
    "Beetle": 86,
    "Centipede": 39,
    "Desert Centipede": 16,
    "Scorpion": 11,
    "Leafbug": 19,
    "Rock": 23,
    "bot-78": 4,
    "Ladybug": 55,
    "bot-54": 4,
    "not bot": 3,
    "bot-127": 5,
    "Worker Ant": 7,
    "bot-100": 2,
    "bot-134": 1,
    "thornbloom": 3,
    "Evil Centipede": 28,
    "bot-145": 3,
    "bot-101": 3,
    "hello": 2,
    "bot-48": 1,
    "Bush": 16,
    "bot-87": 3,
    "bot-114": 4,
    "bot-147": 2,
    "bot-44": 2,
    "bot-77": 1,
    "67": 1,
    "a": 1,
    "bot-43": 1,
    "bot-141": 4,
    "thorn": 1,
    "bot-23": 1,
    "bot-95": 4,
    "bot-132": 6,
    "root": 3,
    "bot-84": 1,
    "bot-49": 1,
    "bot-105": 1,
    "Soldier Ant": 4,
    "bot-94": 4,
    "bot-35": 1,
    "bot-83": 1,
    "bot-148": 1,
    "bot-24": 1,
    "bot-129": 2,
    "bot-58": 2,
    "bot-139": 3,
    "bot-115": 2,
    "bot-76": 1,
    "gardn": 4,
    "bot-64": 4,
    "bot-33": 3,
    "bot-39": 4,
    "bot-72": 1,
    "bot-120": 4,
    "bot-117": 1,
    "bot-30": 3,
    "bot-138": 2,
    "bot-107": 1,
    "bot-36": 2,
    "bot-112": 1,
    "bot-42": 2,
    "bot-67": 1,
    "bot-103": 1,
    "bot-128": 5,
    "bot-106": 3,
    "bot-109": 1,
    "bot": 3,
    "bot-98": 1,
    "bot-32": 1,
    "florrio": 3,
    "bot-126": 1,
    "blossom-v2": 2,
    "bloomy": 3,
    "bot-70": 1,
    "bot-66": 2,
    "bot-93": 2,
    "bot-47": 1,
    "prickly": 1,
    "bot-27": 1,
    "bot-123": 2,
    "bot-130": 2,
    "bot-143": 1,
    "bot-22": 2,
    "bot-59": 1,
    "Baby Ant": 2,
    "bot-82": 1,
    "bot-60": 2,
    "bot-149": 1,
    "bot-110": 1,
    "bot-144": 1,
    "bot-81": 1,
    "bot-131": 1,
    "bot-57": 1,
    "bot-88": 2,
    "bot-29": 1,
    "blossom": 1,
    "Massive Beetle": 1
  },
  "loadout_history": {
    "0": 1294,
    "1": 1067,
    "9": 16,
    "14": 28,
    "16": 2,
    "5": 16,
    "46": 3,
    "18": 16,
    "167": 4,
    "28": 8,
    "116": 1,
    "15": 17,
    "17": 3,
    "19": 6,
    "20": 3,
    "35": 6,
    "64": 1,
    "23": 3,
    "10": 10,
    "11": 1,
    "7": 7,
    "108": 1,
    "13": 1,
    "12": 3,
    "8": 3,
    "61": 1,
    "24": 12,
    "30": 1,
    "29": 4,
    "69": 2,
    "83": 1,
    "60": 2,
    "178": 1,
    "25": 4,
    "48": 2,
    "56": 1,
    "117": 2,
    "79": 4,
    "6": 10,
    "136": 1,
    "34": 2,
    "51": 1,
    "86": 1,
    "180": 1,
    "33": 1,
    "177": 1,
    "39": 2,
    "47": 1,
    "40": 3,
    "169": 1,
    "204": 2
  }
}