{
  "schema": 1,
  "name": "bot-fend",
  "first_seen": 1778122143.1502001,
  "last_seen": 1778122561.907265,
  "episodes": 3,
  "score_total": 159,
  "score_best": 59,
  "best_loadout": [
    40,
    14,
    14,
    1,
    1
  ],
  "killed_by": {
    "Bee": 1,
    "bot-gces": 1
  },
  "loadout_history": {
    "41": 1,
    "35": 1,
    "1": 2,
    "40": 2,
    "14": 1,
    "9": 1,
    "10": 1,
    "18": 1
  }
}