{
  "schema": 1,
  "name": "bot-103",
  "first_seen": 1778364740.526263,
  "last_seen": 1779316411.102732,
  "episodes": 1574,
  "score_total": 183136,
  "score_best": 7522,
  "best_loadout": [
    0,
    0,
    0,
    1,
    0,
    0,
    0,
    0
  ],
  "killed_by": {
    "Beetle": 72,
    "Hornet": 380,
    "Cactus": 83,
    "bot-703": 2,
    "Soldier Ant": 20,
    "bot-605": 1,
    "Spider": 37,
    "bot-500": 2,
    "Centipede": 35,
    "Bee": 112,
    "Worker Ant": 19,
    "bot-704": 2,
    "bot-602": 2,
    "Sandstorm": 28,
    "bot-308": 2,
    "bot-307": 1,
    "Wasp": 284,
    "Evil Centipede": 19,
    "bot-201": 1,
    "thornbloom": 2,
    "prickly": 2,
    "bot-100": 1,
    "bot-117": 2,
    "bot-137": 4,
    "Mantis": 138,
    "bot-132": 1,
    "thorny": 2,
    "bot-69": 4,
    "Desert Centipede": 11,
    "bot-126": 2,
    "bot-92": 2,
    "bot-111": 4,
    "bot-87": 1,
    "Ladybug": 59,
    "Scorpion": 15,
    "bot-90": 3,
    "bloom": 3,
    "bot-73": 1,
    "bot-93": 9,
    "67": 2,
    "Bush": 15,
    "Leafbug": 19,
    "bot-99": 5,
    "petalpop": 1,
    "bot-43": 2,
    "bot-140": 1,
    "bot-24": 2,
    "bot-60": 1,
    "bot-39": 3,
    "bot-127": 1,
    "bot-135": 4,
    "bot-61": 2,
    "bot-123": 1,
    "leafy": 1,
    "Rock": 12,
    "gardn": 2,
    "bot-47": 1,
    "bot-84": 3,
    "bot-49": 2,
    "bot-102": 1,
    "bot-115": 1,
    "bot-136": 1,
    "bot-53": 4,
    "bot": 2,
    "bot-89": 1,
    "not bot": 3,
    "bot-114": 1,
    "bot-133": 1,
    "bot-33": 1,
    "bot-55": 1,
    "bot-96": 1,
    "zorr": 1,
    "bot-128": 2,
    "bot-125": 6,
    "bot-147": 4,
    "rosie": 2,
    "bot-64": 3,
    "bot-149": 5,
    "bot-56": 2,
    "bot-32": 1,
    "bot-109": 2,
    "bot-51": 1,
    "bot-75": 1,
    "bot-40": 2,
    "bot-71": 2,
    "bot-25": 2,
    "bot-116": 2,
    "bot-42": 1,
    "bot-67": 1,
    "aa": 1,
    "bot-26": 3,
    "blossom-v2": 2,
    "bot-74": 1,
    "bot-112": 1,
    "bot-82": 1,
    "bot-38": 2,
    "bot-98": 1,
    "bot-22": 1,
    "bot-81": 1,
    "bot-72": 1,
    "a": 1,
    "bot-86": 3,
    "bot-129": 1,
    "blossom": 3,
    "bot-104": 2,
    "bot-91": 1,
    "root": 1,
    "bot-34": 1,
    "thorn": 1,
    "bot-66": 1,
    "bot-70": 1,
    "bot-110": 1,
    "Baby Ant": 1,
    "bot-106": 1,
    "bot-94": 1,
    "bot-138": 1,
    "bot-27": 1,
    "bot-65": 2
  },
  "loadout_history": {
    "1": 1117,
    "0": 1346,
    "49": 5,
    "9": 9,
    "24": 22,
    "5": 16,
    "79": 2,
    "46": 3,
    "28": 12,
    "14": 23,
    "10": 10,
    "18": 11,
    "48": 1,
    "33": 1,
    "32": 1,
    "116": 3,
    "35": 1,
    "6": 9,
    "39": 4,
    "112": 1,
    "34": 4,
    "167": 3,
    "20": 2,
    "12": 2,
    "58": 1,
    "60": 2,
    "15": 18,
    "23": 1,
    "25": 8,
    "16": 5,
    "8": 2,
    "83": 3,
    "29": 4,
    "19": 5,
    "17": 3,
    "169": 1,
    "30": 1,
    "182": 1,
    "26": 1,
    "51": 2,
    "21": 1,
    "180": 1,
    "22": 1,
    "204": 2,
    "84": 1,
    "61": 1,
    "101": 1,
    "11": 2,
    "13": 1,
    "69": 2,
    "181": 1,
    "93": 1,
    "47": 2,
    "75": 1,
    "168": 1,
    "147": 1,
    "7": 1,
    "41": 2,
    "62": 1,
    "40": 3
  }
}