{
  "schema": 1,
  "name": "bot-fyiw",
  "first_seen": 1778122347.0130172,
  "last_seen": 1778123024.5522408,
  "episodes": 4,
  "score_total": 591,
  "score_best": 219,
  "best_loadout": [
    19,
    14,
    18,
    44,
    34,
    14
  ],
  "killed_by": {
    "root": 1,
    "bot-gces": 1,
    "bot-rfxw": 1
  },
  "loadout_history": {
    "34": 4,
    "44": 1,
    "14": 3,
    "18": 1,
    "19": 1,
    "40": 3,
    "42": 1,
    "25": 1,
    "24": 1
  }
}