{
  "schema": 1,
  "name": "bot-32",
  "first_seen": 1778543121.295475,
  "last_seen": 1778545761.186982,
  "episodes": 18,
  "score_total": 1092,
  "score_best": 182,
  "best_loadout": [
    49,
    1,
    1,
    39,
    0
  ],
  "killed_by": {
    "Wasp": 4,
    "Beetle": 3,
    "bot-111": 1,
    "Hornet": 2,
    "Mantis": 2,
    "bot-95": 2,
    "Bee": 1
  },
  "loadout_history": {
    "0": 14,
    "1": 17,
    "28": 1,
    "18": 1,
    "14": 1,
    "45": 1,
    "79": 1,
    "49": 2,
    "39": 1
  }
}