{
  "schema": 1,
  "name": "bot-53",
  "first_seen": 1778543125.842199,
  "last_seen": 1778556795.9290292,
  "episodes": 59,
  "score_total": 3117,
  "score_best": 263,
  "best_loadout": [
    0,
    0,
    0,
    1,
    0,
    0
  ],
  "killed_by": {
    "Hornet": 19,
    "Wasp": 11,
    "bot-113": 1,
    "Bee": 2,
    "Spider": 3,
    "bot-137": 1,
    "Mantis": 5,
    "bot-51": 1,
    "Sandstorm": 2,
    "Cactus": 2,
    "flower": 1,
    "bot-62": 1,
    "Beetle": 1,
    "Centipede": 1
  },
  "loadout_history": {
    "0": 58,
    "1": 41,
    "9": 2,
    "14": 2,
    "16": 1,
    "5": 3,
    "46": 1,
    "18": 3,
    "167": 1,
    "28": 2,
    "116": 1,
    "15": 2,
    "17": 1,
    "19": 1,
    "20": 1
  }
}