{
  "schema": 1,
  "name": "bot-86",
  "first_seen": 1778543504.339007,
  "last_seen": 1778552131.675712,
  "episodes": 32,
  "score_total": 1425,
  "score_best": 171,
  "best_loadout": [
    1,
    1,
    1,
    1,
    1
  ],
  "killed_by": {
    "Hornet": 7,
    "Wasp": 7,
    "Spider": 1,
    "Beetle": 4,
    "Mantis": 6,
    "Leafbug": 1,
    "bot-119": 1,
    "root": 1
  },
  "loadout_history": {
    "0": 26,
    "9": 1,
    "1": 24,
    "14": 1,
    "48": 1,
    "23": 1,
    "24": 1,
    "175": 1,
    "19": 1,
    "5": 2,
    "10": 1,
    "6": 1
  }
}