{
  "schema": 1,
  "name": "bot-27",
  "first_seen": 1778543097.324739,
  "last_seen": 1778638793.758802,
  "episodes": 575,
  "score_total": 90697,
  "score_best": 5443,
  "best_loadout": [
    0,
    20,
    0,
    0,
    0,
    0,
    0
  ],
  "killed_by": {
    "Hornet": 123,
    "Wasp": 111,
    "Evil Centipede": 6,
    "Mantis": 52,
    "Cactus": 32,
    "Beetle": 29,
    "florrio": 1,
    "bot-133": 1,
    "Bee": 44,
    "Spider": 16,
    "bot-87": 1,
    "bot-147": 1,
    "bot-125": 1,
    "Centipede": 12,
    "Baby Ant": 2,
    "root": 1,
    "Ladybug": 18,
    "bot-90": 2,
    "Bush": 6,
    "bot-48": 1,
    "Rock": 4,
    "Sandstorm": 5,
    "Leafbug": 8,
    "bot-97": 1,
    "Scorpion": 7,
    "bot-88": 1,
    "bot-112": 1,
    "bot-136": 1,
    "bot-52": 1,
    "Worker Ant": 5,
    "Soldier Ant": 2,
    "bot-119": 1,
    "bot-103": 1,
    "bloom": 1,
    "bot-93": 1,
    "bot-143": 1,
    "bot-32": 1,
    "bot-124": 3,
    "bot-118": 2,
    "bot-23": 2,
    "bot-109": 2,
    "bot-138": 1,
    "bot-121": 2,
    "blossom-v2": 1,
    "bot-117": 1,
    "bot-115": 1,
    "bot-46": 2,
    "bot-41": 1,
    "bot-80": 1,
    "a": 1,
    "bot-129": 1,
    "bot-33": 2,
    "bot-68": 3,
    "bot-134": 1,
    "bot-94": 1,
    "bot-61": 1,
    "bot-131": 4,
    "bot-36": 1,
    "bot-66": 1,
    "zorr": 1,
    "bot-37": 1,
    "prickly": 1,
    "bot-120": 3,
    "Desert Centipede": 1,
    "thorn": 1,
    "bot-96": 1,
    "bot-113": 2,
    "bot-55": 1,
    "bot-102": 1,
    "bot-42": 2,
    "bot-122": 1,
    "bot-142": 1,
    "bot-82": 1,
    "bot-108": 1,
    "bot-31": 1,
    "bot-45": 1,
    "bot-99": 1,
    "bot-22": 2,
    "bot-141": 1
  },
  "loadout_history": {
    "0": 489,
    "1": 379,
    "34": 2,
    "15": 5,
    "28": 1,
    "9": 6,
    "24": 5,
    "12": 1,
    "14": 8,
    "116": 1,
    "167": 2,
    "39": 1,
    "5": 6,
    "18": 5,
    "25": 3,
    "10": 5,
    "19": 3,
    "7": 1,
    "20": 4,
    "6": 3,
    "79": 1,
    "97": 1,
    "51": 1,
    "17": 2,
    "29": 2,
    "11": 1,
    "35": 2,
    "16": 2,
    "22": 1,
    "60": 1
  }
}