{
  "schema": 1,
  "name": "bot-65",
  "first_seen": 1778543582.466288,
  "last_seen": 1778548771.230444,
  "episodes": 32,
  "score_total": 1684,
  "score_best": 152,
  "best_loadout": [
    14,
    1,
    0,
    0,
    1
  ],
  "killed_by": {
    "Ladybug": 1,
    "Hornet": 12,
    "Mantis": 3,
    "Bush": 1,
    "Wasp": 6,
    "Sandstorm": 1,
    "bot-118": 1,
    "bot-50": 1,
    "bot-89": 1,
    "bot-106": 1,
    "hello": 2
  },
  "loadout_history": {
    "0": 23,
    "1": 25,
    "9": 2,
    "25": 1,
    "14": 4,
    "24": 2,
    "5": 1,
    "19": 1,
    "20": 1,
    "107": 1
  }
}