{
  "schema": 1,
  "name": "bot-62",
  "first_seen": 1778543463.372726,
  "last_seen": 1778638727.481926,
  "episodes": 571,
  "score_total": 51657,
  "score_best": 2765,
  "best_loadout": [
    0,
    0,
    0,
    0,
    0,
    0,
    0
  ],
  "killed_by": {
    "Hornet": 141,
    "Evil Centipede": 8,
    "Wasp": 89,
    "Beetle": 25,
    "Rock": 6,
    "Centipede": 12,
    "Mantis": 67,
    "bot-27": 1,
    "Leafbug": 6,
    "bot-134": 1,
    "bot-103": 1,
    "bot-87": 2,
    "Bee": 36,
    "Spider": 19,
    "bot-135": 2,
    "Sandstorm": 4,
    "bot-108": 2,
    "bot-147": 1,
    "bot-41": 1,
    "bot-105": 1,
    "bot-89": 2,
    "Ladybug": 27,
    "bot-36": 1,
    "Cactus": 24,
    "bot-119": 1,
    "Scorpion": 5,
    "bot-55": 1,
    "bot-65": 1,
    "thorny": 1,
    "bot-123": 3,
    "bot-61": 3,
    "Worker Ant": 2,
    "bot-132": 5,
    "bot-44": 1,
    "bot-23": 1,
    "bot-130": 2,
    "bot-93": 1,
    "bot-112": 1,
    "bot-91": 1,
    "bot-107": 1,
    "bot-142": 1,
    "bot-58": 3,
    "bot-146": 1,
    "leafy": 1,
    "bot-66": 1,
    "bot-92": 2,
    "bot-126": 1,
    "bot-22": 1,
    "bot-42": 1,
    "bot-113": 1,
    "blossom-v2": 1,
    "bloomy": 1,
    "bot-32": 1,
    "Desert Centipede": 3,
    "bot-99": 1,
    "bot-34": 2,
    "aa": 1,
    "bot-110": 1,
    "bot-29": 3,
    "Bush": 6,
    "bot-121": 1,
    "bot-148": 1,
    "bot-106": 1,
    "bot-30": 1,
    "bot-74": 1,
    "bloom": 1,
    "blossom": 1,
    "petalpop": 1,
    "thornbloom": 1,
    "bot-50": 1,
    "bot-98": 1,
    "bot-31": 1,
    "bot-100": 2,
    "bot-56": 2,
    "bot-46": 2
  },
  "loadout_history": {
    "0": 504,
    "1": 382,
    "69": 3,
    "51": 3,
    "79": 3,
    "14": 3,
    "25": 5,
    "28": 1,
    "9": 6,
    "5": 6,
    "12": 1,
    "49": 2,
    "33": 1,
    "24": 4,
    "167": 1,
    "34": 2,
    "58": 2,
    "20": 3,
    "7": 5,
    "92": 1,
    "15": 7,
    "83": 1,
    "48": 3,
    "18": 2,
    "19": 2,
    "11": 2,
    "29": 1,
    "39": 1,
    "6": 1,
    "35": 2,
    "16": 2,
    "45": 1,
    "8": 1,
    "55": 1,
    "60": 1,
    "116": 1
  }
}