{
  "schema": 1,
  "name": "bot-vxpg",
  "first_seen": 1778200024.128682,
  "last_seen": 1778200911.515736,
  "episodes": 27,
  "score_total": 2179,
  "score_best": 359,
  "best_loadout": [
    1,
    0,
    0,
    1,
    0,
    0
  ],
  "killed_by": {
    "Hornet": 18,
    "Beetle": 1,
    "Centipede": 1,
    "rosie": 2,
    "thorn": 1,
    "Sandstorm": 1
  },
  "loadout_history": {
    "0": 23,
    "5": 1,
    "24": 1,
    "1": 22,
    "48": 1,
    "41": 2,
    "40": 1,
    "14": 1,
    "9": 2,
    "35": 1,
    "18": 1,
    "23": 1,
    "6": 1
  }
}