{
  "schema": 1,
  "name": "bot-47",
  "first_seen": 1778543142.586463,
  "last_seen": 1778553034.555861,
  "episodes": 43,
  "score_total": 2214,
  "score_best": 203,
  "best_loadout": [
    1,
    1,
    7,
    1,
    11
  ],
  "killed_by": {
    "Worker Ant": 1,
    "Wasp": 6,
    "Bee": 2,
    "Hornet": 14,
    "Mantis": 3,
    "Cactus": 4,
    "Beetle": 1,
    "bot-125": 1,
    "Ladybug": 1,
    "Sandstorm": 1,
    "Spider": 2,
    "bot-62": 1,
    "bot-104": 1
  },
  "loadout_history": {
    "0": 37,
    "1": 36,
    "35": 1,
    "5": 1,
    "33": 1,
    "14": 1,
    "34": 1,
    "49": 1,
    "28": 1,
    "11": 1,
    "7": 1,
    "167": 1,
    "25": 1
  }
}