{
  "schema": 1,
  "name": "bot-104",
  "first_seen": 1778364741.737202,
  "last_seen": 1779316432.50863,
  "episodes": 1590,
  "score_total": 223169,
  "score_best": 10023,
  "best_loadout": [
    1,
    1,
    0,
    1,
    0,
    0,
    0,
    0
  ],
  "killed_by": {
    "Hornet": 420,
    "Evil Centipede": 25,
    "Beetle": 77,
    "Centipede": 32,
    "Baby Ant": 8,
    "bot-509": 2,
    "Cactus": 107,
    "Soldier Ant": 9,
    "bot-107": 3,
    "bot-205": 1,
    "Boulder": 3,
    "Bee": 99,
    "Spider": 47,
    "Scorpion": 12,
    "Ladybug": 48,
    "bot-406": 1,
    "bot-706": 2,
    "Worker Ant": 9,
    "bot-517": 1,
    "Mantis": 131,
    "Wasp": 267,
    "gardn": 3,
    "bot-123": 3,
    "bot-62": 4,
    "bot-103": 2,
    "Sandstorm": 25,
    "bot-59": 1,
    "bot-149": 1,
    "bot-121": 2,
    "bot-99": 1,
    "bot-54": 2,
    "bot-109": 1,
    "Bush": 14,
    "bot-37": 3,
    "bot-110": 2,
    "bot-70": 1,
    "Desert Centipede": 11,
    "bot-146": 4,
    "bot-41": 6,
    "bot-129": 2,
    "Leafbug": 20,
    "bot-108": 1,
    "bot-144": 1,
    "Rock": 16,
    "bot-36": 2,
    "bot-147": 2,
    "bot-94": 2,
    "bot-28": 3,
    "thornbloom": 2,
    "bloomy": 1,
    "bot-125": 1,
    "bot-68": 1,
    "bot-86": 1,
    "thorny": 2,
    "bot-29": 2,
    "bot-131": 3,
    "bot-26": 1,
    "bot-124": 2,
    "bot-118": 3,
    "bot-34": 2,
    "bot-119": 2,
    "root": 2,
    "bot-142": 1,
    "bot-111": 2,
    "bot-35": 1,
    "bot-47": 1,
    "bot-100": 1,
    "leafy": 3,
    "bot-48": 3,
    "bot-141": 2,
    "bot-136": 1,
    "bot-80": 1,
    "bot-145": 2,
    "bot-30": 3,
    "bot-95": 3,
    "bot-66": 3,
    "bot-63": 1,
    "flower": 3,
    "bot-69": 1,
    "bot-71": 2,
    "bot-114": 2,
    "prickly": 1,
    "blossom-v2": 3,
    "bot-27": 5,
    "bot-106": 5,
    "bot-148": 2,
    "bot-43": 2,
    "bot-126": 2,
    "bot-88": 3,
    "bot-40": 1,
    "thorn": 2,
    "bot-97": 1,
    "bot-128": 1,
    "bot-112": 1,
    "bot-42": 1,
    "bot-92": 1,
    "bot-55": 3,
    "hello": 1,
    "bot-60": 1,
    "bot-22": 3,
    "bot-130": 1,
    "bot-138": 2,
    "bot-58": 2,
    "bot-115": 1,
    "bot-91": 1,
    "bot-120": 1,
    "bot-44": 1,
    "bot-132": 1,
    "bot-64": 2,
    "bot-139": 1,
    "bot-77": 1,
    "bloom": 1,
    "sussy": 1,
    "bot-134": 1,
    "zorr": 1,
    "bot-53": 1
  },
  "loadout_history": {
    "1": 1129,
    "0": 1338,
    "25": 6,
    "5": 30,
    "7": 3,
    "14": 33,
    "9": 22,
    "79": 7,
    "36": 1,
    "28": 9,
    "18": 8,
    "24": 17,
    "11": 5,
    "33": 1,
    "6": 10,
    "48": 1,
    "92": 2,
    "15": 19,
    "10": 6,
    "46": 3,
    "116": 4,
    "19": 7,
    "167": 4,
    "49": 4,
    "135": 1,
    "117": 2,
    "114": 1,
    "8": 3,
    "23": 4,
    "32": 1,
    "161": 1,
    "29": 2,
    "13": 2,
    "21": 2,
    "16": 4,
    "20": 4,
    "30": 2,
    "113": 1,
    "83": 3,
    "35": 3,
    "124": 2,
    "68": 1,
    "180": 4,
    "22": 1,
    "12": 1,
    "26": 1,
    "58": 1,
    "168": 1,
    "84": 1,
    "34": 5,
    "39": 1,
    "206": 1,
    "41": 1,
    "40": 1,
    "17": 1,
    "205": 1,
    "204": 1
  }
}