{
  "schema": 1,
  "name": "bot-706",
  "first_seen": 1778364754.562461,
  "last_seen": 1778543016.07129,
  "episodes": 22,
  "score_total": 365,
  "score_best": 84,
  "best_loadout": [
    14,
    39,
    14,
    10,
    0
  ],
  "killed_by": {
    "Hornet": 5,
    "Beetle": 2,
    "Evil Centipede": 3,
    "Cactus": 1
  },
  "loadout_history": {
    "0": 18,
    "1": 19,
    "25": 1,
    "14": 2,
    "10": 1,
    "39": 1,
    "54": 1,
    "20": 1
  }
}