{
  "schema": 1,
  "name": "bot-136",
  "first_seen": 1778543147.28368,
  "last_seen": 1778545844.697251,
  "episodes": 17,
  "score_total": 649,
  "score_best": 85,
  "best_loadout": [
    46,
    0,
    34,
    1,
    46
  ],
  "killed_by": {
    "Cactus": 1,
    "Hornet": 3,
    "Wasp": 2,
    "bot-53": 1,
    "Sandstorm": 1,
    "Beetle": 2,
    "bot-23": 2,
    "Ladybug": 1,
    "Bush": 1
  },
  "loadout_history": {
    "0": 15,
    "1": 13,
    "69": 1,
    "116": 1,
    "79": 1,
    "29": 1,
    "5": 1,
    "15": 1,
    "34": 2,
    "46": 1,
    "181": 1
  }
}