{
  "schema": 1,
  "name": "bot-40",
  "first_seen": 1778543185.6563919,
  "last_seen": 1778638650.907167,
  "episodes": 640,
  "score_total": 75065,
  "score_best": 5162,
  "best_loadout": [
    14,
    0,
    0,
    1,
    0,
    0,
    0
  ],
  "killed_by": {
    "Hornet": 152,
    "bot-90": 1,
    "Wasp": 135,
    "Cactus": 38,
    "Mantis": 49,
    "Ladybug": 26,
    "Bee": 51,
    "Evil Centipede": 6,
    "Beetle": 22,
    "Centipede": 20,
    "67": 2,
    "bot-28": 3,
    "Spider": 21,
    "Sandstorm": 4,
    "Rock": 7,
    "prickly": 9,
    "bot-36": 1,
    "bot-109": 1,
    "bot-53": 2,
    "zorr": 1,
    "Scorpion": 3,
    "Leafbug": 5,
    "Desert Centipede": 3,
    "bot-88": 1,
    "bot-74": 2,
    "bot-122": 3,
    "bot-107": 1,
    "bot-106": 1,
    "bot-46": 2,
    "bot-132": 1,
    "bot-96": 1,
    "a": 1,
    "bot-98": 1,
    "bot-48": 1,
    "bot-142": 1,
    "bot-66": 1,
    "hello": 2,
    "bot-42": 1,
    "bot-60": 1,
    "bot-113": 1,
    "bot-31": 1,
    "bot-139": 1,
    "bot-138": 1,
    "bot-146": 1,
    "bot-56": 1,
    "bot-76": 1,
    "bot-141": 1,
    "bot-57": 1,
    "bot-44": 1,
    "bot-131": 1,
    "bot-100": 1,
    "bot-70": 1,
    "florrio": 1,
    "bot-25": 3,
    "bot-148": 1,
    "bot-120": 2,
    "Bush": 2,
    "bot-75": 1,
    "bot-126": 1,
    "bot-83": 1,
    "bot-73": 1,
    "bot-86": 1,
    "thorn": 2,
    "bot-108": 2,
    "bot-105": 1,
    "Baby Ant": 2,
    "bot-79": 1,
    "bot-29": 2,
    "bot-103": 1,
    "bot-137": 2,
    "bot-51": 1,
    "bot-134": 1,
    "blossom-v2": 1
  },
  "loadout_history": {
    "0": 528,
    "1": 453,
    "16": 4,
    "48": 4,
    "14": 13,
    "59": 1,
    "18": 2,
    "9": 15,
    "24": 8,
    "15": 7,
    "28": 1,
    "5": 5,
    "116": 2,
    "20": 1,
    "6": 6,
    "51": 2,
    "10": 2,
    "25": 2,
    "8": 1,
    "12": 1,
    "11": 3,
    "32": 1,
    "13": 2,
    "45": 1,
    "167": 1,
    "7": 1,
    "58": 1,
    "37": 1,
    "83": 1,
    "35": 2
  }
}