{
  "schema": 1,
  "name": "bot-148",
  "first_seen": 1778543177.00911,
  "last_seen": 1778556769.5837922,
  "episodes": 52,
  "score_total": 4872,
  "score_best": 467,
  "best_loadout": [
    1,
    0,
    0,
    0,
    1,
    0
  ],
  "killed_by": {
    "bot-51": 1,
    "Wasp": 11,
    "Hornet": 15,
    "Mantis": 5,
    "Cactus": 1,
    "Bee": 1,
    "bot-121": 2,
    "bot-93": 1,
    "Spider": 1,
    "Beetle": 3,
    "bot-52": 1,
    "Centipede": 2,
    "Evil Centipede": 1
  },
  "loadout_history": {
    "0": 50,
    "9": 5,
    "1": 40,
    "10": 2,
    "14": 4,
    "18": 5,
    "19": 2,
    "24": 6,
    "5": 2,
    "39": 1,
    "34": 2,
    "79": 1,
    "25": 1,
    "11": 1,
    "52": 1,
    "6": 1,
    "23": 1
  }
}