{
  "schema": 1,
  "name": "bot-47",
  "first_seen": 1778543142.586463,
  "last_seen": 1779315922.305376,
  "episodes": 1512,
  "score_total": 205320,
  "score_best": 5507,
  "best_loadout": [
    0,
    1,
    1,
    1,
    0,
    1,
    0
  ],
  "killed_by": {
    "Worker Ant": 4,
    "Wasp": 223,
    "Bee": 111,
    "Hornet": 411,
    "Mantis": 134,
    "Cactus": 97,
    "Beetle": 75,
    "bot-125": 3,
    "Ladybug": 54,
    "Sandstorm": 21,
    "Spider": 50,
    "bot-62": 3,
    "bot-104": 2,
    "Evil Centipede": 20,
    "bot-97": 2,
    "bot-91": 2,
    "bot-29": 5,
    "bot-53": 1,
    "bot-77": 1,
    "Desert Centipede": 11,
    "Scorpion": 7,
    "bot-78": 2,
    "Rock": 7,
    "Centipede": 38,
    "bot-120": 2,
    "thorny": 2,
    "zorr": 2,
    "bot-129": 1,
    "bot-33": 1,
    "Leafbug": 21,
    "bot-118": 3,
    "bot-107": 2,
    "bot-80": 1,
    "thornbloom": 3,
    "bot-92": 3,
    "petalpop": 2,
    "bloomy": 1,
    "bot-40": 1,
    "prickly": 3,
    "bot-28": 2,
    "bot-95": 1,
    "bot-31": 3,
    "bot-147": 1,
    "bot-41": 1,
    "bot-85": 2,
    "bot-114": 9,
    "bot-115": 2,
    "bot-135": 1,
    "Bush": 19,
    "bot-138": 2,
    "bot-108": 3,
    "bot-48": 2,
    "bot-128": 2,
    "bot-68": 1,
    "bot-126": 1,
    "bot-142": 3,
    "67": 2,
    "bot-88": 1,
    "bot-69": 4,
    "bot-57": 2,
    "bot-79": 2,
    "bot-133": 3,
    "leafy": 2,
    "Baby Ant": 3,
    "bot-26": 2,
    "bot-45": 1,
    "bot-148": 1,
    "bot-112": 1,
    "bot-124": 4,
    "bot-101": 2,
    "bot-37": 2,
    "bot-89": 1,
    "aa": 2,
    "bot-23": 2,
    "bot-121": 1,
    "bot-50": 1,
    "bot-90": 2,
    "bot-44": 1,
    "bot-81": 1,
    "bot-49": 2,
    "bot-131": 4,
    "bot-32": 3,
    "bot-99": 3,
    "bot-140": 1,
    "bot-24": 1,
    "bot-82": 1,
    "bot-106": 4,
    "thorn": 1,
    "bot-34": 2,
    "bot-55": 1,
    "bot-144": 2,
    "bot-87": 2,
    "bot-63": 1,
    "bot-56": 1,
    "bot-145": 1,
    "gardn": 2,
    "bot-66": 1,
    "bot-113": 1,
    "bot-109": 2,
    "bot-94": 1,
    "bot-61": 1,
    "bot-59": 1,
    "bot-98": 1,
    "bot": 2,
    "bot-75": 1,
    "bot-137": 1,
    "bot-64": 1,
    "Soldier Ant": 1,
    "bot-43": 1,
    "bloom": 1,
    "bot-65": 1,
    "bot-122": 2,
    "blossom-v2": 1,
    "bot-42": 1,
    "bot-102": 1
  },
  "loadout_history": {
    "0": 1290,
    "1": 1064,
    "35": 6,
    "5": 18,
    "33": 2,
    "14": 23,
    "34": 8,
    "49": 3,
    "28": 5,
    "11": 5,
    "7": 3,
    "167": 5,
    "25": 7,
    "6": 10,
    "9": 15,
    "39": 1,
    "15": 13,
    "10": 14,
    "17": 2,
    "93": 1,
    "29": 4,
    "18": 15,
    "23": 3,
    "16": 4,
    "58": 3,
    "19": 4,
    "79": 6,
    "26": 1,
    "24": 9,
    "83": 1,
    "86": 3,
    "54": 1,
    "8": 1,
    "12": 3,
    "20": 1,
    "136": 1,
    "32": 1,
    "180": 1,
    "168": 2,
    "46": 2,
    "51": 1,
    "40": 3,
    "42": 2,
    "69": 1,
    "204": 1,
    "205": 1,
    "41": 1
  }
}