{
  "schema": 1,
  "name": "bot-jbah",
  "first_seen": 1778348252.810372,
  "last_seen": 1778352295.731333,
  "episodes": 30,
  "score_total": 426,
  "score_best": 42,
  "best_loadout": [
    0,
    41,
    0,
    0,
    0
  ],
  "killed_by": {
    "Hornet": 22,
    "Bee": 3,
    "Soldier Ant": 2,
    "bot-tiqq": 1,
    "aa": 1
  },
  "loadout_history": {
    "0": 26,
    "1": 25,
    "28": 1,
    "6": 1,
    "18": 1,
    "19": 1,
    "5": 2,
    "24": 2,
    "26": 1,
    "9": 1,
    "41": 3,
    "23": 1,
    "14": 3,
    "15": 1,
    "10": 1,
    "47": 1,
    "34": 1,
    "40": 1
  }
}