{
  "schema": 1,
  "name": "bot-43",
  "first_seen": 1778543460.6414669,
  "last_seen": 1778553046.673697,
  "episodes": 38,
  "score_total": 2515,
  "score_best": 286,
  "best_loadout": [
    1,
    0,
    0,
    0,
    5,
    0
  ],
  "killed_by": {
    "Spider": 1,
    "bot-55": 1,
    "bot-67": 1,
    "Wasp": 7,
    "Beetle": 4,
    "Hornet": 11,
    "Bee": 1,
    "bot-103": 1,
    "Mantis": 3,
    "bot-59": 1,
    "bot-119": 1,
    "Ladybug": 1,
    "bot-144": 1
  },
  "loadout_history": {
    "0": 37,
    "1": 26,
    "24": 3,
    "167": 1,
    "19": 2,
    "14": 1,
    "28": 2,
    "15": 1,
    "5": 2,
    "6": 1,
    "10": 3,
    "18": 3,
    "7": 1,
    "26": 1
  }
}