{
  "schema": 1,
  "name": "bot-116",
  "first_seen": 1778364742.0010629,
  "last_seen": 1779316748.583955,
  "episodes": 1582,
  "score_total": 242307,
  "score_best": 7874,
  "best_loadout": [
    0,
    0,
    0,
    0,
    30,
    0,
    0,
    0
  ],
  "killed_by": {
    "Ladybug": 60,
    "Hornet": 424,
    "Beetle": 82,
    "Bee": 124,
    "Mantis": 126,
    "Wasp": 295,
    "Centipede": 60,
    "bot-414": 1,
    "Cactus": 71,
    "Evil Centipede": 21,
    "Sandstorm": 10,
    "bot-32": 3,
    "bot-88": 2,
    "hello": 1,
    "bot-90": 1,
    "Spider": 44,
    "Scorpion": 12,
    "Soldier Ant": 2,
    "bot-51": 3,
    "bot-111": 2,
    "Baby Ant": 6,
    "bot-136": 2,
    "bot-85": 1,
    "bot-54": 2,
    "bot-71": 1,
    "Worker Ant": 4,
    "bot-110": 3,
    "bot-124": 1,
    "Leafbug": 16,
    "bot-142": 2,
    "bot-34": 3,
    "Bush": 14,
    "flower": 4,
    "bot-84": 1,
    "bot-40": 3,
    "bot-77": 1,
    "bot-42": 1,
    "bot-131": 3,
    "Rock": 9,
    "bot-35": 2,
    "bot-105": 1,
    "bot-100": 1,
    "bot-125": 1,
    "bot-129": 3,
    "bot-120": 2,
    "bot-53": 1,
    "bot-50": 1,
    "bot-65": 1,
    "bot-43": 2,
    "aa": 5,
    "bot-78": 3,
    "bot-149": 1,
    "bot-66": 3,
    "bot-109": 1,
    "bot-58": 1,
    "bot-114": 1,
    "67": 2,
    "bot-148": 3,
    "bot-87": 1,
    "bot-27": 2,
    "bot-145": 3,
    "bot-29": 2,
    "thornbloom": 2,
    "bot-59": 2,
    "thorny": 2,
    "bot-39": 2,
    "bot-24": 2,
    "bot-113": 1,
    "bot-67": 3,
    "bot-33": 1,
    "rosie": 2,
    "bot-86": 1,
    "bot-102": 3,
    "bot-56": 1,
    "bot-121": 1,
    "blossom-v2": 1,
    "bot-119": 2,
    "bot-49": 1,
    "bot-122": 1,
    "bot-91": 1,
    "bot-79": 2,
    "prickly": 1,
    "thorn": 1,
    "bot-123": 2,
    "bot-118": 15,
    "bot-99": 1,
    "blossom": 2,
    "gardn": 2,
    "not bot": 2,
    "bot-25": 1,
    "bot-26": 1,
    "bot-69": 2,
    "bot-117": 1,
    "bot-137": 1,
    "a": 1,
    "bot-143": 2,
    "bot-144": 1,
    "root": 2,
    "bot-81": 3,
    "Desert Centipede": 5,
    "bot-130": 1,
    "leafy": 1,
    "bot-22": 1,
    "bot-45": 2,
    "bot-80": 1,
    "bot-134": 1,
    "Ant Hole": 1,
    "bot-98": 1,
    "bot-75": 1,
    "bot-68": 1,
    "bot-76": 1,
    "bot-147": 1
  },
  "loadout_history": {
    "0": 1324,
    "1": 1110,
    "68": 1,
    "116": 3,
    "14": 24,
    "5": 24,
    "9": 13,
    "167": 3,
    "7": 1,
    "18": 16,
    "15": 18,
    "10": 8,
    "20": 4,
    "24": 10,
    "26": 3,
    "35": 7,
    "37": 1,
    "25": 4,
    "79": 7,
    "51": 2,
    "29": 4,
    "8": 3,
    "60": 3,
    "19": 6,
    "11": 4,
    "27": 1,
    "83": 2,
    "168": 4,
    "39": 1,
    "181": 1,
    "6": 4,
    "16": 2,
    "12": 2,
    "55": 2,
    "30": 3,
    "180": 1,
    "58": 1,
    "205": 1,
    "28": 4,
    "183": 1,
    "61": 2,
    "34": 9,
    "13": 1,
    "123": 1,
    "32": 2,
    "204": 2,
    "69": 1,
    "40": 3,
    "50": 1
  }
}