{
  "schema": 1,
  "name": "bot-29",
  "first_seen": 1778543092.142805,
  "last_seen": 1778638826.252453,
  "episodes": 632,
  "score_total": 80601,
  "score_best": 5070,
  "best_loadout": [
    0,
    0,
    0,
    0,
    0,
    0,
    0
  ],
  "killed_by": {
    "Sandstorm": 7,
    "Hornet": 140,
    "Beetle": 18,
    "bot-47": 3,
    "bot-75": 1,
    "Wasp": 123,
    "Scorpion": 4,
    "Evil Centipede": 3,
    "bot-141": 1,
    "bot-80": 3,
    "Leafbug": 12,
    "bot-67": 2,
    "Mantis": 62,
    "Bee": 55,
    "Cactus": 43,
    "Ladybug": 32,
    "bot-115": 1,
    "petalpop": 1,
    "bot-35": 1,
    "bot-59": 1,
    "bot-106": 2,
    "bot-62": 1,
    "bot-98": 1,
    "bot-55": 1,
    "bot-105": 2,
    "Centipede": 14,
    "Spider": 16,
    "Rock": 9,
    "Desert Centipede": 2,
    "bot-70": 1,
    "bot-66": 2,
    "Bush": 4,
    "bot-77": 2,
    "bot-63": 1,
    "bot-118": 1,
    "bot-135": 1,
    "bot-137": 1,
    "bot-89": 1,
    "bot-91": 7,
    "Worker Ant": 3,
    "bot-122": 1,
    "bot-50": 1,
    "bot-53": 1,
    "bot-138": 1,
    "bot-65": 1,
    "bot-88": 1,
    "bot-111": 1,
    "bot-30": 2,
    "thorny": 1,
    "bot-85": 1,
    "bot-40": 3,
    "bot-124": 1,
    "bot-25": 2,
    "bot-92": 1,
    "flower": 1,
    "bot-72": 1,
    "bot-64": 1,
    "thornbloom": 1,
    "bloom": 1,
    "bot-54": 1,
    "bot-37": 2,
    "hello": 1,
    "bot-101": 1,
    "bot-126": 2,
    "bot-133": 1,
    "bot-144": 1,
    "bot-24": 1,
    "not bot": 1,
    "bot-71": 2,
    "bot-36": 1
  },
  "loadout_history": {
    "0": 539,
    "1": 446,
    "18": 4,
    "28": 3,
    "14": 11,
    "58": 1,
    "11": 1,
    "5": 9,
    "24": 5,
    "167": 3,
    "9": 5,
    "79": 2,
    "46": 2,
    "51": 2,
    "116": 1,
    "15": 6,
    "25": 4,
    "30": 2,
    "23": 1,
    "6": 4,
    "19": 2,
    "10": 2,
    "16": 3,
    "34": 2,
    "36": 1,
    "13": 1,
    "83": 1,
    "32": 1,
    "35": 3,
    "17": 1,
    "48": 1,
    "12": 1,
    "49": 1
  }
}