{
  "schema": 1,
  "name": "bot-lyof",
  "first_seen": 1778282674.253336,
  "last_seen": 1778283792.934613,
  "episodes": 71,
  "score_total": 5819,
  "score_best": 345,
  "best_loadout": [
    0,
    0,
    0,
    0,
    0,
    0
  ],
  "killed_by": {
    "Scorpion": 1,
    "Hornet": 46,
    "bot-vjkk": 1,
    "Spider": 4,
    "rosie": 3,
    "florrio": 2,
    "bot-mpgl": 1,
    "bot-qxzc": 1,
    "Soldier Ant": 1,
    "petalpop": 1,
    "Rock": 1,
    "bot-rpip": 1,
    "Bee": 5,
    "gardn": 1,
    "aa": 1
  },
  "loadout_history": {
    "0": 69,
    "23": 3,
    "1": 50,
    "36": 1,
    "40": 4,
    "28": 1,
    "7": 1,
    "12": 1,
    "18": 3,
    "16": 1,
    "25": 2,
    "6": 2,
    "14": 3,
    "9": 5,
    "26": 1,
    "42": 1,
    "5": 7,
    "15": 2,
    "67": 1,
    "24": 2,
    "48": 1,
    "32": 1,
    "41": 1,
    "20": 1,
    "11": 1,
    "46": 1,
    "10": 1,
    "55": 2,
    "33": 1,
    "34": 1
  }
}