{
  "schema": 1,
  "name": "bot-61",
  "first_seen": 1778543183.323554,
  "last_seen": 1778624267.4993842,
  "episodes": 475,
  "score_total": 77047,
  "score_best": 8519,
  "best_loadout": [
    1,
    1,
    0,
    0,
    0,
    0,
    0,
    0
  ],
  "killed_by": {
    "Hornet": 132,
    "thornbloom": 2,
    "Beetle": 13,
    "Spider": 13,
    "Mantis": 47,
    "Bee": 39,
    "Desert Centipede": 4,
    "Cactus": 24,
    "Ladybug": 23,
    "Wasp": 76,
    "Centipede": 3,
    "bot-36": 1,
    "bot-125": 1,
    "Evil Centipede": 7,
    "bot-53": 1,
    "bot-93": 1,
    "Bush": 3,
    "bot-44": 2,
    "bot-145": 1,
    "Rock": 2,
    "bot-71": 1,
    "bot-118": 2,
    "Worker Ant": 3,
    "bot-57": 1,
    "bot-121": 1,
    "Sandstorm": 9,
    "bot-80": 2,
    "Leafbug": 6,
    "bot-24": 1,
    "bot-82": 1,
    "Scorpion": 6,
    "bot-68": 2,
    "thorn": 3,
    "bot-33": 5,
    "bot-95": 1,
    "bot-50": 1,
    "bot-39": 1,
    "florrio": 2,
    "bot-91": 2,
    "bot-45": 2,
    "bot-47": 1,
    "bot-138": 3,
    "bot-119": 3,
    "flower": 2,
    "bot": 1,
    "rosie": 1,
    "bot-51": 1,
    "bot-144": 2,
    "bot-73": 2,
    "bot-23": 1,
    "bot-139": 1,
    "bot-49": 1,
    "bot-86": 1,
    "bot-141": 1
  },
  "loadout_history": {
    "0": 413,
    "1": 298,
    "14": 16,
    "9": 13,
    "48": 1,
    "10": 6,
    "46": 1,
    "24": 7,
    "116": 5,
    "28": 1,
    "5": 6,
    "23": 1,
    "20": 3,
    "19": 3,
    "25": 6,
    "17": 2,
    "7": 4,
    "15": 2,
    "6": 4,
    "18": 1,
    "29": 1,
    "34": 2,
    "55": 1,
    "16": 3,
    "51": 1,
    "35": 1,
    "11": 1
  }
}