{
  "schema": 1,
  "name": "bot-75",
  "first_seen": 1778543133.499709,
  "last_seen": 1778552131.684605,
  "episodes": 43,
  "score_total": 3073,
  "score_best": 212,
  "best_loadout": [
    0,
    12,
    0,
    0,
    0
  ],
  "killed_by": {
    "Hornet": 10,
    "bot-39": 1,
    "bot-62": 1,
    "Spider": 1,
    "Mantis": 7,
    "bot-32": 2,
    "Wasp": 10,
    "Beetle": 1,
    "bot-49": 1,
    "bot-83": 1,
    "bot-80": 1,
    "Cactus": 1,
    "bot-60": 1
  },
  "loadout_history": {
    "0": 36,
    "1": 32,
    "14": 6,
    "24": 2,
    "5": 4,
    "18": 2,
    "15": 1,
    "12": 1,
    "69": 1,
    "79": 1,
    "39": 1,
    "19": 1,
    "51": 1
  }
}