{
  "schema": 1,
  "name": "bot-706",
  "first_seen": 1778364754.562461,
  "last_seen": 1778470871.300438,
  "episodes": 18,
  "score_total": 311,
  "score_best": 84,
  "best_loadout": [
    14,
    39,
    14,
    10,
    0
  ],
  "killed_by": {
    "Hornet": 4,
    "Beetle": 2,
    "Evil Centipede": 2,
    "Cactus": 1
  },
  "loadout_history": {
    "0": 14,
    "1": 16,
    "25": 1,
    "14": 2,
    "10": 1,
    "39": 1
  }
}