{
  "schema": 1,
  "name": "bot-77",
  "first_seen": 1778543134.0063858,
  "last_seen": 1778556751.422019,
  "episodes": 60,
  "score_total": 11821,
  "score_best": 5066,
  "best_loadout": [
    10,
    0,
    0,
    0,
    0,
    0,
    0
  ],
  "killed_by": {
    "Wasp": 11,
    "Hornet": 18,
    "prickly": 1,
    "Beetle": 6,
    "Evil Centipede": 1,
    "Mantis": 4,
    "Bee": 3,
    "Ladybug": 2,
    "bot-85": 1,
    "root": 1,
    "Cactus": 2,
    "Spider": 1,
    "bot-101": 1,
    "bot-120": 1,
    "bot-100": 1
  },
  "loadout_history": {
    "1": 41,
    "5": 6,
    "9": 2,
    "0": 52,
    "24": 4,
    "79": 1,
    "47": 1,
    "19": 1,
    "15": 1,
    "28": 3,
    "25": 1,
    "35": 1,
    "14": 2,
    "62": 1,
    "18": 2,
    "7": 1,
    "10": 1,
    "23": 1,
    "168": 1
  }
}