{
  "schema": 1,
  "name": "bot-69",
  "first_seen": 1778543156.027966,
  "last_seen": 1778638775.551635,
  "episodes": 612,
  "score_total": 80845,
  "score_best": 8921,
  "best_loadout": [
    0,
    0,
    0,
    0,
    0,
    0,
    0,
    0
  ],
  "killed_by": {
    "Beetle": 26,
    "Wasp": 128,
    "Hornet": 129,
    "Leafbug": 5,
    "Mantis": 57,
    "bot-85": 1,
    "bot-42": 1,
    "Bee": 40,
    "thorny": 1,
    "bot-126": 1,
    "bot-130": 1,
    "bot-100": 2,
    "bot-147": 1,
    "Cactus": 35,
    "hello": 2,
    "Sandstorm": 8,
    "Rock": 17,
    "Evil Centipede": 6,
    "Ladybug": 21,
    "Centipede": 13,
    "bot-66": 2,
    "bot-81": 1,
    "Scorpion": 1,
    "Desert Centipede": 7,
    "Spider": 13,
    "Bush": 5,
    "bot-98": 1,
    "bot-119": 1,
    "bot-142": 1,
    "bot-94": 2,
    "bot-121": 1,
    "bot-103": 4,
    "bot-25": 1,
    "bot-129": 2,
    "bot-63": 2,
    "bot-124": 1,
    "bot-134": 1,
    "bot-65": 1,
    "bot-78": 1,
    "bot-141": 2,
    "Worker Ant": 3,
    "bot-26": 1,
    "bot-97": 2,
    "bot-41": 1,
    "bot-22": 1,
    "not bot": 2,
    "blossom": 1,
    "bot-68": 3,
    "flower": 1,
    "bot-101": 1,
    "bot-112": 3,
    "bot-84": 1,
    "bot-37": 3,
    "bloomy": 1,
    "bot-107": 1,
    "bot-99": 1,
    "bot-24": 1,
    "bot-23": 3,
    "bot-79": 1,
    "bot-123": 1,
    "bot-87": 1,
    "bot-89": 1,
    "bot-137": 1,
    "bot-145": 1,
    "bot-56": 1,
    "Baby Ant": 1,
    "bot-149": 2,
    "sussy": 2,
    "bot-61": 1,
    "leafy": 1,
    "bot-115": 1,
    "Soldier Ant": 3,
    "bot-109": 1,
    "bot-34": 2,
    "bot-64": 1,
    "aa": 1,
    "bot-28": 2,
    "bot-38": 2,
    "bot-91": 1,
    "bot-144": 1
  },
  "loadout_history": {
    "0": 537,
    "1": 431,
    "5": 8,
    "14": 15,
    "18": 11,
    "34": 4,
    "9": 10,
    "25": 4,
    "6": 5,
    "10": 3,
    "11": 1,
    "16": 2,
    "28": 2,
    "15": 3,
    "26": 1,
    "29": 1,
    "51": 1,
    "17": 1,
    "24": 2,
    "62": 1,
    "8": 4,
    "69": 1,
    "23": 1,
    "20": 1,
    "83": 1,
    "60": 1,
    "48": 1,
    "13": 1,
    "167": 1
  }
}