{
  "schema": 1,
  "name": "bot-107",
  "first_seen": 1778364741.645498,
  "last_seen": 1778552131.6570508,
  "episodes": 72,
  "score_total": 3631,
  "score_best": 341,
  "best_loadout": [
    0,
    0,
    0,
    0,
    1,
    0
  ],
  "killed_by": {
    "Beetle": 4,
    "Hornet": 21,
    "Evil Centipede": 6,
    "Cactus": 1,
    "Spider": 1,
    "Wasp": 13,
    "Sandstorm": 1,
    "bot-49": 1,
    "Bee": 1,
    "Mantis": 6,
    "blossom": 1,
    "bot-137": 1,
    "bot-130": 2,
    "bot-57": 1,
    "bot-114": 1
  },
  "loadout_history": {
    "1": 61,
    "14": 4,
    "0": 62,
    "28": 1,
    "5": 5,
    "23": 1,
    "24": 6,
    "18": 2,
    "19": 3,
    "9": 5,
    "15": 1,
    "64": 1,
    "79": 1,
    "21": 1
  }
}