{
  "schema": 1,
  "name": "bot-96",
  "first_seen": 1778543115.258215,
  "last_seen": 1778545848.39863,
  "episodes": 26,
  "score_total": 8842,
  "score_best": 5049,
  "best_loadout": [
    1,
    1,
    0,
    1,
    1,
    14,
    0
  ],
  "killed_by": {
    "Mantis": 3,
    "Beetle": 1,
    "Wasp": 3,
    "Cactus": 2,
    "Hornet": 4,
    "Evil Centipede": 5,
    "Ladybug": 1,
    "petalpop": 2,
    "bot-63": 1
  },
  "loadout_history": {
    "0": 23,
    "1": 21,
    "167": 3,
    "24": 1,
    "16": 1,
    "34": 1,
    "9": 1,
    "10": 1,
    "46": 1,
    "15": 1,
    "14": 1,
    "18": 1
  }
}