{
  "schema": 1,
  "name": "bot-mcta",
  "first_seen": 1778218310.920821,
  "last_seen": 1778278879.8233159,
  "episodes": 2397,
  "score_total": 226181,
  "score_best": 8029,
  "best_loadout": [
    9,
    1,
    41,
    35,
    6,
    0,
    0,
    0
  ],
  "killed_by": {
    "Hornet": 1291,
    "Bee": 138,
    "bot-wbxw": 19,
    "bot-ihff": 28,
    "bot-eqvx": 18,
    "a": 23,
    "bot-liwn": 24,
    "Soldier Ant": 35,
    "blossom": 22,
    "florrio": 25,
    "bot": 19,
    "bot-nugt": 21,
    "Sandstorm": 1,
    "Rock": 27,
    "Baby Ant": 4,
    "Centipede": 80,
    "Ladybug": 31,
    "67": 27,
    "bot-thyg": 20,
    "bot-derv": 28,
    "thorn": 18,
    "Spider": 70,
    "bot-rklz": 22,
    "hello": 23,
    "rosie": 26,
    "root": 27,
    "bot-mqcq": 29,
    "zorr": 21,
    "bot-fuvq": 26,
    "bot-iraf": 15,
    "aa": 34,
    "not bot": 28,
    "bot-uxnr": 23,
    "petalpop": 25,
    "bot-qhpe": 37,
    "leafy": 29,
    "Boulder": 1,
    "gardn": 19,
    "bot-yrut": 35,
    "Massive Ladybug": 2,
    "Beetle": 4,
    "Cactus": 1
  },
  "loadout_history": {
    "0": 2349,
    "1": 1455,
    "14": 100,
    "9": 113,
    "46": 17,
    "34": 72,
    "26": 9,
    "23": 31,
    "6": 49,
    "5": 122,
    "41": 37,
    "18": 108,
    "20": 8,
    "11": 9,
    "12": 3,
    "24": 57,
    "19": 28,
    "48": 10,
    "28": 19,
    "25": 14,
    "47": 7,
    "32": 4,
    "40": 85,
    "30": 3,
    "36": 8,
    "15": 23,
    "10": 29,
    "16": 14,
    "7": 9,
    "21": 2,
    "42": 13,
    "35": 32,
    "33": 8,
    "55": 15,
    "38": 1,
    "8": 6,
    "43": 3,
    "39": 3,
    "63": 1,
    "29": 3,
    "77": 1,
    "44": 1,
    "17": 1
  }
}