{
  "schema": 1,
  "name": "bot-actr",
  "first_seen": 1778348250.520512,
  "last_seen": 1778352306.774573,
  "episodes": 31,
  "score_total": 649,
  "score_best": 86,
  "best_loadout": [
    40,
    0,
    0,
    0,
    0
  ],
  "killed_by": {
    "Bee": 5,
    "bot-prin": 1,
    "Hornet": 20,
    "Ladybug": 2,
    "hello": 1,
    "Rock": 1
  },
  "loadout_history": {
    "0": 29,
    "1": 25,
    "14": 2,
    "42": 1,
    "48": 1,
    "9": 2,
    "40": 1,
    "34": 1,
    "33": 1,
    "26": 1,
    "18": 2,
    "24": 2,
    "5": 2,
    "36": 1
  }
}