{
  "schema": 1,
  "name": "bot-25",
  "first_seen": 1778543109.5578072,
  "last_seen": 1778713199.977505,
  "episodes": 1205,
  "score_total": 225930,
  "score_best": 10264,
  "best_loadout": [
    0,
    1,
    0,
    1,
    0,
    0,
    0,
    0
  ],
  "killed_by": {
    "Hornet": 283,
    "Wasp": 217,
    "Scorpion": 9,
    "Evil Centipede": 15,
    "Sandstorm": 8,
    "Bee": 69,
    "bot-39": 2,
    "Cactus": 67,
    "Beetle": 51,
    "Leafbug": 17,
    "bot-124": 6,
    "Mantis": 108,
    "bot-58": 2,
    "bot-133": 1,
    "bot-72": 1,
    "bot-114": 1,
    "Ladybug": 80,
    "Spider": 34,
    "Rock": 10,
    "bot-76": 2,
    "thorny": 3,
    "bot-96": 3,
    "bot-55": 3,
    "bot-117": 1,
    "bot-84": 4,
    "bot-57": 1,
    "Bush": 15,
    "Centipede": 34,
    "rosie": 1,
    "leafy": 1,
    "bot-36": 1,
    "bot-105": 1,
    "bot-101": 5,
    "bot-139": 2,
    "bot-79": 1,
    "bot-68": 1,
    "bot-77": 2,
    "bot-111": 2,
    "Desert Centipede": 2,
    "bot-104": 3,
    "bot-50": 2,
    "bot-37": 2,
    "bot-86": 1,
    "bot-48": 8,
    "bot-109": 1,
    "bot-43": 1,
    "bot-49": 2,
    "bot-135": 1,
    "bot-60": 2,
    "bot-93": 1,
    "bot-140": 1,
    "bot-98": 1,
    "bot-74": 3,
    "bot-45": 1,
    "bot-127": 1,
    "bot-125": 1,
    "Soldier Ant": 3,
    "bot-28": 1,
    "bot-144": 6,
    "bot-123": 1,
    "bot-138": 2,
    "bloom": 2,
    "aa": 1,
    "bot-113": 2,
    "bot-41": 1,
    "bot-33": 1,
    "bot-29": 1,
    "bot-87": 2,
    "Baby Ant": 2,
    "bot-103": 2,
    "bot-106": 2,
    "bot-85": 1,
    "bot-40": 10,
    "bot-146": 4,
    "bot-56": 1,
    "bot-35": 2,
    "bot-92": 1,
    "bot-59": 2,
    "bot-90": 1,
    "bot-121": 1,
    "Worker Ant": 4,
    "bot-148": 2,
    "bot-66": 2,
    "67": 4,
    "bot-70": 1,
    "gardn": 2,
    "bot-89": 1,
    "bot-26": 1,
    "blossom": 1,
    "not bot": 1,
    "bot-129": 1,
    "bot-107": 2,
    "zorr": 1,
    "bot-120": 1,
    "bot-88": 2,
    "a": 1,
    "bot-149": 2,
    "bot-73": 1,
    "bot-78": 1,
    "bot-23": 1,
    "bot-97": 1,
    "bot-132": 1,
    "bot-147": 1,
    "bot-141": 1,
    "bot-38": 1,
    "bot-27": 1,
    "bot-42": 1,
    "bot-52": 1,
    "Queen Ant": 1
  },
  "loadout_history": {
    "0": 1016,
    "1": 859,
    "5": 8,
    "28": 3,
    "21": 2,
    "14": 16,
    "29": 3,
    "19": 3,
    "25": 7,
    "15": 14,
    "117": 1,
    "24": 12,
    "6": 9,
    "20": 5,
    "116": 1,
    "35": 5,
    "34": 4,
    "49": 1,
    "16": 2,
    "17": 1,
    "62": 1,
    "8": 3,
    "61": 1,
    "51": 3,
    "18": 8,
    "12": 1,
    "9": 11,
    "7": 5,
    "120": 1,
    "83": 1,
    "92": 1,
    "181": 1,
    "26": 2,
    "37": 1,
    "13": 1,
    "182": 1,
    "180": 1,
    "11": 2,
    "10": 1,
    "23": 2,
    "160": 1,
    "60": 1,
    "58": 1
  }
}