{
  "schema": 1,
  "name": "bot-54",
  "first_seen": 1778543110.4872751,
  "last_seen": 1778624063.642448,
  "episodes": 489,
  "score_total": 64350,
  "score_best": 5590,
  "best_loadout": [
    0,
    0,
    0,
    0,
    0,
    0,
    0
  ],
  "killed_by": {
    "Wasp": 89,
    "Hornet": 129,
    "gardn": 1,
    "Mantis": 46,
    "bot-66": 1,
    "Bee": 35,
    "Bush": 4,
    "bot-94": 3,
    "Centipede": 6,
    "bot-59": 1,
    "bot-51": 1,
    "Beetle": 25,
    "bot-113": 2,
    "bot-38": 1,
    "bot-99": 1,
    "Cactus": 33,
    "bot-44": 1,
    "Baby Ant": 2,
    "bot-97": 2,
    "Ladybug": 15,
    "Evil Centipede": 5,
    "bot-40": 4,
    "Spider": 9,
    "Leafbug": 9,
    "bot-104": 1,
    "bot-136": 1,
    "bot-101": 2,
    "bot-34": 1,
    "bot-116": 1,
    "bot-36": 1,
    "Worker Ant": 4,
    "bot-37": 1,
    "Rock": 3,
    "bot-26": 1,
    "bot-71": 1,
    "Sandstorm": 4,
    "bot-96": 1,
    "bot-106": 1,
    "bot-56": 1,
    "leafy": 1,
    "bot-60": 3,
    "bot-95": 1,
    "bot-112": 1,
    "bot-22": 1,
    "bot-128": 2,
    "bot-109": 1,
    "bot-119": 1,
    "bot-138": 1,
    "bot-89": 1,
    "bot-132": 1,
    "bot-140": 1,
    "prickly": 1,
    "bot-92": 1,
    "a": 1,
    "bot-91": 1,
    "bot-41": 1,
    "bot-30": 1,
    "bot-24": 1,
    "Scorpion": 2,
    "bot-120": 1,
    "rosie": 1,
    "Soldier Ant": 1,
    "bot-73": 2,
    "bot-68": 1
  },
  "loadout_history": {
    "0": 421,
    "1": 330,
    "14": 6,
    "11": 6,
    "24": 4,
    "33": 1,
    "5": 9,
    "8": 3,
    "6": 8,
    "34": 1,
    "10": 1,
    "25": 3,
    "9": 2,
    "18": 2,
    "15": 2,
    "61": 1,
    "177": 1,
    "23": 1,
    "16": 1,
    "79": 1,
    "30": 1
  }
}