{
  "schema": 1,
  "name": "bot-rfxw",
  "first_seen": 1778122063.933387,
  "last_seen": 1778122991.3127859,
  "episodes": 6,
  "score_total": 355,
  "score_best": 135,
  "best_loadout": [
    40,
    40,
    24,
    34,
    40
  ],
  "killed_by": {
    "Bee": 2,
    "Baby Ant": 1,
    "bot-qbok": 1,
    "Centipede": 1
  },
  "loadout_history": {
    "40": 3,
    "9": 2,
    "5": 3,
    "1": 4,
    "6": 1,
    "35": 1,
    "11": 1,
    "26": 1,
    "24": 2,
    "41": 1,
    "34": 2
  }
}