{
  "schema": 1,
  "name": "bot-135",
  "first_seen": 1778543148.358541,
  "last_seen": 1778731780.975861,
  "episodes": 1250,
  "score_total": 222727,
  "score_best": 11141,
  "best_loadout": [
    0,
    0,
    1,
    0,
    0,
    0,
    0,
    5
  ],
  "killed_by": {
    "Mantis": 102,
    "Scorpion": 7,
    "Wasp": 251,
    "Hornet": 277,
    "Evil Centipede": 18,
    "bot-77": 2,
    "rosie": 5,
    "Bee": 92,
    "bot-33": 1,
    "Centipede": 40,
    "bot-145": 4,
    "Cactus": 68,
    "bot-56": 1,
    "Ladybug": 69,
    "florrio": 3,
    "bot-111": 1,
    "bot-51": 1,
    "Sandstorm": 10,
    "Desert Centipede": 8,
    "bot-73": 2,
    "Bush": 11,
    "Spider": 33,
    "not bot": 1,
    "Beetle": 43,
    "Rock": 12,
    "Worker Ant": 2,
    "bot-131": 2,
    "bot-40": 2,
    "bot-27": 3,
    "bot-128": 3,
    "Leafbug": 19,
    "bot-90": 1,
    "bot-50": 1,
    "bot-123": 2,
    "Baby Ant": 2,
    "bot-99": 1,
    "bot-113": 1,
    "bot-80": 1,
    "bot-105": 2,
    "thorn": 1,
    "bot-29": 2,
    "blossom": 2,
    "bot-87": 1,
    "bot-122": 2,
    "bot-138": 2,
    "bot-32": 3,
    "bot-26": 1,
    "67": 4,
    "bot-52": 1,
    "bot-64": 4,
    "bot-84": 3,
    "bot-85": 2,
    "zorr": 2,
    "bot-86": 4,
    "bot-149": 1,
    "bot-93": 1,
    "bot-31": 1,
    "bot-48": 1,
    "bot-148": 1,
    "bloom": 1,
    "bot-60": 2,
    "bot-36": 2,
    "bot-39": 1,
    "petalpop": 3,
    "bot-142": 2,
    "bot-137": 2,
    "bot-117": 2,
    "bot-107": 2,
    "bot-67": 4,
    "prickly": 2,
    "bot-62": 3,
    "bot-57": 1,
    "bot-106": 1,
    "bot-46": 4,
    "Soldier Ant": 2,
    "bot-134": 2,
    "bot-114": 3,
    "thornbloom": 2,
    "bot-68": 3,
    "bot-55": 2,
    "bot-72": 1,
    "bot-71": 1,
    "bot-96": 2,
    "bot-28": 1,
    "bot-41": 1,
    "bot-76": 1,
    "bot-22": 1,
    "bot-66": 1,
    "bot-121": 2,
    "root": 1,
    "bot-124": 1,
    "bot-110": 1,
    "bot-69": 1,
    "leafy": 1,
    "bot-38": 1,
    "bot-98": 3,
    "bot-94": 1,
    "bot-74": 1,
    "bot-109": 2,
    "bot-116": 1,
    "bot-23": 3,
    "bot-79": 1,
    "bot-37": 1,
    "bot-42": 1,
    "bot-54": 1,
    "bot-115": 2,
    "bot-75": 2,
    "sussy": 2,
    "bot-125": 1,
    "bot-129": 1,
    "bot-119": 1,
    "bot-24": 2,
    "bot-141": 1,
    "gardn": 1
  },
  "loadout_history": {
    "0": 1052,
    "1": 862,
    "24": 19,
    "14": 20,
    "5": 22,
    "18": 13,
    "28": 2,
    "15": 13,
    "12": 7,
    "7": 6,
    "10": 7,
    "51": 3,
    "34": 2,
    "19": 6,
    "6": 17,
    "29": 4,
    "116": 2,
    "9": 11,
    "35": 2,
    "46": 2,
    "86": 2,
    "25": 7,
    "22": 3,
    "20": 4,
    "36": 1,
    "45": 1,
    "8": 5,
    "79": 5,
    "119": 1,
    "23": 1,
    "17": 4,
    "54": 1,
    "167": 1,
    "11": 3,
    "30": 2,
    "21": 2,
    "26": 5,
    "60": 1,
    "118": 1,
    "168": 1,
    "49": 2,
    "181": 1,
    "182": 1,
    "16": 1,
    "13": 1,
    "83": 1,
    "37": 1,
    "55": 1,
    "159": 1
  }
}