{
  "schema": 1,
  "name": "bot-49",
  "first_seen": 1778543477.210536,
  "last_seen": 1778713217.068547,
  "episodes": 1174,
  "score_total": 222041,
  "score_best": 11347,
  "best_loadout": [
    0,
    1,
    0,
    0,
    1,
    0,
    0,
    0
  ],
  "killed_by": {
    "Hornet": 282,
    "bot-107": 2,
    "Beetle": 34,
    "Mantis": 94,
    "Leafbug": 19,
    "bot-53": 2,
    "Evil Centipede": 11,
    "prickly": 1,
    "bot-134": 2,
    "Wasp": 202,
    "Desert Centipede": 10,
    "Ladybug": 37,
    "Bee": 86,
    "thornbloom": 2,
    "bot-141": 2,
    "Sandstorm": 18,
    "bot-105": 5,
    "Cactus": 80,
    "bot-91": 3,
    "bot-22": 2,
    "Rock": 15,
    "bot-44": 1,
    "Centipede": 35,
    "bot-30": 5,
    "bot-34": 2,
    "Spider": 33,
    "bot-41": 4,
    "Worker Ant": 6,
    "bot-82": 1,
    "zorr": 1,
    "bot-75": 5,
    "Scorpion": 11,
    "bot-130": 2,
    "bot-123": 1,
    "bot-52": 2,
    "bot-73": 2,
    "bot-112": 1,
    "bot-31": 3,
    "bot-61": 1,
    "bot-29": 2,
    "Bush": 6,
    "bot-94": 2,
    "bot-90": 11,
    "bot-64": 3,
    "Baby Ant": 5,
    "bot-133": 8,
    "bot-56": 2,
    "bot-72": 2,
    "bot-142": 2,
    "root": 1,
    "bot-24": 1,
    "bot-58": 1,
    "bot-45": 1,
    "blossom": 2,
    "bot-128": 1,
    "hello": 2,
    "bot-37": 1,
    "bot-51": 2,
    "Soldier Ant": 3,
    "bot-87": 1,
    "bot-115": 2,
    "bot-92": 7,
    "bot-76": 2,
    "67": 1,
    "bot-101": 1,
    "petalpop": 2,
    "bot-132": 2,
    "bot-103": 1,
    "bot-138": 2,
    "bot-106": 1,
    "bot-43": 3,
    "bot-65": 2,
    "bot-32": 3,
    "bot-86": 2,
    "bot-57": 1,
    "aa": 2,
    "bot-127": 1,
    "bot-102": 2,
    "blossom-v2": 1,
    "bot-137": 1,
    "bot-100": 1,
    "bot-27": 4,
    "rosie": 1,
    "bot-117": 1,
    "bot-38": 1,
    "bot-59": 1,
    "bot-26": 1,
    "bot-80": 1,
    "bot-143": 1,
    "bot-83": 1,
    "bot-46": 4,
    "bot-66": 2,
    "bot-62": 1,
    "bot-124": 1,
    "bot-95": 1,
    "bot": 1,
    "bloomy": 4,
    "bot-50": 1,
    "bot-89": 1,
    "bot-42": 1,
    "bot-54": 1,
    "bot-120": 1,
    "bot-139": 1,
    "bot-145": 1,
    "not bot": 2,
    "bot-122": 1,
    "leafy": 1,
    "bot-136": 1,
    "bot-69": 2
  },
  "loadout_history": {
    "1": 797,
    "0": 987,
    "28": 3,
    "18": 9,
    "5": 26,
    "14": 13,
    "23": 2,
    "24": 9,
    "45": 1,
    "15": 9,
    "34": 2,
    "167": 1,
    "9": 14,
    "39": 1,
    "11": 3,
    "38": 1,
    "7": 3,
    "13": 2,
    "48": 2,
    "8": 2,
    "107": 1,
    "54": 1,
    "49": 5,
    "35": 5,
    "6": 5,
    "25": 5,
    "20": 2,
    "51": 2,
    "60": 3,
    "21": 1,
    "19": 3,
    "12": 3,
    "135": 2,
    "16": 2,
    "10": 3,
    "180": 2,
    "55": 1,
    "79": 3,
    "29": 1,
    "124": 1,
    "17": 1,
    "84": 2,
    "97": 1,
    "27": 1,
    "175": 1,
    "58": 1
  }
}