{
  "schema": 1,
  "name": "bot-59",
  "first_seen": 1778543498.623895,
  "last_seen": 1778713178.197881,
  "episodes": 1160,
  "score_total": 208967,
  "score_best": 10000,
  "best_loadout": [
    0,
    0,
    0,
    0,
    0,
    0,
    0,
    0
  ],
  "killed_by": {
    "Beetle": 40,
    "Hornet": 261,
    "Wasp": 235,
    "Mantis": 96,
    "bot-52": 1,
    "petalpop": 1,
    "Cactus": 59,
    "bot-106": 2,
    "bot-112": 1,
    "Sandstorm": 20,
    "Ladybug": 70,
    "Evil Centipede": 5,
    "Leafbug": 15,
    "bot-143": 9,
    "bot-134": 2,
    "Desert Centipede": 4,
    "bot-104": 2,
    "Spider": 33,
    "bot-54": 4,
    "Bee": 86,
    "bot-75": 1,
    "bot-80": 2,
    "Bush": 11,
    "Centipede": 32,
    "bot-117": 12,
    "bot-83": 1,
    "bot-121": 3,
    "blossom-v2": 3,
    "Worker Ant": 5,
    "bot-139": 2,
    "bot-122": 1,
    "Rock": 13,
    "bot-57": 3,
    "bot-32": 1,
    "bot-92": 2,
    "bot-142": 1,
    "bot-67": 1,
    "bot-96": 2,
    "a": 2,
    "bot-29": 1,
    "bot-149": 2,
    "bot-24": 1,
    "bot-145": 1,
    "bot-125": 2,
    "bot-140": 1,
    "prickly": 1,
    "bot-93": 4,
    "bot-72": 3,
    "Scorpion": 4,
    "bot-76": 1,
    "bot-51": 1,
    "bot-123": 3,
    "bot-35": 1,
    "thornbloom": 1,
    "bot-81": 1,
    "rosie": 1,
    "Baby Ant": 5,
    "bot-40": 1,
    "bot-89": 1,
    "bot-44": 1,
    "bot-118": 2,
    "bot-90": 2,
    "bot-88": 2,
    "bot-74": 1,
    "bot-110": 2,
    "bot-28": 2,
    "bot-111": 2,
    "bot-85": 1,
    "bot-141": 2,
    "florrio": 1,
    "bot-60": 1,
    "bot-124": 2,
    "bot-73": 2,
    "bot-135": 2,
    "thorn": 2,
    "bot-49": 2,
    "bot-102": 2,
    "bot-42": 1,
    "bot-113": 1,
    "bot-79": 1,
    "bot-70": 2,
    "bot-107": 3,
    "bot-137": 1,
    "Soldier Ant": 1,
    "bot-115": 1,
    "bot-146": 1,
    "bot-37": 1,
    "bot-34": 1,
    "bot-144": 1,
    "bot-62": 1,
    "bot-129": 1,
    "bot-58": 1,
    "bot-38": 2,
    "bot-30": 1,
    "bot-101": 1,
    "67": 3,
    "blossom": 1,
    "bot-48": 1,
    "bot-39": 2,
    "bot-116": 1,
    "bot-100": 2,
    "bot-61": 1,
    "bot-33": 1,
    "bot-138": 1
  },
  "loadout_history": {
    "0": 976,
    "1": 815,
    "39": 1,
    "28": 5,
    "5": 17,
    "14": 11,
    "116": 3,
    "18": 8,
    "24": 4,
    "48": 1,
    "10": 10,
    "6": 5,
    "56": 1,
    "11": 4,
    "167": 2,
    "49": 4,
    "15": 7,
    "19": 3,
    "35": 2,
    "61": 2,
    "83": 4,
    "9": 7,
    "34": 3,
    "29": 1,
    "23": 2,
    "27": 3,
    "31": 1,
    "25": 1,
    "51": 2,
    "47": 2,
    "204": 1,
    "46": 2,
    "16": 2,
    "55": 1,
    "21": 1,
    "79": 1,
    "26": 2,
    "36": 1,
    "7": 3,
    "169": 1,
    "20": 1,
    "181": 1,
    "135": 1,
    "17": 1,
    "45": 1,
    "58": 1
  }
}