{
  "schema": 1,
  "name": "bot-30",
  "first_seen": 1778543105.570722,
  "last_seen": 1778727508.92116,
  "episodes": 1236,
  "score_total": 190450,
  "score_best": 6330,
  "best_loadout": [
    0,
    0,
    0,
    0,
    1,
    0,
    0,
    0
  ],
  "killed_by": {
    "Centipede": 30,
    "Scorpion": 11,
    "Sandstorm": 20,
    "Hornet": 304,
    "Bee": 79,
    "Wasp": 235,
    "bot-134": 1,
    "Cactus": 86,
    "bot-113": 1,
    "Mantis": 100,
    "blossom-v2": 1,
    "Spider": 18,
    "petalpop": 1,
    "bot-24": 2,
    "bot-50": 1,
    "Leafbug": 12,
    "Beetle": 45,
    "bot-81": 3,
    "bot-141": 1,
    "bot-121": 3,
    "bot-137": 1,
    "Bush": 23,
    "bot-27": 2,
    "Ladybug": 48,
    "Rock": 13,
    "Desert Centipede": 13,
    "Evil Centipede": 13,
    "bot-22": 4,
    "bot-41": 4,
    "bot-47": 2,
    "bot-43": 1,
    "bot-23": 1,
    "bot-117": 3,
    "Worker Ant": 5,
    "bot-32": 2,
    "thornbloom": 1,
    "bot-119": 1,
    "bot-111": 1,
    "Soldier Ant": 7,
    "bot-74": 2,
    "bot-53": 1,
    "bot-66": 2,
    "bot-31": 2,
    "bot-36": 2,
    "bot-135": 1,
    "bot-92": 2,
    "bot-85": 2,
    "bloom": 3,
    "bot-91": 1,
    "bot-90": 2,
    "bot-102": 1,
    "bot-82": 2,
    "bot-76": 1,
    "bot-118": 3,
    "bot-104": 1,
    "bot-142": 1,
    "bot-125": 1,
    "bot-73": 1,
    "hello": 4,
    "prickly": 1,
    "bot-83": 1,
    "bot-54": 4,
    "bot-101": 1,
    "bot-45": 1,
    "bot-122": 3,
    "bot-40": 1,
    "bot-148": 2,
    "bot-103": 1,
    "leafy": 4,
    "bot-80": 1,
    "bot-64": 5,
    "bot-67": 3,
    "bot-49": 2,
    "bot-99": 2,
    "bot-65": 2,
    "thorny": 2,
    "bot-68": 2,
    "bot-95": 2,
    "Baby Ant": 1,
    "Queen Ant": 2,
    "gardn": 1,
    "a": 1,
    "bot-97": 1,
    "bot-55": 1,
    "bot-29": 2,
    "bot-39": 1,
    "bot-79": 3,
    "florrio": 1,
    "bot-110": 1,
    "bot-143": 1,
    "bot-140": 1,
    "bot-98": 1,
    "bot-106": 1,
    "bot-51": 2,
    "bot-72": 1,
    "bot-124": 1,
    "bot-130": 5,
    "bot-128": 1,
    "bot-75": 1,
    "bot-114": 1,
    "bot-120": 4,
    "bot-62": 1,
    "bot-71": 1,
    "bot-63": 1,
    "bot-87": 1,
    "flower": 1,
    "sussy": 2,
    "bot-108": 2,
    "bot-126": 1,
    "bot-86": 1
  },
  "loadout_history": {
    "0": 1042,
    "1": 860,
    "14": 16,
    "5": 17,
    "9": 11,
    "6": 6,
    "28": 4,
    "34": 6,
    "29": 3,
    "25": 4,
    "10": 6,
    "32": 1,
    "107": 1,
    "15": 6,
    "18": 7,
    "24": 9,
    "79": 6,
    "135": 1,
    "37": 1,
    "8": 4,
    "209": 1,
    "116": 2,
    "7": 3,
    "12": 1,
    "84": 1,
    "168": 5,
    "19": 8,
    "176": 1,
    "20": 4,
    "16": 2,
    "27": 2,
    "26": 2,
    "49": 1,
    "60": 1,
    "47": 2,
    "48": 1,
    "86": 2,
    "180": 2,
    "35": 1,
    "30": 2,
    "182": 1,
    "58": 1,
    "102": 1,
    "75": 1,
    "167": 2,
    "36": 1,
    "183": 1,
    "55": 1,
    "13": 3,
    "21": 1,
    "51": 1,
    "204": 1,
    "117": 1,
    "124": 1
  }
}