{
  "schema": 1,
  "name": "bot-110",
  "first_seen": 1778364742.798528,
  "last_seen": 1778623652.8789382,
  "episodes": 472,
  "score_total": 48508,
  "score_best": 5050,
  "best_loadout": [
    0,
    0,
    0,
    0,
    0,
    0,
    0
  ],
  "killed_by": {
    "Spider": 16,
    "Hornet": 121,
    "Cactus": 25,
    "Leafbug": 11,
    "Bush": 5,
    "Mantis": 46,
    "Wasp": 84,
    "flower": 1,
    "Ladybug": 16,
    "Beetle": 15,
    "gardn": 2,
    "Bee": 31,
    "bot-73": 1,
    "bot-138": 2,
    "bot-65": 1,
    "bot-33": 1,
    "Evil Centipede": 5,
    "Sandstorm": 4,
    "bot-117": 1,
    "Centipede": 10,
    "bot-125": 1,
    "bot-80": 2,
    "bot-50": 1,
    "bot-119": 1,
    "bot-104": 1,
    "bot-32": 1,
    "Desert Centipede": 3,
    "bot-35": 1,
    "bot-70": 1,
    "bot-31": 1,
    "Scorpion": 2,
    "Worker Ant": 2,
    "bot-139": 1,
    "bot-41": 1,
    "bot-120": 1,
    "bot-144": 1,
    "bot-97": 2,
    "bot-149": 2,
    "bot-141": 1,
    "bot-134": 1,
    "bot-131": 1,
    "bot-57": 2,
    "hello": 1,
    "bot-56": 1,
    "bot-142": 2,
    "bot-89": 1,
    "Rock": 3,
    "bot-77": 1,
    "bot-109": 1,
    "bot-101": 1,
    "bot-22": 1,
    "thornbloom": 8,
    "bot-87": 1,
    "bot-140": 1,
    "bot-124": 1,
    "bot-128": 1,
    "bloom": 2,
    "bot-30": 1
  },
  "loadout_history": {
    "0": 418,
    "1": 305,
    "18": 12,
    "30": 1,
    "49": 1,
    "23": 2,
    "24": 2,
    "5": 5,
    "14": 5,
    "15": 5,
    "7": 1,
    "9": 4,
    "79": 4,
    "204": 1,
    "39": 1,
    "28": 1,
    "19": 2,
    "16": 2,
    "51": 1,
    "33": 1,
    "12": 2,
    "35": 1,
    "93": 1,
    "168": 1,
    "11": 2,
    "17": 1
  }
}