{
  "schema": 1,
  "name": "bot-106",
  "first_seen": 1778364741.472102,
  "last_seen": 1778552131.6577358,
  "episodes": 126,
  "score_total": 3355,
  "score_best": 208,
  "best_loadout": [
    0,
    0,
    0,
    0,
    0
  ],
  "killed_by": {
    "Spider": 5,
    "Hornet": 36,
    "Bee": 4,
    "Cactus": 12,
    "Beetle": 12,
    "bot-502": 1,
    "bot-105": 3,
    "Soldier Ant": 2,
    "bot-301": 1,
    "bot-104": 1,
    "bot-501": 3,
    "Centipede": 8,
    "Worker Ant": 2,
    "bot-504": 2,
    "Ladybug": 2,
    "Desert Centipede": 2,
    "Mantis": 7,
    "Wasp": 5,
    "bot-114": 2,
    "bot-90": 2,
    "hello": 1,
    "zorr": 1
  },
  "loadout_history": {
    "0": 113,
    "1": 94,
    "14": 5,
    "9": 2,
    "5": 4,
    "18": 1,
    "15": 3,
    "79": 2,
    "19": 3,
    "24": 2,
    "10": 2,
    "34": 2,
    "68": 1,
    "116": 1,
    "7": 1,
    "167": 1
  }
}