{
  "schema": 1,
  "name": "bot-137",
  "first_seen": 1778543574.336104,
  "last_seen": 1778545875.1910589,
  "episodes": 19,
  "score_total": 1756,
  "score_best": 263,
  "best_loadout": [
    0,
    0,
    0,
    0,
    1,
    0
  ],
  "killed_by": {
    "Mantis": 3,
    "Desert Centipede": 1,
    "bot-105": 1,
    "Hornet": 3,
    "bot-31": 2,
    "bot-99": 2,
    "Bee": 1,
    "Wasp": 3,
    "bot-103": 1
  },
  "loadout_history": {
    "0": 19,
    "1": 10,
    "49": 2,
    "5": 4,
    "34": 1,
    "11": 1,
    "24": 1,
    "25": 1,
    "14": 2,
    "9": 2
  }
}