{
  "schema": 1,
  "name": "bot-zkfp",
  "first_seen": 1778122600.1028612,
  "last_seen": 1778122830.1780632,
  "episodes": 3,
  "score_total": 543,
  "score_best": 206,
  "best_loadout": [
    35,
    23,
    35,
    40,
    24
  ],
  "killed_by": {
    "not bot": 1,
    "gardn": 1
  },
  "loadout_history": {
    "40": 3,
    "34": 1,
    "35": 3,
    "24": 2,
    "23": 2
  }
}