{
  "schema": 1,
  "name": "bot-nugt",
  "first_seen": 1778218311.3386738,
  "last_seen": 1778278881.2483652,
  "episodes": 2260,
  "score_total": 265883,
  "score_best": 5252,
  "best_loadout": [
    0,
    0,
    0,
    0,
    0,
    0,
    0
  ],
  "killed_by": {
    "Hornet": 1224,
    "thorn": 31,
    "bot-mqcq": 23,
    "petalpop": 18,
    "bot-qhpe": 30,
    "rosie": 21,
    "Centipede": 74,
    "root": 24,
    "bot-rklz": 25,
    "bot": 27,
    "a": 20,
    "zorr": 16,
    "blossom": 26,
    "bot-fuvq": 19,
    "hello": 17,
    "Spider": 82,
    "Rock": 25,
    "bot-mcta": 20,
    "leafy": 34,
    "Bee": 138,
    "gardn": 25,
    "aa": 19,
    "bot-eqvx": 35,
    "florrio": 36,
    "Ladybug": 20,
    "bot-liwn": 21,
    "bot-ihff": 18,
    "bot-derv": 19,
    "67": 30,
    "bot-wbxw": 12,
    "bot-yrut": 11,
    "bot-iraf": 19,
    "bot-thyg": 21,
    "bot-uxnr": 21,
    "Soldier Ant": 25,
    "Massive Ladybug": 3,
    "not bot": 21,
    "Baby Ant": 3,
    "Boulder": 5,
    "Desert Centipede": 1
  },
  "loadout_history": {
    "0": 2205,
    "1": 1311,
    "18": 111,
    "19": 21,
    "40": 117,
    "9": 92,
    "24": 62,
    "5": 113,
    "34": 68,
    "32": 15,
    "14": 117,
    "43": 3,
    "36": 5,
    "6": 40,
    "10": 26,
    "25": 12,
    "11": 17,
    "62": 1,
    "41": 33,
    "30": 2,
    "15": 18,
    "16": 6,
    "7": 15,
    "46": 16,
    "23": 18,
    "37": 4,
    "42": 9,
    "39": 12,
    "29": 8,
    "77": 2,
    "20": 6,
    "47": 4,
    "55": 6,
    "12": 1,
    "38": 3,
    "35": 15,
    "33": 10,
    "48": 15,
    "44": 2,
    "28": 20,
    "13": 2,
    "8": 4,
    "61": 1,
    "63": 2,
    "17": 3,
    "51": 1,
    "21": 2
  }
}