{
  "schema": 1,
  "name": "bot-143",
  "first_seen": 1778543535.476518,
  "last_seen": 1778727577.3907921,
  "episodes": 1290,
  "score_total": 250380,
  "score_best": 7748,
  "best_loadout": [
    0,
    0,
    1,
    0,
    0,
    0,
    0,
    0
  ],
  "killed_by": {
    "bot-96": 3,
    "Hornet": 345,
    "Wasp": 206,
    "Beetle": 39,
    "bot-108": 5,
    "Mantis": 117,
    "bot-100": 3,
    "bot-40": 2,
    "bot-120": 2,
    "Cactus": 73,
    "bloom": 4,
    "Evil Centipede": 12,
    "rosie": 2,
    "Bee": 100,
    "Scorpion": 9,
    "bot-38": 1,
    "Centipede": 37,
    "bot-130": 2,
    "bot-44": 1,
    "bot-117": 3,
    "bot-64": 2,
    "bot-58": 2,
    "Sandstorm": 20,
    "Ladybug": 48,
    "Spider": 31,
    "Bush": 21,
    "bot-98": 3,
    "bot-81": 1,
    "Worker Ant": 4,
    "thorn": 2,
    "not bot": 5,
    "bot-53": 1,
    "bot-82": 3,
    "bot-32": 1,
    "prickly": 2,
    "bot-51": 1,
    "Rock": 12,
    "bot-55": 2,
    "Baby Ant": 4,
    "bot-91": 1,
    "bot-93": 1,
    "bot-123": 1,
    "bot-25": 4,
    "flower": 1,
    "bot-31": 1,
    "bot-137": 2,
    "bot-36": 1,
    "bot-85": 2,
    "root": 2,
    "bot-24": 2,
    "bot-56": 2,
    "bot-22": 3,
    "bot-113": 4,
    "Leafbug": 14,
    "bot-95": 2,
    "Desert Centipede": 9,
    "leafy": 2,
    "bot-121": 6,
    "bot-97": 7,
    "bot-94": 1,
    "bot-149": 1,
    "bot-37": 1,
    "bot-99": 4,
    "bot-127": 4,
    "bot-125": 1,
    "67": 3,
    "bot-34": 3,
    "bot-35": 3,
    "bot-112": 1,
    "bot-105": 1,
    "bot-104": 6,
    "bot-76": 2,
    "bot-78": 1,
    "bot-54": 2,
    "bot-23": 1,
    "bot-43": 4,
    "bot-115": 3,
    "bot-140": 2,
    "bot-67": 1,
    "bloomy": 1,
    "bot-74": 2,
    "petalpop": 1,
    "a": 2,
    "bot-69": 1,
    "bot-122": 1,
    "bot-136": 2,
    "bot-119": 1,
    "bot-29": 1,
    "bot-61": 2,
    "bot-145": 1,
    "bot-111": 1,
    "bot-73": 1,
    "thornbloom": 1,
    "gardn": 1,
    "thorny": 1,
    "bot-128": 1,
    "bot-134": 1,
    "bot-138": 2,
    "bot-124": 1,
    "bot-103": 2,
    "bot-45": 1,
    "bot-131": 1,
    "bot-135": 1,
    "bot-33": 1,
    "bot-80": 1,
    "Soldier Ant": 1,
    "bot-50": 1,
    "sussy": 1,
    "bot-57": 1
  },
  "loadout_history": {
    "0": 1106,
    "1": 913,
    "167": 4,
    "24": 9,
    "39": 1,
    "6": 12,
    "9": 20,
    "14": 20,
    "25": 5,
    "10": 13,
    "5": 20,
    "19": 8,
    "68": 2,
    "204": 1,
    "46": 2,
    "8": 1,
    "16": 4,
    "15": 9,
    "58": 2,
    "11": 4,
    "27": 1,
    "26": 3,
    "28": 2,
    "7": 6,
    "35": 3,
    "23": 4,
    "22": 1,
    "180": 1,
    "12": 1,
    "36": 2,
    "31": 2,
    "51": 1,
    "17": 3,
    "116": 1,
    "107": 1,
    "18": 7,
    "182": 1,
    "13": 1,
    "64": 1,
    "79": 2,
    "45": 1,
    "168": 1,
    "62": 1,
    "21": 1,
    "33": 1,
    "175": 1,
    "32": 1,
    "118": 1,
    "30": 1,
    "86": 2,
    "34": 1,
    "49": 1
  }
}