{
  "schema": 1,
  "name": "bot-103",
  "first_seen": 1778364740.526263,
  "last_seen": 1778470887.945545,
  "episodes": 89,
  "score_total": 1403,
  "score_best": 284,
  "best_loadout": [
    0,
    0,
    0,
    0,
    0,
    0
  ],
  "killed_by": {
    "Beetle": 11,
    "Hornet": 30,
    "Cactus": 6,
    "bot-703": 2,
    "Soldier Ant": 2,
    "bot-605": 1,
    "Spider": 3,
    "bot-500": 2,
    "Centipede": 2,
    "Bee": 7,
    "Worker Ant": 5,
    "bot-704": 2,
    "bot-602": 2,
    "Sandstorm": 1,
    "bot-308": 2,
    "bot-307": 1,
    "Wasp": 1
  },
  "loadout_history": {
    "1": 62,
    "0": 79,
    "49": 1,
    "9": 1,
    "24": 1,
    "5": 1,
    "79": 1,
    "46": 1,
    "28": 1,
    "14": 1,
    "10": 1
  }
}