{
  "schema": 1,
  "name": "bot-83",
  "first_seen": 1778543180.756591,
  "last_seen": 1778624172.980169,
  "episodes": 430,
  "score_total": 72976,
  "score_best": 6062,
  "best_loadout": [
    0,
    0,
    0,
    0,
    0,
    0,
    0
  ],
  "killed_by": {
    "Evil Centipede": 4,
    "Hornet": 113,
    "Wasp": 79,
    "bot-78": 1,
    "Cactus": 26,
    "Bush": 11,
    "Spider": 10,
    "Sandstorm": 5,
    "Ladybug": 16,
    "Beetle": 14,
    "Rock": 8,
    "Mantis": 32,
    "bot-25": 2,
    "Bee": 24,
    "bot-79": 2,
    "bot-144": 1,
    "bot-56": 2,
    "bot-117": 2,
    "bot-99": 1,
    "bot-41": 2,
    "bot-87": 1,
    "Centipede": 6,
    "Baby Ant": 1,
    "bot-102": 1,
    "bot-52": 2,
    "zorr": 1,
    "bot-95": 1,
    "bot-45": 1,
    "gardn": 1,
    "bot-48": 1,
    "bot-27": 1,
    "bot-58": 1,
    "Leafbug": 3,
    "bot-32": 2,
    "bot-124": 1,
    "bot-94": 1,
    "bot-29": 2,
    "not bot": 2,
    "bot-23": 1,
    "bot-67": 1,
    "blossom": 1,
    "Worker Ant": 1,
    "bot-37": 8,
    "thornbloom": 1,
    "bot-60": 1,
    "bot-116": 1,
    "bot-109": 2,
    "rosie": 1,
    "bot-77": 1,
    "bot-108": 1,
    "bloom": 1,
    "bot-80": 1,
    "bot-50": 1,
    "bot-66": 1,
    "bot": 1,
    "bot-63": 1,
    "bot-73": 1,
    "bot-59": 1,
    "bot-119": 1,
    "bloomy": 1,
    "bot-114": 1,
    "bot-147": 1,
    "bot-54": 1,
    "bot-30": 1,
    "Scorpion": 1,
    "bot-91": 1
  },
  "loadout_history": {
    "0": 370,
    "1": 283,
    "28": 2,
    "19": 5,
    "24": 1,
    "5": 7,
    "14": 5,
    "79": 1,
    "15": 4,
    "7": 1,
    "26": 1,
    "9": 4,
    "34": 1,
    "18": 1,
    "22": 1,
    "30": 1,
    "21": 1,
    "6": 3,
    "10": 4,
    "8": 1,
    "25": 2
  }
}