{
  "schema": 1,
  "name": "bot-110",
  "first_seen": 1778364742.798528,
  "last_seen": 1778556797.332609,
  "episodes": 75,
  "score_total": 3290,
  "score_best": 231,
  "best_loadout": [
    5,
    0,
    0,
    0,
    0,
    0
  ],
  "killed_by": {
    "Spider": 2,
    "Hornet": 17,
    "Cactus": 5,
    "Leafbug": 3,
    "Bush": 2,
    "Mantis": 6,
    "Wasp": 10,
    "flower": 1,
    "Ladybug": 3,
    "Beetle": 3,
    "gardn": 1,
    "Bee": 2,
    "bot-73": 1,
    "bot-138": 1,
    "bot-65": 1,
    "bot-33": 1
  },
  "loadout_history": {
    "0": 66,
    "1": 52,
    "18": 4,
    "30": 1,
    "49": 1,
    "23": 1,
    "24": 1,
    "5": 4,
    "14": 3,
    "15": 3,
    "7": 1,
    "9": 1,
    "79": 2,
    "204": 1,
    "39": 1,
    "28": 1,
    "19": 1,
    "16": 1,
    "51": 1
  }
}