{
  "schema": 1,
  "name": "bot-62",
  "first_seen": 1778543463.372726,
  "last_seen": 1778623739.1164181,
  "episodes": 435,
  "score_total": 38593,
  "score_best": 2765,
  "best_loadout": [
    0,
    0,
    0,
    0,
    0,
    0,
    0
  ],
  "killed_by": {
    "Hornet": 107,
    "Evil Centipede": 8,
    "Wasp": 78,
    "Beetle": 18,
    "Rock": 6,
    "Centipede": 10,
    "Mantis": 59,
    "bot-27": 1,
    "Leafbug": 5,
    "bot-134": 1,
    "bot-103": 1,
    "bot-87": 2,
    "Bee": 25,
    "Spider": 10,
    "bot-135": 2,
    "Sandstorm": 3,
    "bot-108": 2,
    "bot-147": 1,
    "bot-41": 1,
    "bot-105": 1,
    "bot-89": 2,
    "Ladybug": 17,
    "bot-36": 1,
    "Cactus": 13,
    "bot-119": 1,
    "Scorpion": 4,
    "bot-55": 1,
    "bot-65": 1,
    "thorny": 1,
    "bot-123": 3,
    "bot-61": 1,
    "Worker Ant": 2,
    "bot-132": 1,
    "bot-44": 1,
    "bot-23": 1,
    "bot-130": 2,
    "bot-93": 1,
    "bot-112": 1,
    "bot-91": 1,
    "bot-107": 1,
    "bot-142": 1,
    "bot-58": 1,
    "bot-146": 1,
    "leafy": 1,
    "bot-66": 1,
    "bot-92": 1,
    "bot-126": 1,
    "bot-22": 1,
    "bot-42": 1,
    "bot-113": 1,
    "blossom-v2": 1,
    "bloomy": 1,
    "bot-32": 1,
    "Desert Centipede": 1,
    "bot-99": 1,
    "bot-34": 2,
    "aa": 1,
    "bot-110": 1,
    "bot-29": 1,
    "Bush": 2,
    "bot-121": 1,
    "bot-148": 1,
    "bot-106": 1,
    "bot-30": 1,
    "bot-74": 1,
    "bloom": 1
  },
  "loadout_history": {
    "0": 389,
    "1": 273,
    "69": 2,
    "51": 2,
    "79": 2,
    "14": 3,
    "25": 4,
    "28": 1,
    "9": 4,
    "5": 3,
    "12": 1,
    "49": 2,
    "33": 1,
    "24": 2,
    "167": 1,
    "34": 2,
    "58": 2,
    "20": 1,
    "7": 2,
    "92": 1,
    "15": 1,
    "83": 1,
    "48": 2,
    "18": 1,
    "19": 1,
    "11": 1,
    "29": 1
  }
}