{
  "schema": 1,
  "name": "bot-116",
  "first_seen": 1778364742.0010629,
  "last_seen": 1778471630.2589529,
  "episodes": 21,
  "score_total": 1363,
  "score_best": 1049,
  "best_loadout": [
    68,
    0,
    0,
    0,
    0,
    0
  ],
  "killed_by": {
    "Ladybug": 1,
    "Hornet": 5,
    "Beetle": 4,
    "Bee": 1,
    "Mantis": 2
  },
  "loadout_history": {
    "0": 15,
    "1": 17,
    "68": 1,
    "116": 1
  }
}