{
  "schema": 1,
  "name": "bot-59",
  "first_seen": 1778543498.623895,
  "last_seen": 1778623322.178028,
  "episodes": 429,
  "score_total": 77195,
  "score_best": 6812,
  "best_loadout": [
    0,
    0,
    0,
    0,
    1,
    0,
    0,
    0
  ],
  "killed_by": {
    "Beetle": 12,
    "Hornet": 104,
    "Wasp": 75,
    "Mantis": 44,
    "bot-52": 1,
    "petalpop": 1,
    "Cactus": 20,
    "bot-106": 1,
    "bot-112": 1,
    "Sandstorm": 6,
    "Ladybug": 34,
    "Evil Centipede": 4,
    "Leafbug": 2,
    "bot-143": 6,
    "bot-134": 2,
    "Desert Centipede": 3,
    "bot-104": 2,
    "Spider": 8,
    "bot-54": 2,
    "Bee": 23,
    "bot-75": 1,
    "bot-80": 2,
    "Bush": 4,
    "Centipede": 7,
    "bot-117": 8,
    "bot-83": 1,
    "bot-121": 2,
    "blossom-v2": 1,
    "Worker Ant": 2,
    "bot-139": 1,
    "bot-122": 1,
    "Rock": 5,
    "bot-57": 1,
    "bot-32": 1,
    "bot-92": 2,
    "bot-142": 1,
    "bot-67": 1,
    "bot-96": 2,
    "a": 1,
    "bot-29": 1,
    "bot-149": 1,
    "bot-24": 1,
    "bot-145": 1,
    "bot-125": 1,
    "bot-140": 1,
    "prickly": 1,
    "bot-93": 2,
    "bot-72": 1,
    "Scorpion": 1,
    "bot-76": 1,
    "bot-51": 1,
    "bot-123": 1,
    "bot-35": 1,
    "thornbloom": 1,
    "bot-81": 1,
    "rosie": 1,
    "Baby Ant": 2,
    "bot-40": 1,
    "bot-89": 1
  },
  "loadout_history": {
    "0": 380,
    "1": 267,
    "39": 1,
    "28": 4,
    "5": 9,
    "14": 8,
    "116": 1,
    "18": 6,
    "24": 1,
    "48": 1,
    "10": 3,
    "6": 2,
    "56": 1,
    "11": 1,
    "167": 1,
    "49": 3,
    "15": 3,
    "19": 2,
    "35": 1,
    "61": 1,
    "83": 1,
    "9": 2,
    "34": 1,
    "29": 1,
    "23": 1,
    "27": 1,
    "31": 1
  }
}