{
  "schema": 1,
  "name": "bot-108",
  "first_seen": 1778364741.45984,
  "last_seen": 1778556773.551712,
  "episodes": 67,
  "score_total": 3805,
  "score_best": 304,
  "best_loadout": [
    11,
    0,
    0,
    0,
    0,
    0
  ],
  "killed_by": {
    "Cactus": 2,
    "Hornet": 15,
    "bot-304": 1,
    "Bush": 2,
    "Wasp": 7,
    "Sandstorm": 3,
    "Beetle": 6,
    "bot-56": 1,
    "Leafbug": 1,
    "Mantis": 5,
    "bot": 1,
    "bot-145": 1,
    "flower": 1,
    "Scorpion": 1,
    "bot-146": 1,
    "Bee": 1,
    "bot-86": 1,
    "bot-58": 1
  },
  "loadout_history": {
    "1": 47,
    "15": 1,
    "0": 54,
    "5": 4,
    "14": 6,
    "64": 1,
    "29": 1,
    "25": 1,
    "16": 1,
    "28": 3,
    "11": 1,
    "39": 1,
    "24": 1,
    "6": 1,
    "49": 1,
    "18": 3,
    "20": 1
  }
}