{
  "schema": 1,
  "name": "bot-qusm",
  "first_seen": 1778124058.4127092,
  "last_seen": 1778126383.1053948,
  "episodes": 23,
  "score_total": 1581,
  "score_best": 883,
  "best_loadout": [
    55,
    77,
    26,
    55,
    26,
    26
  ],
  "killed_by": {
    "bot-rzjs": 1,
    "florrio": 2,
    "bot-kfbj": 2,
    "rosie": 1,
    "root": 1,
    "aa": 1,
    "Soldier Ant": 1,
    "Bee": 2,
    "Rock": 1,
    "Spider": 1,
    "Hornet": 5,
    "bot-ipnq": 1,
    "Cactus": 1
  },
  "loadout_history": {
    "1": 16,
    "35": 3,
    "6": 4,
    "23": 5,
    "24": 4,
    "18": 5,
    "40": 4,
    "10": 3,
    "19": 1,
    "48": 1,
    "5": 3,
    "9": 3,
    "16": 1,
    "7": 1,
    "26": 1,
    "77": 1,
    "55": 1,
    "15": 1,
    "36": 2,
    "38": 1,
    "76": 1,
    "47": 1,
    "51": 2,
    "46": 1,
    "34": 2,
    "25": 1,
    "11": 1
  }
}