{
  "schema": 1,
  "name": "bot-149",
  "first_seen": 1778543609.035601,
  "last_seen": 1778624238.187274,
  "episodes": 472,
  "score_total": 58529,
  "score_best": 5160,
  "best_loadout": [
    0,
    1,
    0,
    0,
    0,
    0,
    0
  ],
  "killed_by": {
    "Beetle": 22,
    "Hornet": 123,
    "Wasp": 80,
    "bloomy": 2,
    "Centipede": 7,
    "Bee": 31,
    "Cactus": 26,
    "Desert Centipede": 4,
    "Scorpion": 3,
    "Evil Centipede": 7,
    "Ladybug": 16,
    "bot-148": 1,
    "bot-78": 2,
    "Mantis": 48,
    "bot-71": 1,
    "bot-56": 1,
    "bot-83": 1,
    "bot-44": 1,
    "Leafbug": 3,
    "Rock": 4,
    "Spider": 14,
    "Worker Ant": 3,
    "bot-40": 1,
    "Sandstorm": 5,
    "Baby Ant": 2,
    "bot-98": 2,
    "bot-82": 1,
    "bot-33": 1,
    "bot-107": 1,
    "bot-52": 2,
    "bot-89": 1,
    "bot-22": 1,
    "bot": 1,
    "prickly": 1,
    "bot-86": 2,
    "bot-126": 1,
    "bot-123": 1,
    "bot-23": 1,
    "bot-37": 1,
    "bot-46": 1,
    "bot-63": 2,
    "bot-68": 2,
    "aa": 1,
    "bot-117": 2,
    "bot-140": 1,
    "bot-26": 2,
    "bot-102": 1,
    "bot-61": 1,
    "bot-131": 3,
    "bot-53": 1,
    "67": 1,
    "bot-79": 1,
    "bot-87": 1,
    "leafy": 1,
    "bot-36": 1,
    "petalpop": 2,
    "bot-95": 1,
    "bot-41": 1,
    "bot-45": 1,
    "zorr": 3,
    "gardn": 1,
    "Bush": 3,
    "bot-142": 1,
    "bot-28": 1,
    "bot-144": 1,
    "bot-62": 1,
    "bot-69": 1
  },
  "loadout_history": {
    "0": 411,
    "1": 305,
    "5": 2,
    "14": 11,
    "51": 1,
    "9": 4,
    "15": 4,
    "28": 2,
    "205": 1,
    "11": 1,
    "34": 1,
    "24": 4,
    "33": 1,
    "10": 2,
    "19": 2,
    "29": 2,
    "47": 1,
    "176": 1,
    "93": 1,
    "39": 1,
    "17": 2,
    "26": 1,
    "18": 1,
    "7": 2,
    "25": 1,
    "6": 1,
    "83": 1,
    "54": 1,
    "58": 1
  }
}