{
  "schema": 1,
  "name": "bot-63",
  "first_seen": 1778543126.068172,
  "last_seen": 1779316726.47871,
  "episodes": 1469,
  "score_total": 222627,
  "score_best": 10135,
  "best_loadout": [
    0,
    0,
    0,
    0,
    0,
    0,
    0,
    0
  ],
  "killed_by": {
    "Hornet": 366,
    "Mantis": 110,
    "Sandstorm": 27,
    "Wasp": 263,
    "bot-50": 5,
    "Beetle": 82,
    "bot-41": 2,
    "Cactus": 106,
    "Ladybug": 58,
    "Evil Centipede": 17,
    "Spider": 52,
    "Scorpion": 16,
    "bot-59": 2,
    "Bee": 86,
    "Leafbug": 24,
    "Centipede": 40,
    "rosie": 4,
    "bot-29": 1,
    "Bush": 12,
    "Rock": 9,
    "bot-149": 1,
    "Desert Centipede": 18,
    "bot-122": 1,
    "flower": 4,
    "bot-116": 1,
    "bot-131": 2,
    "bot-96": 5,
    "bot-145": 4,
    "a": 2,
    "bot-84": 1,
    "bot-79": 1,
    "bot-123": 4,
    "bot-75": 1,
    "bot-71": 1,
    "bot-85": 1,
    "thorn": 3,
    "bot-140": 1,
    "bot-48": 2,
    "bot-120": 1,
    "bot-45": 1,
    "bot-37": 1,
    "bot-142": 1,
    "bot-92": 2,
    "bot-118": 1,
    "leafy": 2,
    "bot-61": 1,
    "bot-54": 2,
    "Worker Ant": 3,
    "Soldier Ant": 5,
    "bot-24": 2,
    "thorny": 1,
    "bot-128": 1,
    "bot-112": 4,
    "blossom-v2": 1,
    "bot-23": 1,
    "bot-69": 2,
    "bot-125": 4,
    "bot-30": 1,
    "bot-141": 1,
    "bot-147": 1,
    "bot-65": 1,
    "bot-110": 1,
    "Baby Ant": 1,
    "bot-102": 4,
    "bot-56": 3,
    "bot-88": 5,
    "bot-62": 1,
    "bot-67": 2,
    "bot-124": 3,
    "bloom": 2,
    "bot-104": 3,
    "prickly": 1,
    "bot-28": 1,
    "bot-51": 3,
    "bot-52": 2,
    "bot-86": 1,
    "bot-64": 1,
    "bot-26": 1,
    "bot-72": 1,
    "bot-103": 1,
    "bot-66": 2,
    "bot-38": 1,
    "bot-138": 1,
    "aa": 1,
    "bot-111": 1,
    "bot-46": 2,
    "blossom": 1,
    "bot-144": 1,
    "bot-36": 1,
    "bot-90": 1,
    "bloomy": 1,
    "bot-57": 1,
    "bot-107": 2,
    "bot-93": 2,
    "bot-87": 1,
    "bot-78": 1,
    "bot-60": 1,
    "hello": 1,
    "bot-94": 1,
    "bot-95": 1,
    "bot-27": 1,
    "bot-101": 2,
    "bot-89": 1,
    "bot-34": 2,
    "bot-76": 1,
    "bot-44": 1,
    "bot-129": 2,
    "bot-136": 1
  },
  "loadout_history": {
    "0": 1260,
    "1": 1036,
    "29": 4,
    "11": 3,
    "15": 16,
    "24": 15,
    "25": 4,
    "18": 9,
    "5": 23,
    "28": 8,
    "14": 19,
    "30": 3,
    "167": 3,
    "9": 15,
    "51": 3,
    "6": 7,
    "7": 5,
    "16": 8,
    "180": 1,
    "34": 3,
    "13": 2,
    "79": 4,
    "10": 3,
    "109": 1,
    "20": 3,
    "113": 1,
    "36": 1,
    "60": 1,
    "33": 2,
    "147": 1,
    "61": 1,
    "107": 1,
    "58": 3,
    "8": 1,
    "171": 1,
    "21": 1,
    "23": 2,
    "117": 1,
    "84": 1,
    "46": 1,
    "49": 2,
    "45": 1,
    "48": 1,
    "116": 2,
    "64": 1,
    "19": 1,
    "17": 1,
    "40": 1
  }
}