{
  "schema": 1,
  "name": "bot-120",
  "first_seen": 1778543185.1745331,
  "last_seen": 1779316551.590709,
  "episodes": 1474,
  "score_total": 247633,
  "score_best": 10055,
  "best_loadout": [
    0,
    0,
    0,
    0,
    0,
    0,
    0,
    0
  ],
  "killed_by": {
    "Hornet": 399,
    "Wasp": 264,
    "Beetle": 67,
    "Mantis": 107,
    "bot-58": 2,
    "Rock": 11,
    "Bee": 103,
    "bot-95": 3,
    "Evil Centipede": 24,
    "bot-53": 5,
    "thorn": 1,
    "Scorpion": 14,
    "Spider": 58,
    "prickly": 2,
    "bot-106": 2,
    "Desert Centipede": 7,
    "Cactus": 69,
    "bot-91": 2,
    "thorny": 2,
    "bot-135": 2,
    "Baby Ant": 3,
    "Centipede": 33,
    "Ladybug": 61,
    "bot-85": 2,
    "bot-83": 1,
    "gardn": 3,
    "petalpop": 3,
    "bot-77": 3,
    "Leafbug": 17,
    "Bush": 22,
    "bot-94": 2,
    "bot-49": 1,
    "bot-105": 1,
    "bot-128": 2,
    "bot-32": 2,
    "bot-137": 1,
    "bot-36": 3,
    "bot-86": 7,
    "bot-125": 1,
    "bot": 3,
    "bot-43": 2,
    "bot-130": 2,
    "bot-31": 1,
    "Soldier Ant": 2,
    "leafy": 1,
    "bot-104": 4,
    "bot-24": 1,
    "bot-42": 2,
    "bot-126": 2,
    "bot-46": 1,
    "bot-37": 1,
    "bot-111": 3,
    "thornbloom": 1,
    "bot-123": 2,
    "bot-116": 1,
    "bot-110": 1,
    "bot-147": 1,
    "bot-134": 1,
    "bot-59": 1,
    "a": 1,
    "bot-117": 1,
    "bot-73": 1,
    "67": 2,
    "bot-146": 2,
    "bot-79": 2,
    "bot-81": 1,
    "Sandstorm": 10,
    "bot-27": 1,
    "bot-97": 2,
    "bot-65": 3,
    "bot-57": 5,
    "bot-100": 1,
    "bot-66": 2,
    "bot-78": 2,
    "bot-75": 3,
    "zorr": 2,
    "Worker Ant": 4,
    "bot-61": 1,
    "bot-89": 3,
    "bot-127": 1,
    "bot-140": 2,
    "bot-60": 5,
    "bot-143": 1,
    "florrio": 1,
    "bot-99": 2,
    "rosie": 2,
    "bot-28": 4,
    "bot-132": 2,
    "bot-67": 4,
    "bot-71": 4,
    "bot-142": 1,
    "hello": 1,
    "bot-26": 1,
    "bot-136": 1,
    "bot-55": 2,
    "bot-34": 1,
    "bot-88": 1,
    "bot-25": 1,
    "bot-69": 1,
    "bot-76": 3,
    "bot-101": 5,
    "bot-63": 1,
    "bot-29": 1,
    "bot-102": 1,
    "root": 1,
    "bot-64": 1,
    "bot-23": 2,
    "bot-52": 2,
    "bot-30": 1,
    "bot-39": 2,
    "bot-133": 1,
    "bot-114": 3
  },
  "loadout_history": {
    "0": 1252,
    "1": 1050,
    "34": 8,
    "14": 22,
    "28": 5,
    "19": 5,
    "18": 11,
    "5": 31,
    "25": 8,
    "6": 19,
    "39": 1,
    "15": 13,
    "24": 16,
    "11": 6,
    "10": 8,
    "21": 3,
    "16": 2,
    "7": 5,
    "17": 3,
    "20": 1,
    "51": 2,
    "97": 2,
    "172": 1,
    "69": 1,
    "29": 7,
    "37": 1,
    "35": 4,
    "46": 4,
    "9": 11,
    "26": 2,
    "159": 1,
    "36": 1,
    "180": 4,
    "84": 1,
    "33": 6,
    "13": 2,
    "58": 2,
    "175": 1,
    "38": 1,
    "167": 6,
    "23": 3,
    "116": 3,
    "32": 1,
    "27": 1,
    "8": 2,
    "56": 1,
    "12": 1,
    "83": 1,
    "54": 1,
    "30": 1,
    "79": 2,
    "205": 2,
    "62": 1,
    "41": 2,
    "48": 1,
    "117": 2,
    "52": 1,
    "40": 2,
    "204": 1
  }
}