{
  "schema": 1,
  "name": "bot-98",
  "first_seen": 1778543168.548741,
  "last_seen": 1778727509.8520794,
  "episodes": 1161,
  "score_total": 196832,
  "score_best": 5255,
  "best_loadout": [
    0,
    0,
    0,
    0,
    0,
    0,
    0
  ],
  "killed_by": {
    "Hornet": 254,
    "Mantis": 115,
    "Beetle": 34,
    "Spider": 45,
    "bot-121": 2,
    "Wasp": 245,
    "bloomy": 2,
    "bot-149": 3,
    "bot-58": 1,
    "Sandstorm": 31,
    "bot-87": 2,
    "bot-104": 2,
    "zorr": 4,
    "Baby Ant": 5,
    "Bee": 67,
    "bot-106": 2,
    "bot-133": 2,
    "Cactus": 66,
    "bot-34": 2,
    "bot-30": 4,
    "bot-24": 1,
    "Rock": 14,
    "Ladybug": 48,
    "Leafbug": 16,
    "bot-53": 3,
    "bot-109": 2,
    "thorny": 2,
    "bot-90": 1,
    "leafy": 2,
    "bot-38": 5,
    "Desert Centipede": 11,
    "bot-92": 2,
    "Scorpion": 5,
    "bot-81": 1,
    "bloom": 5,
    "bot-43": 3,
    "petalpop": 1,
    "Evil Centipede": 11,
    "Centipede": 28,
    "bot-33": 3,
    "Bush": 9,
    "bot-39": 4,
    "bot-148": 1,
    "bot-132": 2,
    "bot-125": 1,
    "bot-31": 1,
    "bot-91": 2,
    "bot-42": 2,
    "bot-59": 1,
    "bot-85": 1,
    "bot-68": 1,
    "bot-48": 1,
    "bot-35": 1,
    "thornbloom": 1,
    "bot-119": 1,
    "Worker Ant": 5,
    "aa": 1,
    "bot-103": 1,
    "thorn": 2,
    "bot-22": 4,
    "bot-114": 1,
    "bot-46": 1,
    "bot-79": 1,
    "bot-45": 2,
    "bot-110": 1,
    "bot-25": 2,
    "bot-80": 1,
    "bot-101": 1,
    "bot-84": 1,
    "bot-99": 2,
    "blossom": 1,
    "bot-143": 1,
    "bot-78": 1,
    "Soldier Ant": 1,
    "bot-146": 1,
    "gardn": 2,
    "bot-63": 1,
    "bot-93": 1,
    "bot-102": 1,
    "bot-126": 1,
    "bot-56": 4,
    "bot-122": 2,
    "bot-113": 1,
    "bot-72": 1,
    "bot-100": 1,
    "bot": 1,
    "prickly": 1,
    "bot-137": 1,
    "bot-26": 1,
    "blossom-v2": 3,
    "bot-123": 1,
    "bot-60": 1,
    "bot-141": 2,
    "bot-136": 1,
    "bot-69": 1,
    "bot-36": 1,
    "rosie": 1,
    "bot-54": 1,
    "sussy": 1,
    "bot-124": 1,
    "bot-47": 1,
    "bot-77": 1
  },
  "loadout_history": {
    "0": 988,
    "1": 825,
    "5": 10,
    "45": 3,
    "19": 4,
    "28": 1,
    "18": 7,
    "25": 4,
    "34": 4,
    "6": 12,
    "37": 1,
    "35": 3,
    "23": 1,
    "7": 4,
    "14": 18,
    "15": 15,
    "79": 5,
    "30": 2,
    "20": 4,
    "204": 1,
    "12": 4,
    "83": 1,
    "9": 7,
    "17": 2,
    "107": 1,
    "24": 8,
    "16": 3,
    "13": 2,
    "11": 1,
    "27": 1,
    "22": 1,
    "175": 1,
    "123": 1,
    "180": 2,
    "112": 1,
    "32": 1,
    "29": 1,
    "168": 1,
    "48": 1,
    "64": 1
  }
}