{
  "schema": 1,
  "name": "bot-117",
  "first_seen": 1778364742.580827,
  "last_seen": 1778638710.8359501,
  "episodes": 621,
  "score_total": 80476,
  "score_best": 5354,
  "best_loadout": [
    0,
    1,
    1,
    1,
    0,
    0,
    0
  ],
  "killed_by": {
    "Hornet": 142,
    "Worker Ant": 5,
    "Wasp": 112,
    "Mantis": 68,
    "Scorpion": 4,
    "Centipede": 19,
    "bot-99": 1,
    "Sandstorm": 6,
    "Cactus": 32,
    "bot-126": 2,
    "Beetle": 25,
    "Bee": 40,
    "bot-101": 1,
    "bot-37": 2,
    "bot-108": 3,
    "bot-32": 1,
    "bot-146": 1,
    "Ladybug": 34,
    "Spider": 15,
    "Rock": 3,
    "Leafbug": 5,
    "Bush": 3,
    "flower": 4,
    "bot-114": 1,
    "bot-64": 2,
    "bot-27": 2,
    "bot-90": 2,
    "Desert Centipede": 6,
    "bot-73": 1,
    "rosie": 1,
    "bot-106": 1,
    "bot-46": 1,
    "bot-80": 1,
    "bot-125": 1,
    "petalpop": 3,
    "blossom-v2": 1,
    "bot-145": 1,
    "bot-28": 4,
    "bot-83": 1,
    "bot-143": 1,
    "bot-51": 3,
    "bot-35": 1,
    "Evil Centipede": 3,
    "bot-63": 1,
    "bot-70": 1,
    "Baby Ant": 2,
    "bot-87": 2,
    "bot-96": 1,
    "bot-98": 2,
    "bot-109": 1,
    "bloomy": 1,
    "bot-81": 1,
    "bot-62": 1,
    "bot-121": 1,
    "bot-134": 1,
    "bot-52": 1,
    "bot-50": 1,
    "bot-116": 1,
    "bot-34": 1,
    "blossom": 5,
    "bot-149": 1,
    "bot-53": 2,
    "bot-45": 1,
    "leafy": 2,
    "bot-56": 1,
    "bot-139": 2,
    "bot": 2,
    "bot-147": 1,
    "bot-33": 1,
    "bot-97": 2,
    "bot-95": 1,
    "bot-123": 1
  },
  "loadout_history": {
    "1": 438,
    "0": 534,
    "16": 5,
    "9": 3,
    "18": 3,
    "34": 2,
    "10": 6,
    "5": 8,
    "79": 2,
    "49": 2,
    "39": 1,
    "19": 6,
    "6": 6,
    "24": 7,
    "15": 7,
    "14": 9,
    "167": 1,
    "20": 2,
    "17": 3,
    "58": 1,
    "35": 1,
    "181": 1,
    "51": 1,
    "7": 3,
    "83": 1,
    "36": 1,
    "33": 1,
    "64": 1
  }
}