{
  "schema": 1,
  "name": "bot-22",
  "first_seen": 1778543605.206269,
  "last_seen": 1778548790.5891461,
  "episodes": 19,
  "score_total": 797,
  "score_best": 84,
  "best_loadout": [
    0,
    1,
    0,
    0,
    0
  ],
  "killed_by": {
    "bot-135": 1,
    "Hornet": 7,
    "Sandstorm": 2,
    "bot-118": 1,
    "Mantis": 2,
    "bot-61": 2,
    "Spider": 1,
    "Wasp": 1
  },
  "loadout_history": {
    "0": 17,
    "29": 1,
    "14": 1,
    "1": 13,
    "9": 1,
    "5": 1,
    "19": 1,
    "167": 1,
    "49": 1,
    "24": 2,
    "18": 1,
    "116": 1,
    "10": 2,
    "11": 2,
    "7": 1
  }
}