{
  "schema": 1,
  "name": "bot-48",
  "first_seen": 1778543455.3588312,
  "last_seen": 1778713181.687123,
  "episodes": 1269,
  "score_total": 252938,
  "score_best": 7751,
  "best_loadout": [
    0,
    0,
    0,
    1,
    0,
    1,
    0,
    0
  ],
  "killed_by": {
    "Beetle": 50,
    "Wasp": 246,
    "Hornet": 296,
    "Bush": 14,
    "bot-22": 2,
    "Mantis": 101,
    "Cactus": 78,
    "blossom": 2,
    "bot-141": 2,
    "Bee": 104,
    "Sandstorm": 9,
    "Soldier Ant": 6,
    "bot-33": 2,
    "Desert Centipede": 15,
    "bot-28": 1,
    "Evil Centipede": 11,
    "Centipede": 37,
    "bot-82": 1,
    "Spider": 34,
    "Scorpion": 6,
    "Ladybug": 77,
    "bot-100": 4,
    "Worker Ant": 2,
    "bot-145": 2,
    "bot-35": 1,
    "Rock": 12,
    "bot-85": 1,
    "bot-148": 1,
    "bot-40": 1,
    "bot-89": 2,
    "bot-64": 2,
    "not bot": 1,
    "bot-24": 2,
    "Leafbug": 24,
    "bot-128": 1,
    "bot-61": 1,
    "bot-84": 2,
    "Baby Ant": 2,
    "bot-124": 4,
    "bot-37": 2,
    "bot-98": 2,
    "bot-27": 1,
    "prickly": 2,
    "bot-119": 3,
    "bot-52": 2,
    "bot-139": 1,
    "bot-26": 2,
    "bot-91": 1,
    "florrio": 1,
    "bot-32": 1,
    "bot-46": 1,
    "bot-38": 2,
    "bot-129": 2,
    "bot-127": 7,
    "bot-49": 2,
    "bot-36": 2,
    "zorr": 1,
    "thornbloom": 2,
    "bot-74": 2,
    "bot-60": 1,
    "bot-102": 1,
    "bot-65": 1,
    "bot-113": 2,
    "bot-39": 1,
    "bot-34": 2,
    "bot-116": 2,
    "bot-96": 2,
    "bot-95": 1,
    "bot-77": 3,
    "bot-106": 1,
    "bot-86": 3,
    "bot-59": 2,
    "bot-75": 1,
    "gardn": 1,
    "bot-144": 1,
    "bot-94": 1,
    "bot-57": 1,
    "bot-90": 1,
    "bot-73": 1,
    "thorn": 2,
    "bot-72": 2,
    "bot-31": 1,
    "bot-55": 1,
    "bot-66": 1,
    "bot-56": 1,
    "leafy": 2,
    "bot-58": 1,
    "flower": 1,
    "bloomy": 1,
    "thorny": 2,
    "bot-109": 1,
    "bot-53": 1,
    "blossom-v2": 1,
    "bot-135": 1,
    "bot-42": 1,
    "bot-45": 1,
    "Ant Hole": 1,
    "67": 1,
    "aa": 1,
    "bot-133": 1,
    "petalpop": 2,
    "root": 1,
    "bot-67": 1
  },
  "loadout_history": {
    "0": 1073,
    "1": 902,
    "5": 20,
    "116": 3,
    "18": 5,
    "167": 4,
    "16": 8,
    "10": 6,
    "14": 13,
    "46": 1,
    "9": 10,
    "15": 9,
    "48": 2,
    "19": 5,
    "28": 5,
    "29": 3,
    "51": 3,
    "33": 2,
    "92": 1,
    "6": 8,
    "11": 3,
    "60": 1,
    "7": 2,
    "13": 1,
    "58": 1,
    "23": 2,
    "34": 3,
    "25": 3,
    "83": 2,
    "84": 2,
    "24": 4,
    "8": 2,
    "35": 2,
    "20": 2,
    "27": 1,
    "79": 1,
    "176": 1,
    "49": 1,
    "22": 1,
    "117": 1,
    "37": 1
  }
}