{
  "schema": 1,
  "name": "bot-127",
  "first_seen": 1778543800.252141,
  "last_seen": 1778623395.968272,
  "episodes": 418,
  "score_total": 46169,
  "score_best": 5028,
  "best_loadout": [
    9,
    0,
    0,
    0,
    0,
    0,
    0
  ],
  "killed_by": {
    "bot-22": 1,
    "Beetle": 16,
    "Hornet": 93,
    "Wasp": 81,
    "Cactus": 29,
    "bot-142": 1,
    "bot-55": 1,
    "bot-23": 1,
    "Bee": 26,
    "Mantis": 51,
    "Ladybug": 8,
    "Desert Centipede": 2,
    "bot-131": 1,
    "bot-139": 1,
    "rosie": 1,
    "bot-129": 2,
    "bot-82": 1,
    "bot-49": 1,
    "bot-133": 2,
    "Spider": 8,
    "Evil Centipede": 4,
    "Rock": 2,
    "Sandstorm": 1,
    "Leafbug": 8,
    "Centipede": 10,
    "bot-85": 4,
    "bot-104": 1,
    "bot-53": 1,
    "bot-24": 1,
    "bot-87": 1,
    "bot-116": 1,
    "bot-28": 1,
    "bot-88": 1,
    "bot-124": 1,
    "Soldier Ant": 1,
    "bot-76": 1,
    "bot-46": 1,
    "gardn": 1,
    "bot-144": 1,
    "Scorpion": 5,
    "bot-113": 1,
    "blossom": 1,
    "bot-112": 1,
    "bot-108": 1,
    "bot-90": 1,
    "bot-42": 1,
    "bot-138": 2,
    "bot-103": 1,
    "bot-39": 2,
    "bot-120": 1,
    "bot-84": 1,
    "bot-29": 1,
    "bot-72": 1,
    "bot-59": 2,
    "bot-69": 3,
    "bot-89": 1,
    "bot-75": 1,
    "hello": 1,
    "a": 1,
    "Worker Ant": 1,
    "bot-92": 1,
    "bot-65": 1,
    "bot-96": 1,
    "bot-123": 1,
    "Baby Ant": 1,
    "flower": 1,
    "Bush": 2,
    "bot-68": 1,
    "bot-32": 1,
    "zorr": 1
  },
  "loadout_history": {
    "0": 360,
    "49": 1,
    "28": 3,
    "39": 1,
    "1": 265,
    "18": 3,
    "79": 4,
    "5": 5,
    "24": 3,
    "11": 3,
    "15": 6,
    "9": 4,
    "51": 1,
    "10": 3,
    "14": 4,
    "34": 2,
    "25": 1,
    "171": 1,
    "19": 2,
    "54": 1,
    "6": 1,
    "16": 1,
    "26": 1,
    "20": 1,
    "7": 2
  }
}