{
  "schema": 1,
  "name": "bot-143",
  "first_seen": 1778543535.476518,
  "last_seen": 1778624240.20635,
  "episodes": 507,
  "score_total": 96316,
  "score_best": 7748,
  "best_loadout": [
    0,
    0,
    1,
    0,
    0,
    0,
    0,
    0
  ],
  "killed_by": {
    "bot-96": 1,
    "Hornet": 139,
    "Wasp": 82,
    "Beetle": 24,
    "bot-108": 2,
    "Mantis": 54,
    "bot-100": 1,
    "bot-40": 2,
    "bot-120": 2,
    "Cactus": 26,
    "bloom": 1,
    "Evil Centipede": 3,
    "rosie": 1,
    "Bee": 28,
    "Scorpion": 3,
    "bot-38": 1,
    "Centipede": 20,
    "bot-130": 1,
    "bot-44": 1,
    "bot-117": 1,
    "bot-64": 1,
    "bot-58": 1,
    "Sandstorm": 7,
    "Ladybug": 19,
    "Spider": 12,
    "Bush": 5,
    "bot-98": 2,
    "bot-81": 1,
    "Worker Ant": 3,
    "thorn": 1,
    "not bot": 5,
    "bot-53": 1,
    "bot-82": 1,
    "bot-32": 1,
    "prickly": 2,
    "bot-51": 1,
    "Rock": 4,
    "bot-55": 1,
    "Baby Ant": 1,
    "bot-91": 1,
    "bot-93": 1,
    "bot-123": 1,
    "bot-25": 4,
    "flower": 1,
    "bot-31": 1,
    "bot-137": 2,
    "bot-36": 1,
    "bot-85": 2,
    "root": 2,
    "bot-24": 1,
    "bot-56": 1,
    "bot-22": 1,
    "bot-113": 1,
    "Leafbug": 1,
    "bot-95": 1,
    "Desert Centipede": 2,
    "leafy": 1,
    "bot-121": 4,
    "bot-97": 7,
    "bot-94": 1
  },
  "loadout_history": {
    "0": 443,
    "1": 356,
    "167": 3,
    "24": 4,
    "39": 1,
    "6": 5,
    "9": 5,
    "14": 10,
    "25": 2,
    "10": 4,
    "5": 4,
    "19": 4,
    "68": 1,
    "204": 1,
    "46": 1,
    "8": 1,
    "16": 3,
    "15": 2,
    "58": 1,
    "11": 1,
    "27": 1,
    "26": 1,
    "28": 1,
    "7": 3,
    "35": 1,
    "23": 1,
    "22": 1
  }
}