{
  "schema": 1,
  "name": "bot-142",
  "first_seen": 1778543492.261076,
  "last_seen": 1778623406.087619,
  "episodes": 418,
  "score_total": 79139,
  "score_best": 5090,
  "best_loadout": [
    0,
    0,
    1,
    1,
    0,
    0,
    0
  ],
  "killed_by": {
    "Beetle": 15,
    "Hornet": 96,
    "Evil Centipede": 5,
    "Mantis": 33,
    "Bee": 28,
    "Wasp": 83,
    "Scorpion": 3,
    "Bush": 3,
    "bot-140": 1,
    "bot-23": 2,
    "Sandstorm": 6,
    "Cactus": 23,
    "bot-30": 1,
    "bot-61": 1,
    "bot-67": 2,
    "gardn": 1,
    "bot-81": 1,
    "bot-102": 1,
    "Ladybug": 12,
    "Centipede": 13,
    "not bot": 1,
    "bot-139": 1,
    "bot-48": 2,
    "bot-24": 1,
    "Leafbug": 6,
    "Spider": 11,
    "Soldier Ant": 3,
    "bot-101": 1,
    "bot-79": 1,
    "Desert Centipede": 8,
    "bot-74": 1,
    "bot-78": 1,
    "Baby Ant": 3,
    "bot-56": 1,
    "bot-144": 1,
    "Worker Ant": 1,
    "bot-26": 2,
    "bot-116": 3,
    "bot-114": 1,
    "bot": 2,
    "thorn": 1,
    "bot-97": 1,
    "bot-50": 2,
    "bot-113": 1,
    "bot-84": 3,
    "petalpop": 1,
    "bot-47": 1,
    "bot-75": 1,
    "root": 1,
    "bot-89": 1,
    "bot-127": 2,
    "blossom-v2": 1,
    "bot-123": 1,
    "bot-99": 1,
    "bot-91": 1,
    "bot-80": 1,
    "bot-55": 1,
    "bot-121": 1,
    "bot-134": 4,
    "bot-149": 1,
    "bot-115": 1,
    "bot-33": 1,
    "bot-120": 1
  },
  "loadout_history": {
    "0": 380,
    "1": 266,
    "14": 3,
    "45": 1,
    "5": 5,
    "167": 2,
    "25": 2,
    "35": 1,
    "58": 2,
    "15": 1,
    "24": 3,
    "7": 1,
    "18": 1,
    "9": 4,
    "11": 1,
    "33": 1,
    "6": 1,
    "29": 2,
    "26": 1,
    "19": 1,
    "10": 1,
    "28": 1
  }
}