{
  "schema": 1,
  "name": "bot-73",
  "first_seen": 1778543181.8947861,
  "last_seen": 1778638530.4023209,
  "episodes": 551,
  "score_total": 91515,
  "score_best": 5090,
  "best_loadout": [
    0,
    0,
    0,
    0,
    1,
    0,
    0
  ],
  "killed_by": {
    "Wasp": 93,
    "bot-89": 1,
    "bot-64": 2,
    "Mantis": 46,
    "bot-119": 2,
    "Hornet": 119,
    "hello": 1,
    "Desert Centipede": 5,
    "Evil Centipede": 9,
    "Bee": 41,
    "bot-51": 2,
    "Beetle": 15,
    "Cactus": 36,
    "Spider": 24,
    "bot-54": 2,
    "bot-32": 1,
    "bot-25": 2,
    "zorr": 1,
    "Scorpion": 1,
    "florrio": 1,
    "Ladybug": 20,
    "bot-84": 2,
    "Bush": 13,
    "bot-76": 1,
    "bot-103": 2,
    "bot-127": 1,
    "Rock": 5,
    "Leafbug": 7,
    "Centipede": 13,
    "bot-55": 3,
    "bot-111": 2,
    "Baby Ant": 2,
    "Sandstorm": 13,
    "bot-49": 1,
    "bot-58": 2,
    "bot-52": 1,
    "bot-74": 1,
    "bot-107": 2,
    "bot-96": 4,
    "thornbloom": 1,
    "bot-133": 3,
    "bot-123": 1,
    "bot-131": 4,
    "bot-140": 1,
    "bot-31": 1,
    "bot-86": 1,
    "bot-92": 2,
    "bot-145": 1,
    "bot-99": 2,
    "Worker Ant": 3,
    "bot-66": 1,
    "bot-115": 1,
    "bot-121": 1,
    "bloom": 3,
    "bot-128": 1,
    "bot-59": 1,
    "a": 1,
    "Soldier Ant": 1,
    "bot-67": 1,
    "bot-139": 1,
    "bloomy": 1,
    "bot-135": 2,
    "bot-113": 1,
    "bot-141": 1,
    "bot-60": 1,
    "bot-28": 1,
    "bot-90": 1,
    "bot-34": 1,
    "bot-100": 1
  },
  "loadout_history": {
    "0": 474,
    "1": 376,
    "69": 2,
    "24": 4,
    "28": 3,
    "49": 1,
    "34": 1,
    "33": 2,
    "14": 11,
    "11": 2,
    "35": 2,
    "6": 8,
    "7": 1,
    "46": 1,
    "15": 1,
    "19": 5,
    "9": 4,
    "116": 2,
    "23": 3,
    "16": 2,
    "83": 2,
    "84": 1,
    "18": 6,
    "12": 1,
    "62": 1,
    "20": 1,
    "10": 3,
    "27": 1,
    "5": 7,
    "136": 1,
    "25": 2,
    "32": 1,
    "26": 1,
    "56": 1,
    "48": 1,
    "37": 1,
    "8": 1
  }
}