{
  "schema": 1,
  "name": "bot-112",
  "first_seen": 1778364741.9860768,
  "last_seen": 1778624173.802877,
  "episodes": 538,
  "score_total": 81619,
  "score_best": 8076,
  "best_loadout": [
    0,
    0,
    0,
    0,
    1,
    16,
    0,
    0
  ],
  "killed_by": {
    "Bee": 47,
    "Spider": 16,
    "Hornet": 126,
    "Evil Centipede": 6,
    "Worker Ant": 2,
    "Beetle": 24,
    "Mantis": 39,
    "bot-115": 1,
    "Cactus": 35,
    "Wasp": 109,
    "Sandstorm": 4,
    "Centipede": 15,
    "bot-87": 2,
    "bot-86": 1,
    "bot-55": 1,
    "bot-78": 1,
    "bot-126": 1,
    "bot-92": 1,
    "Rock": 6,
    "bot-111": 1,
    "bot-40": 1,
    "bot-95": 1,
    "bot-56": 1,
    "bot-59": 1,
    "Leafbug": 4,
    "gardn": 1,
    "bot-74": 1,
    "Ladybug": 20,
    "bot-52": 4,
    "bot-60": 3,
    "Bush": 4,
    "Desert Centipede": 3,
    "bot-118": 1,
    "bot": 1,
    "bot-123": 1,
    "bot-103": 1,
    "bot-29": 1,
    "bot-38": 1,
    "bot-67": 2,
    "bloom": 1,
    "bot-135": 2,
    "bot-122": 1,
    "Scorpion": 1,
    "bot-39": 1,
    "bot-36": 1,
    "67": 1,
    "bot-80": 5,
    "bot-97": 1,
    "thorny": 1,
    "bot-41": 1,
    "bot-125": 1,
    "bot-62": 3,
    "bot-47": 2,
    "bot-120": 1,
    "bot-145": 1,
    "bot-94": 1,
    "bot-50": 1,
    "aa": 1,
    "bot-83": 1,
    "bot-69": 1,
    "bot-114": 1
  },
  "loadout_history": {
    "1": 361,
    "0": 451,
    "40": 1,
    "34": 3,
    "29": 1,
    "24": 6,
    "19": 2,
    "15": 5,
    "79": 2,
    "14": 7,
    "9": 6,
    "175": 1,
    "25": 3,
    "11": 1,
    "32": 2,
    "69": 2,
    "39": 1,
    "16": 5,
    "35": 2,
    "5": 4,
    "18": 4,
    "10": 2,
    "54": 2,
    "21": 1,
    "17": 1,
    "117": 1,
    "84": 1,
    "61": 1,
    "6": 1
  }
}