{
  "schema": 1,
  "name": "bot-90",
  "first_seen": 1778543621.4822998,
  "last_seen": 1778713176.046852,
  "episodes": 1213,
  "score_total": 185533,
  "score_best": 6000,
  "best_loadout": [
    0,
    0,
    0,
    0,
    0,
    0,
    0
  ],
  "killed_by": {
    "Hornet": 256,
    "bot-72": 1,
    "Wasp": 228,
    "Desert Centipede": 1,
    "Mantis": 118,
    "Sandstorm": 12,
    "bot-32": 1,
    "bot-149": 1,
    "Cactus": 68,
    "Beetle": 43,
    "Evil Centipede": 16,
    "bot-113": 3,
    "Bee": 91,
    "Ladybug": 53,
    "bot-88": 1,
    "bot-148": 2,
    "Leafbug": 22,
    "Spider": 45,
    "bot-46": 3,
    "bot-49": 3,
    "bot-56": 1,
    "hello": 1,
    "rosie": 1,
    "bot-34": 1,
    "Baby Ant": 2,
    "Centipede": 33,
    "Bush": 14,
    "bot-124": 1,
    "bot-43": 5,
    "Soldier Ant": 2,
    "Rock": 12,
    "bot-65": 2,
    "Scorpion": 5,
    "bot-38": 6,
    "bot-134": 4,
    "bot-121": 4,
    "bot-45": 1,
    "flower": 1,
    "bot-138": 1,
    "bot-132": 2,
    "bot-117": 1,
    "bot-110": 1,
    "bot-115": 1,
    "bot-103": 3,
    "bot-119": 2,
    "bot-60": 1,
    "bot-99": 1,
    "Worker Ant": 7,
    "bot-98": 4,
    "bot-144": 3,
    "thorny": 1,
    "bot-47": 4,
    "bot-44": 2,
    "petalpop": 3,
    "bot-83": 2,
    "bot-116": 2,
    "bot-85": 3,
    "bot-74": 1,
    "zorr": 1,
    "thornbloom": 1,
    "bot-91": 1,
    "bot-127": 4,
    "bot-118": 2,
    "blossom": 4,
    "bot-136": 4,
    "bot-95": 1,
    "bot-137": 2,
    "bot-140": 1,
    "bot-24": 1,
    "bot-68": 2,
    "bot-106": 1,
    "bot-25": 1,
    "bot-120": 2,
    "bot-86": 2,
    "bot-80": 3,
    "prickly": 3,
    "bot-57": 3,
    "florrio": 1,
    "bot-66": 4,
    "bot-33": 1,
    "bot-104": 2,
    "bot-62": 1,
    "bot-97": 2,
    "bot-108": 2,
    "bot-76": 3,
    "bot-130": 1,
    "bot-142": 2,
    "blossom-v2": 2,
    "a": 3,
    "bot-63": 2,
    "bot-55": 1,
    "67": 1,
    "bot-73": 1,
    "bot-40": 1,
    "bot-123": 1,
    "bot-139": 2,
    "bot-133": 1,
    "bot-100": 2,
    "bot-28": 2,
    "root": 1,
    "bot-107": 2,
    "bot-67": 1,
    "bot-77": 1,
    "leafy": 1,
    "bot-48": 1,
    "bot-105": 1,
    "bot-129": 3,
    "bot-126": 1,
    "bot-23": 1,
    "bot-71": 1,
    "bot-93": 1,
    "bot-53": 1,
    "bot-59": 1
  },
  "loadout_history": {
    "0": 1020,
    "1": 848,
    "14": 10,
    "47": 2,
    "25": 4,
    "51": 3,
    "69": 1,
    "15": 9,
    "29": 2,
    "9": 8,
    "19": 4,
    "24": 6,
    "5": 13,
    "18": 10,
    "16": 8,
    "49": 2,
    "6": 12,
    "7": 1,
    "20": 2,
    "35": 4,
    "28": 4,
    "10": 5,
    "11": 4,
    "26": 2,
    "117": 1,
    "23": 4,
    "167": 1,
    "168": 1,
    "12": 2,
    "113": 1,
    "30": 1,
    "34": 2,
    "36": 1,
    "79": 2,
    "60": 1,
    "48": 1,
    "13": 2,
    "17": 1,
    "8": 1,
    "182": 1,
    "58": 1,
    "142": 1
  }
}