{
  "schema": 1,
  "name": "bot-48",
  "first_seen": 1778543455.3588312,
  "last_seen": 1778623886.7366788,
  "episodes": 499,
  "score_total": 79504,
  "score_best": 7751,
  "best_loadout": [
    0,
    0,
    0,
    1,
    0,
    1,
    0,
    0
  ],
  "killed_by": {
    "Beetle": 16,
    "Wasp": 88,
    "Hornet": 120,
    "Bush": 5,
    "bot-22": 1,
    "Mantis": 45,
    "Cactus": 33,
    "blossom": 1,
    "bot-141": 2,
    "Bee": 53,
    "Sandstorm": 3,
    "Soldier Ant": 3,
    "bot-33": 2,
    "Desert Centipede": 11,
    "bot-28": 1,
    "Evil Centipede": 6,
    "Centipede": 14,
    "bot-82": 1,
    "Spider": 11,
    "Scorpion": 2,
    "Ladybug": 22,
    "bot-100": 2,
    "Worker Ant": 1,
    "bot-145": 2,
    "bot-35": 1,
    "Rock": 3,
    "bot-85": 1,
    "bot-148": 1,
    "bot-40": 1,
    "bot-89": 2,
    "bot-64": 1,
    "not bot": 1,
    "bot-24": 1,
    "Leafbug": 4,
    "bot-128": 1,
    "bot-61": 1,
    "bot-84": 1,
    "Baby Ant": 1,
    "bot-124": 2,
    "bot-37": 1,
    "bot-98": 2,
    "bot-27": 1,
    "prickly": 2,
    "bot-119": 1,
    "bot-52": 2,
    "bot-139": 1,
    "bot-26": 1,
    "bot-91": 1,
    "florrio": 1,
    "bot-32": 1,
    "bot-46": 1,
    "bot-38": 1,
    "bot-129": 1,
    "bot-127": 1,
    "bot-49": 1,
    "bot-36": 1,
    "zorr": 1,
    "thornbloom": 1
  },
  "loadout_history": {
    "0": 439,
    "1": 330,
    "5": 7,
    "116": 2,
    "18": 2,
    "167": 2,
    "16": 4,
    "10": 4,
    "14": 4,
    "46": 1,
    "9": 5,
    "15": 2,
    "48": 2,
    "19": 4,
    "28": 2,
    "29": 1,
    "51": 1,
    "33": 1,
    "92": 1,
    "6": 2,
    "11": 1,
    "60": 1,
    "7": 1,
    "13": 1,
    "58": 1,
    "23": 1
  }
}