{
  "schema": 1,
  "name": "bot-34",
  "first_seen": 1778543100.295371,
  "last_seen": 1779316414.500304,
  "episodes": 1437,
  "score_total": 189428,
  "score_best": 6135,
  "best_loadout": [
    24,
    0,
    0,
    0,
    0,
    0,
    0
  ],
  "killed_by": {
    "bot-100": 2,
    "Cactus": 82,
    "Wasp": 250,
    "Hornet": 359,
    "Mantis": 124,
    "bot-96": 2,
    "thorny": 3,
    "Beetle": 77,
    "Bee": 92,
    "Spider": 39,
    "bot-147": 1,
    "bot-107": 1,
    "bot-40": 2,
    "bot-31": 4,
    "Centipede": 30,
    "bot-56": 2,
    "Evil Centipede": 20,
    "bot-28": 3,
    "bot-124": 1,
    "bot": 1,
    "Ladybug": 60,
    "zorr": 2,
    "Rock": 23,
    "Sandstorm": 22,
    "Bush": 14,
    "not bot": 2,
    "bot-33": 4,
    "Leafbug": 19,
    "bot-141": 2,
    "bot-54": 6,
    "Scorpion": 11,
    "bot-92": 3,
    "bot-58": 2,
    "Desert Centipede": 6,
    "bot-55": 1,
    "bot-116": 1,
    "bot-50": 2,
    "bot-29": 2,
    "bot-89": 4,
    "bot-71": 3,
    "prickly": 3,
    "bot-145": 2,
    "bot-76": 1,
    "bot-119": 1,
    "bot-85": 4,
    "bot-106": 2,
    "petalpop": 1,
    "bot-108": 3,
    "bot-148": 2,
    "Worker Ant": 4,
    "bot-142": 1,
    "bot-57": 1,
    "bot-123": 2,
    "bot-46": 4,
    "blossom": 3,
    "bot-65": 2,
    "bot-87": 1,
    "bot-134": 2,
    "root": 1,
    "bot-113": 4,
    "bot-75": 1,
    "67": 4,
    "bot-146": 1,
    "bot-149": 2,
    "Baby Ant": 2,
    "bot-79": 2,
    "bot-30": 2,
    "bot-133": 1,
    "bot-66": 1,
    "bot-138": 2,
    "bot-109": 2,
    "a": 1,
    "bot-101": 2,
    "flower": 3,
    "bot-131": 2,
    "bot-90": 1,
    "bot-52": 1,
    "bloom": 1,
    "bot-61": 2,
    "bot-48": 1,
    "gardn": 1,
    "bot-117": 1,
    "bot-47": 1,
    "bot-115": 1,
    "rosie": 1,
    "bot-51": 2,
    "bot-62": 1,
    "bot-64": 1,
    "bloomy": 2,
    "bot-104": 1,
    "bot-102": 1,
    "thorn": 1,
    "bot-32": 2,
    "bot-88": 1,
    "bot-82": 1,
    "bot-25": 1,
    "bot-143": 1,
    "bot-27": 1,
    "leafy": 1,
    "bot-121": 1,
    "bot-60": 1,
    "bot-122": 1,
    "bot-36": 1,
    "bot-38": 1,
    "bot-118": 1,
    "bot-77": 1,
    "bot-136": 1,
    "bot-94": 2,
    "bot-98": 2,
    "bot-105": 1,
    "bot-63": 1,
    "bot-127": 1,
    "bot-114": 1,
    "sussy": 3,
    "bot-22": 1,
    "bot-110": 1,
    "bot-112": 2,
    "bot-35": 1
  },
  "loadout_history": {
    "0": 1226,
    "1": 999,
    "14": 25,
    "49": 2,
    "28": 8,
    "5": 30,
    "24": 18,
    "25": 12,
    "9": 15,
    "6": 10,
    "23": 1,
    "47": 3,
    "34": 6,
    "10": 9,
    "51": 1,
    "19": 6,
    "15": 15,
    "62": 1,
    "84": 3,
    "16": 6,
    "8": 2,
    "26": 2,
    "35": 9,
    "18": 10,
    "11": 4,
    "17": 4,
    "29": 2,
    "169": 1,
    "7": 5,
    "12": 1,
    "22": 2,
    "168": 1,
    "116": 7,
    "37": 1,
    "13": 1,
    "32": 2,
    "86": 1,
    "182": 1,
    "33": 2,
    "46": 3,
    "180": 2,
    "39": 1,
    "48": 3,
    "167": 3,
    "41": 3,
    "40": 2,
    "69": 1
  }
}