{
  "schema": 1,
  "name": "bot-rosq",
  "first_seen": 1778348249.0635269,
  "last_seen": 1778352309.9588108,
  "episodes": 30,
  "score_total": 674,
  "score_best": 215,
  "best_loadout": [
    25,
    0,
    0,
    0,
    0,
    0
  ],
  "killed_by": {
    "Hornet": 23,
    "bot-dmid": 1,
    "Bee": 2,
    "bot-dikb": 1,
    "Spider": 1,
    "bot-yela": 1
  },
  "loadout_history": {
    "0": 29,
    "1": 23,
    "40": 2,
    "24": 1,
    "14": 2,
    "16": 1,
    "34": 1,
    "6": 1,
    "9": 1,
    "33": 1,
    "25": 1,
    "15": 1,
    "5": 1
  }
}