{
  "schema": 1,
  "name": "bot-madf",
  "first_seen": 1778213078.466214,
  "last_seen": 1778213318.346613,
  "episodes": 46,
  "score_total": 4931,
  "score_best": 403,
  "best_loadout": [
    41,
    14,
    32,
    24,
    9,
    34
  ],
  "killed_by": {
    "Hornet": 17,
    "hello": 2,
    "Bee": 7,
    "florrio": 3,
    "Centipede": 2,
    "Soldier Ant": 3,
    "bot-dvhg": 2,
    "bot-hpxm": 2,
    "leafy": 1,
    "Rock": 2,
    "not bot": 1,
    "67": 1,
    "bot-xwqx": 2,
    "Massive Ladybug": 1
  },
  "loadout_history": {
    "1": 20,
    "0": 28,
    "9": 15,
    "5": 20,
    "40": 18,
    "18": 5,
    "14": 11,
    "19": 4,
    "20": 1,
    "32": 2,
    "24": 13,
    "23": 1,
    "6": 4,
    "7": 1,
    "10": 3,
    "28": 5,
    "34": 7,
    "41": 2,
    "55": 1,
    "35": 1,
    "16": 1
  }
}