{
  "schema": 1,
  "name": "bot-140",
  "first_seen": 1778543508.471371,
  "last_seen": 1778545733.9486542,
  "episodes": 18,
  "score_total": 1965,
  "score_best": 700,
  "best_loadout": [
    0,
    1,
    0,
    1,
    1,
    0
  ],
  "killed_by": {
    "Hornet": 7,
    "Beetle": 3,
    "Evil Centipede": 1,
    "Mantis": 2,
    "Ladybug": 2,
    "Bee": 1
  },
  "loadout_history": {
    "0": 16,
    "1": 13,
    "24": 2,
    "29": 1,
    "30": 1,
    "6": 1,
    "46": 1,
    "15": 1,
    "5": 1,
    "79": 1
  }
}