{
  "schema": 1,
  "name": "bot-126",
  "first_seen": 1778543149.715907,
  "last_seen": 1778718268.536662,
  "episodes": 1254,
  "score_total": 190735,
  "score_best": 7605,
  "best_loadout": [
    0,
    0,
    0,
    1,
    1,
    0,
    0,
    0
  ],
  "killed_by": {
    "Wasp": 252,
    "bot-56": 1,
    "Mantis": 105,
    "gardn": 3,
    "Bee": 95,
    "Sandstorm": 19,
    "Hornet": 286,
    "bot-60": 1,
    "bot-41": 1,
    "Desert Centipede": 4,
    "Cactus": 79,
    "Beetle": 39,
    "Evil Centipede": 10,
    "bot-133": 2,
    "bot-135": 2,
    "Spider": 40,
    "bot-111": 3,
    "bot-63": 1,
    "Ladybug": 50,
    "bot-57": 6,
    "bot-98": 4,
    "Centipede": 26,
    "bot-131": 2,
    "Rock": 15,
    "bot-99": 3,
    "bot-142": 2,
    "bot-96": 3,
    "bot-48": 2,
    "bot-58": 3,
    "bot-38": 3,
    "Worker Ant": 5,
    "bot-101": 1,
    "bloomy": 1,
    "Leafbug": 21,
    "bot-90": 1,
    "bot-36": 3,
    "petalpop": 3,
    "bot-87": 1,
    "bot-27": 1,
    "bot-69": 1,
    "bot-103": 3,
    "bot-104": 3,
    "bot-65": 2,
    "bot-54": 1,
    "hello": 4,
    "bot-52": 2,
    "thorn": 2,
    "bot-127": 1,
    "bot-66": 5,
    "Scorpion": 6,
    "bot-71": 3,
    "bot-138": 1,
    "bot-95": 2,
    "bot-115": 1,
    "bot-40": 1,
    "bot-125": 1,
    "bot-89": 2,
    "bot-83": 1,
    "bot-120": 3,
    "bot-32": 4,
    "bot-119": 1,
    "bot-81": 2,
    "Bush": 8,
    "bot-28": 3,
    "flower": 1,
    "root": 1,
    "bot-93": 1,
    "bot-55": 2,
    "bot-107": 2,
    "a": 1,
    "bot-128": 1,
    "thornbloom": 4,
    "bot-77": 2,
    "bot-75": 1,
    "bot-84": 2,
    "bot-97": 2,
    "bot-50": 1,
    "bot-51": 5,
    "bot-45": 4,
    "bot-109": 2,
    "bot-72": 2,
    "bot-112": 1,
    "bot-30": 1,
    "bot-139": 1,
    "Soldier Ant": 5,
    "bot-144": 1,
    "bot-76": 1,
    "bot-146": 1,
    "bot-149": 2,
    "bot-94": 1,
    "bot-74": 2,
    "bot-106": 1,
    "bot-35": 1,
    "bot-29": 1,
    "bot-102": 1,
    "bot-26": 1,
    "bot-78": 2,
    "bot-88": 1,
    "bot-92": 2,
    "bot-141": 1,
    "zorr": 1,
    "bot-130": 1,
    "bot-73": 2,
    "bot-132": 1,
    "bot-82": 1,
    "thorny": 3,
    "not bot": 1,
    "bot-68": 1,
    "bot-86": 1,
    "bot-91": 1,
    "sussy": 2,
    "bot-37": 2,
    "bot-145": 1
  },
  "loadout_history": {
    "0": 1057,
    "1": 872,
    "14": 19,
    "9": 12,
    "19": 6,
    "28": 5,
    "48": 4,
    "5": 12,
    "45": 1,
    "167": 4,
    "10": 10,
    "24": 7,
    "11": 7,
    "135": 1,
    "35": 6,
    "29": 5,
    "15": 9,
    "12": 1,
    "18": 4,
    "181": 1,
    "6": 14,
    "20": 3,
    "16": 4,
    "36": 2,
    "182": 1,
    "79": 4,
    "34": 2,
    "168": 2,
    "8": 5,
    "61": 1,
    "25": 4,
    "169": 1,
    "17": 2,
    "7": 2,
    "26": 3,
    "22": 1,
    "60": 1,
    "92": 1,
    "13": 1,
    "113": 1,
    "58": 1,
    "108": 1,
    "33": 1
  }
}