{
  "schema": 1,
  "name": "bot-79",
  "first_seen": 1778543160.249195,
  "last_seen": 1779316426.8491552,
  "episodes": 1556,
  "score_total": 274505,
  "score_best": 15056,
  "best_loadout": [
    0,
    0,
    0,
    0,
    0,
    0,
    0,
    0
  ],
  "killed_by": {
    "Beetle": 65,
    "Hornet": 352,
    "Wasp": 267,
    "bot-77": 3,
    "Evil Centipede": 30,
    "Leafbug": 29,
    "Soldier Ant": 19,
    "Mantis": 134,
    "Bee": 96,
    "bot-89": 3,
    "Ladybug": 75,
    "bot-103": 1,
    "Scorpion": 18,
    "Centipede": 30,
    "bot-147": 1,
    "bot-86": 3,
    "bot-34": 3,
    "Spider": 63,
    "bot-109": 1,
    "Cactus": 80,
    "bot-67": 3,
    "bot-23": 2,
    "Worker Ant": 11,
    "bot-115": 2,
    "Rock": 15,
    "bot-55": 2,
    "gardn": 1,
    "bot-114": 1,
    "Desert Centipede": 12,
    "Sandstorm": 16,
    "bot-136": 1,
    "blossom": 4,
    "Baby Ant": 6,
    "Bush": 13,
    "root": 3,
    "blossom-v2": 1,
    "bot-76": 4,
    "bot-42": 1,
    "bot-50": 4,
    "bot-75": 2,
    "bot-80": 7,
    "bot-28": 1,
    "bot-123": 6,
    "bot-30": 3,
    "bot-35": 5,
    "bot-134": 2,
    "bot-102": 2,
    "bot-87": 2,
    "bot-39": 3,
    "bot-22": 4,
    "hello": 1,
    "bot-64": 3,
    "bot-148": 2,
    "bot-106": 4,
    "bot-99": 1,
    "zorr": 2,
    "bot-97": 2,
    "bot-143": 3,
    "bot-137": 1,
    "bot-125": 1,
    "bot-140": 2,
    "bot-96": 2,
    "bot-122": 1,
    "bot-131": 2,
    "bot-69": 1,
    "bloomy": 1,
    "bot-51": 2,
    "bot-57": 8,
    "bot-146": 1,
    "bot-119": 2,
    "bot-105": 2,
    "bot-112": 3,
    "bot-83": 1,
    "bot-82": 2,
    "bot-31": 1,
    "bot-36": 1,
    "thornbloom": 1,
    "bot-38": 3,
    "bot-116": 1,
    "bot-138": 2,
    "florrio": 5,
    "bot-33": 2,
    "bot-27": 2,
    "a": 1,
    "bot-127": 1,
    "bot-26": 1,
    "bot": 1,
    "not bot": 2,
    "bot-44": 4,
    "thorny": 3,
    "bot-85": 5,
    "bot-53": 3,
    "bot-37": 2,
    "bot-101": 1,
    "bot-120": 2,
    "bot-129": 1,
    "bloom": 1,
    "bot-126": 1,
    "bot-110": 1,
    "bot-113": 1,
    "bot-56": 2,
    "bot-58": 2,
    "bot-59": 1,
    "prickly": 3,
    "bot-66": 3,
    "bot-61": 1,
    "bot-98": 1,
    "bot-60": 1,
    "bot-52": 1,
    "bot-139": 1,
    "petalpop": 1,
    "bot-118": 1,
    "bot-91": 2,
    "bot-84": 1,
    "bot-130": 2,
    "bot-78": 1
  },
  "loadout_history": {
    "0": 1314,
    "1": 1095,
    "34": 5,
    "5": 15,
    "14": 22,
    "24": 16,
    "9": 9,
    "30": 2,
    "18": 14,
    "47": 1,
    "35": 9,
    "15": 16,
    "19": 10,
    "6": 12,
    "7": 6,
    "123": 2,
    "137": 1,
    "58": 1,
    "25": 7,
    "22": 1,
    "8": 2,
    "79": 4,
    "10": 4,
    "89": 1,
    "49": 2,
    "51": 1,
    "36": 3,
    "16": 3,
    "61": 3,
    "39": 2,
    "29": 2,
    "182": 1,
    "167": 5,
    "28": 13,
    "21": 1,
    "20": 3,
    "38": 1,
    "11": 1,
    "84": 1,
    "60": 1,
    "180": 1,
    "205": 1,
    "17": 1,
    "124": 1,
    "69": 2,
    "26": 1,
    "55": 1,
    "50": 3,
    "45": 1,
    "206": 1,
    "33": 2,
    "48": 1,
    "40": 1,
    "23": 1,
    "73": 1,
    "203": 1
  }
}