{
  "schema": 1,
  "name": "bot-103",
  "first_seen": 1778364740.526263,
  "last_seen": 1778556788.120407,
  "episodes": 148,
  "score_total": 3852,
  "score_best": 284,
  "best_loadout": [
    0,
    0,
    0,
    0,
    0,
    0
  ],
  "killed_by": {
    "Beetle": 15,
    "Hornet": 39,
    "Cactus": 7,
    "bot-703": 2,
    "Soldier Ant": 2,
    "bot-605": 1,
    "Spider": 3,
    "bot-500": 2,
    "Centipede": 3,
    "Bee": 9,
    "Worker Ant": 5,
    "bot-704": 2,
    "bot-602": 2,
    "Sandstorm": 2,
    "bot-308": 2,
    "bot-307": 1,
    "Wasp": 10,
    "Evil Centipede": 1,
    "bot-201": 1,
    "thornbloom": 1,
    "prickly": 1,
    "bot-100": 1,
    "bot-117": 1,
    "bot-137": 1,
    "Mantis": 5,
    "bot-132": 1,
    "thorny": 1,
    "bot-69": 1,
    "Desert Centipede": 1,
    "bot-126": 1,
    "bot-92": 1,
    "bot-111": 1,
    "bot-87": 1,
    "Ladybug": 1,
    "Scorpion": 1
  },
  "loadout_history": {
    "1": 105,
    "0": 131,
    "49": 2,
    "9": 1,
    "24": 1,
    "5": 3,
    "79": 1,
    "46": 1,
    "28": 1,
    "14": 4,
    "10": 2,
    "18": 2,
    "48": 1,
    "33": 1,
    "32": 1,
    "116": 1,
    "35": 1,
    "6": 1,
    "39": 1,
    "112": 1,
    "34": 1
  }
}