{
  "schema": 1,
  "name": "bot-sgbr",
  "first_seen": 1778119728.205502,
  "last_seen": 1778119728.205502,
  "episodes": 1,
  "score_total": 27,
  "score_best": 27,
  "best_loadout": [
    18,
    23,
    14,
    24,
    18
  ],
  "killed_by": {},
  "loadout_history": {
    "24": 1,
    "18": 1,
    "14": 1,
    "23": 1
  }
}