{
  "schema": 1,
  "name": "bot-98",
  "first_seen": 1778543168.548741,
  "last_seen": 1778552131.665146,
  "episodes": 37,
  "score_total": 3395,
  "score_best": 1047,
  "best_loadout": [
    0,
    0,
    0,
    0,
    0,
    0
  ],
  "killed_by": {
    "Hornet": 11,
    "Mantis": 1,
    "Beetle": 2,
    "Spider": 2,
    "bot-121": 2,
    "Wasp": 7,
    "bloomy": 1,
    "bot-149": 2,
    "bot-58": 1,
    "Sandstorm": 1,
    "bot-87": 1,
    "bot-104": 1
  },
  "loadout_history": {
    "0": 34,
    "1": 27,
    "5": 4,
    "45": 1,
    "19": 1,
    "28": 1,
    "18": 2,
    "25": 1,
    "34": 1,
    "6": 1,
    "37": 1,
    "35": 1
  }
}