{
  "schema": 1,
  "name": "bot-89",
  "first_seen": 1778543490.895394,
  "last_seen": 1778727459.6156476,
  "episodes": 1290,
  "score_total": 247278,
  "score_best": 11358,
  "best_loadout": [
    15,
    0,
    0,
    0,
    0,
    0,
    0,
    0
  ],
  "killed_by": {
    "Bush": 14,
    "Hornet": 288,
    "Desert Centipede": 8,
    "Mantis": 119,
    "bot-140": 3,
    "Cactus": 79,
    "blossom": 1,
    "Wasp": 236,
    "bot-86": 1,
    "Worker Ant": 8,
    "bot-67": 1,
    "Beetle": 52,
    "Bee": 117,
    "Centipede": 28,
    "Spider": 33,
    "bot-73": 4,
    "bot-41": 3,
    "Evil Centipede": 12,
    "Sandstorm": 12,
    "Scorpion": 10,
    "Ladybug": 61,
    "bot-132": 4,
    "bot-49": 2,
    "bot-137": 1,
    "bot-23": 2,
    "bot-48": 5,
    "Baby Ant": 2,
    "Leafbug": 16,
    "bot-123": 1,
    "bot-37": 1,
    "bot-142": 3,
    "bot-113": 2,
    "florrio": 3,
    "bot-42": 2,
    "bot-103": 1,
    "bot-61": 1,
    "bot-71": 2,
    "bot-34": 2,
    "bot-87": 2,
    "thorn": 2,
    "Rock": 19,
    "bot-110": 2,
    "gardn": 1,
    "a": 1,
    "bot-83": 2,
    "bloom": 2,
    "bot-141": 4,
    "bot-143": 1,
    "bot-35": 1,
    "bot-79": 4,
    "bot-120": 1,
    "thornbloom": 3,
    "bot-119": 5,
    "bot-33": 2,
    "bot-46": 1,
    "bot-136": 3,
    "bot-146": 1,
    "bot-24": 3,
    "bot-92": 1,
    "bot-39": 1,
    "bot-130": 1,
    "bot-99": 2,
    "bot-52": 1,
    "bot-74": 2,
    "bot-135": 1,
    "bot-36": 1,
    "67": 1,
    "bot-25": 1,
    "bot-55": 3,
    "bot-125": 3,
    "bot-69": 1,
    "hello": 1,
    "not bot": 1,
    "bot-131": 2,
    "bot-127": 1,
    "bot-32": 1,
    "bot": 1,
    "bot-107": 2,
    "bot-62": 2,
    "bot-96": 1,
    "bot-68": 2,
    "petalpop": 2,
    "bot-43": 2,
    "bot-122": 2,
    "bot-133": 2,
    "leafy": 2,
    "bot-117": 4,
    "bot-97": 1,
    "bot-77": 1,
    "bot-72": 2,
    "bot-147": 1,
    "bot-66": 1,
    "bot-29": 2,
    "bot-114": 2,
    "bot-58": 1,
    "bot-111": 1,
    "bot-94": 1,
    "bot-112": 2,
    "bot-82": 1,
    "rosie": 1,
    "bot-129": 1,
    "Soldier Ant": 3,
    "bot-59": 1,
    "bot-65": 1,
    "bot-128": 1,
    "bot-93": 3,
    "bot-57": 1,
    "sussy": 1,
    "bot-149": 2
  },
  "loadout_history": {
    "0": 1101,
    "1": 905,
    "5": 17,
    "69": 1,
    "45": 1,
    "24": 17,
    "29": 5,
    "14": 27,
    "35": 3,
    "9": 17,
    "10": 7,
    "34": 2,
    "32": 1,
    "15": 16,
    "7": 7,
    "79": 3,
    "33": 1,
    "6": 8,
    "25": 5,
    "26": 3,
    "21": 1,
    "31": 1,
    "30": 2,
    "51": 1,
    "48": 2,
    "60": 1,
    "84": 1,
    "107": 1,
    "11": 3,
    "18": 5,
    "16": 3,
    "12": 3,
    "58": 1,
    "17": 4,
    "167": 4,
    "36": 1,
    "8": 3,
    "28": 3,
    "27": 2,
    "94": 1,
    "19": 1,
    "49": 1,
    "13": 1,
    "168": 1,
    "20": 1,
    "39": 1,
    "55": 2,
    "123": 1,
    "182": 1,
    "116": 1
  }
}