{
  "schema": 1,
  "name": "bot-91",
  "first_seen": 1778543185.863652,
  "last_seen": 1778545851.9076438,
  "episodes": 21,
  "score_total": 1182,
  "score_best": 222,
  "best_loadout": [
    0,
    0,
    0,
    0,
    116,
    0
  ],
  "killed_by": {
    "Bee": 2,
    "Wasp": 7,
    "Hornet": 5,
    "bot-107": 1,
    "Mantis": 1,
    "bot-131": 1,
    "Cactus": 1
  },
  "loadout_history": {
    "0": 19,
    "1": 13,
    "28": 2,
    "204": 1,
    "5": 1,
    "9": 2,
    "14": 1,
    "116": 1,
    "34": 1,
    "79": 1
  }
}