{
  "schema": 1,
  "name": "bot-94",
  "first_seen": 1778543122.142706,
  "last_seen": 1778727522.5040004,
  "episodes": 1241,
  "score_total": 193101,
  "score_best": 10041,
  "best_loadout": [
    0,
    0,
    0,
    1,
    1,
    0,
    0,
    0
  ],
  "killed_by": {
    "Sandstorm": 20,
    "Hornet": 311,
    "Centipede": 20,
    "bot-34": 2,
    "Mantis": 117,
    "Wasp": 230,
    "bot-131": 1,
    "Bee": 95,
    "Cactus": 64,
    "bot-36": 1,
    "bot-133": 4,
    "bot-93": 2,
    "Beetle": 42,
    "blossom": 1,
    "bot-120": 2,
    "Ladybug": 56,
    "bot-30": 1,
    "Spider": 29,
    "Leafbug": 14,
    "Evil Centipede": 14,
    "gardn": 1,
    "bot-85": 3,
    "Rock": 16,
    "Desert Centipede": 7,
    "bot-56": 1,
    "bot-144": 5,
    "Baby Ant": 3,
    "bot-64": 3,
    "blossom-v2": 2,
    "bot-145": 1,
    "not bot": 4,
    "bot-26": 1,
    "bot-101": 1,
    "petalpop": 1,
    "bot-28": 6,
    "Bush": 10,
    "bot-76": 1,
    "bot-40": 1,
    "bot-67": 1,
    "bloom": 6,
    "bot-73": 1,
    "bot-32": 2,
    "Worker Ant": 7,
    "root": 1,
    "bot-38": 2,
    "bot-29": 5,
    "bot-128": 1,
    "bot-55": 1,
    "Scorpion": 5,
    "bot-113": 1,
    "bot-92": 2,
    "bot-22": 3,
    "bot-89": 1,
    "bot-77": 1,
    "bot-80": 2,
    "bot-72": 2,
    "bot-122": 1,
    "bot-139": 1,
    "bot-60": 1,
    "bot-130": 1,
    "bot-114": 3,
    "bot-47": 3,
    "bot-98": 2,
    "bot-149": 4,
    "bot-115": 3,
    "bot-103": 3,
    "bot-127": 2,
    "bot-45": 2,
    "bot-121": 1,
    "bot-79": 1,
    "bot-106": 2,
    "bot-118": 5,
    "bot-91": 1,
    "bot-135": 7,
    "bot-129": 1,
    "bot-100": 1,
    "bot": 1,
    "florrio": 3,
    "bot-61": 1,
    "bot-68": 2,
    "a": 1,
    "bot-84": 1,
    "bot-141": 1,
    "bot-52": 1,
    "bot-69": 1,
    "bot-109": 1,
    "bot-134": 1,
    "bot-63": 1,
    "aa": 1,
    "bot-107": 1,
    "bot-95": 1,
    "flower": 1,
    "bot-23": 1,
    "bot-42": 2,
    "bot-43": 1,
    "bot-96": 1,
    "bot-71": 1,
    "zorr": 1,
    "bot-148": 2,
    "bot-48": 1,
    "bot-27": 1,
    "bot-37": 4,
    "bot-110": 1,
    "bot-125": 1,
    "bot-50": 1,
    "Soldier Ant": 1,
    "Queen Ant": 1,
    "hello": 1,
    "bot-25": 1,
    "bot-83": 1
  },
  "loadout_history": {
    "0": 1032,
    "1": 875,
    "35": 4,
    "14": 12,
    "28": 2,
    "79": 1,
    "10": 7,
    "6": 13,
    "24": 11,
    "204": 1,
    "15": 14,
    "9": 8,
    "16": 2,
    "18": 6,
    "5": 24,
    "11": 1,
    "46": 1,
    "107": 2,
    "27": 1,
    "19": 3,
    "37": 2,
    "12": 2,
    "29": 2,
    "36": 1,
    "23": 3,
    "7": 4,
    "34": 3,
    "25": 3,
    "60": 1,
    "49": 1,
    "51": 2,
    "17": 1,
    "61": 1,
    "8": 3,
    "168": 1,
    "33": 1,
    "13": 1,
    "169": 1,
    "171": 1,
    "21": 1,
    "58": 1,
    "136": 1,
    "116": 2,
    "167": 7,
    "20": 1,
    "99": 1,
    "48": 2,
    "181": 1
  }
}