{
  "schema": 1,
  "name": "bot-43",
  "first_seen": 1778543460.6414669,
  "last_seen": 1778556788.636838,
  "episodes": 55,
  "score_total": 3222,
  "score_best": 286,
  "best_loadout": [
    1,
    0,
    0,
    0,
    5,
    0
  ],
  "killed_by": {
    "Spider": 2,
    "bot-55": 1,
    "bot-67": 1,
    "Wasp": 8,
    "Beetle": 4,
    "Hornet": 14,
    "Bee": 2,
    "bot-103": 1,
    "Mantis": 5,
    "bot-59": 1,
    "bot-119": 1,
    "Ladybug": 1,
    "bot-144": 1,
    "bot-147": 1,
    "bot-117": 1,
    "bot-33": 1,
    "blossom": 1,
    "bot-78": 1
  },
  "loadout_history": {
    "0": 52,
    "1": 38,
    "24": 4,
    "167": 1,
    "19": 2,
    "14": 2,
    "28": 2,
    "15": 1,
    "5": 2,
    "6": 2,
    "10": 3,
    "18": 3,
    "7": 1,
    "26": 1,
    "9": 2
  }
}