{
  "schema": 1,
  "name": "bot-68",
  "first_seen": 1778543111.939587,
  "last_seen": 1778713078.030011,
  "episodes": 1074,
  "score_total": 247104,
  "score_best": 9064,
  "best_loadout": [
    0,
    0,
    0,
    0,
    0,
    0,
    0,
    0
  ],
  "killed_by": {
    "Spider": 35,
    "Beetle": 29,
    "Hornet": 260,
    "Mantis": 85,
    "bot-29": 1,
    "Centipede": 37,
    "flower": 2,
    "bot-81": 1,
    "Bee": 72,
    "Wasp": 181,
    "bot-113": 2,
    "Scorpion": 9,
    "bloomy": 2,
    "bot-115": 2,
    "Ladybug": 50,
    "Cactus": 59,
    "Leafbug": 20,
    "aa": 4,
    "bot-119": 1,
    "Evil Centipede": 8,
    "bot-56": 2,
    "Sandstorm": 6,
    "bot-64": 4,
    "Soldier Ant": 1,
    "bot-22": 5,
    "bot-139": 1,
    "bot-58": 1,
    "bot-142": 5,
    "bot-112": 1,
    "bot-104": 3,
    "bot-41": 5,
    "bot-136": 1,
    "Worker Ant": 4,
    "Desert Centipede": 6,
    "bot-118": 1,
    "bot-49": 2,
    "bot-88": 1,
    "Queen Ant": 1,
    "bot-128": 2,
    "Bush": 5,
    "bot-71": 1,
    "bot-93": 3,
    "bot-121": 7,
    "Rock": 18,
    "bot-77": 2,
    "bot-102": 2,
    "bot-103": 2,
    "bloom": 5,
    "florrio": 4,
    "bot-126": 3,
    "bot-99": 1,
    "bot-63": 1,
    "bot-60": 3,
    "root": 2,
    "bot-69": 4,
    "bot-76": 2,
    "bot-37": 2,
    "bot-98": 4,
    "bot-130": 2,
    "bot-27": 1,
    "bot-129": 1,
    "bot-125": 2,
    "bot-40": 1,
    "bot-52": 2,
    "bot-134": 1,
    "not bot": 6,
    "bot-83": 1,
    "bot-24": 1,
    "bot-39": 2,
    "bot-122": 3,
    "bot-89": 1,
    "gardn": 2,
    "bot-35": 1,
    "leafy": 1,
    "bot-141": 2,
    "bot-72": 1,
    "bot-149": 1,
    "thornbloom": 2,
    "bot-28": 2,
    "bot-34": 2,
    "Baby Ant": 1,
    "rosie": 1,
    "prickly": 1,
    "bot-108": 1,
    "bot-67": 1,
    "bot-47": 1,
    "bot-66": 1,
    "bot-82": 2,
    "bot-90": 1,
    "bot-25": 1,
    "bot-85": 1,
    "bot-110": 2,
    "bot-87": 1,
    "bot-33": 1,
    "bot-30": 1,
    "a": 1,
    "bot-75": 1,
    "bot-131": 1,
    "bot-59": 1,
    "bot-70": 1,
    "bot-107": 1,
    "bot-138": 1,
    "bot-127": 1,
    "bot-132": 1,
    "bot-50": 1,
    "bot-61": 2,
    "bot-137": 2,
    "thorny": 1,
    "bot-53": 1,
    "bot-31": 1,
    "bot-73": 1,
    "bot-111": 1,
    "bot-23": 1,
    "bot-91": 1,
    "hello": 1
  },
  "loadout_history": {
    "0": 943,
    "1": 705,
    "5": 15,
    "14": 17,
    "15": 6,
    "11": 3,
    "48": 1,
    "35": 1,
    "24": 7,
    "9": 8,
    "19": 6,
    "46": 1,
    "79": 5,
    "29": 2,
    "6": 6,
    "7": 4,
    "170": 1,
    "16": 5,
    "10": 2,
    "25": 5,
    "116": 1,
    "30": 3,
    "18": 4,
    "34": 2,
    "168": 1,
    "13": 1,
    "33": 2,
    "69": 1,
    "75": 1,
    "167": 1,
    "58": 2,
    "107": 1,
    "180": 1,
    "89": 2,
    "28": 1,
    "45": 1,
    "17": 2,
    "159": 1,
    "83": 1,
    "26": 1,
    "8": 2,
    "84": 1,
    "55": 1
  }
}