{
  "schema": 1,
  "name": "bot",
  "first_seen": 1778364031.0085309,
  "last_seen": 1779316407.5068228,
  "episodes": 1529,
  "score_total": 213217,
  "score_best": 6085,
  "best_loadout": [
    0,
    0,
    0,
    0,
    0,
    0,
    0
  ],
  "killed_by": {
    "Sandstorm": 25,
    "Hornet": 405,
    "Beetle": 80,
    "Bee": 88,
    "Spider": 39,
    "Ladybug": 54,
    "bot-101": 1,
    "bot-604": 1,
    "Evil Centipede": 24,
    "Cactus": 77,
    "Wasp": 276,
    "bot-49": 1,
    "bot-144": 4,
    "bot-52": 3,
    "Mantis": 111,
    "bot-42": 1,
    "bot-28": 3,
    "Desert Centipede": 5,
    "bot-140": 2,
    "bot-131": 1,
    "Bush": 26,
    "bot-72": 4,
    "Rock": 17,
    "bot-138": 1,
    "petalpop": 3,
    "bot-130": 3,
    "bot-133": 1,
    "bot-24": 1,
    "Centipede": 36,
    "bot-123": 1,
    "bot-79": 2,
    "bot-47": 6,
    "bot-103": 2,
    "bot-147": 2,
    "bot-27": 2,
    "Baby Ant": 4,
    "bot-90": 5,
    "bot-66": 4,
    "bot-88": 3,
    "bot-64": 3,
    "thorny": 2,
    "bot-82": 1,
    "bot-149": 1,
    "bot-63": 1,
    "bot-51": 5,
    "bot-37": 1,
    "bot-31": 5,
    "bot-115": 1,
    "bot-22": 4,
    "blossom-v2": 1,
    "bot-97": 1,
    "bot-114": 2,
    "bot-145": 4,
    "root": 2,
    "67": 3,
    "bot-36": 1,
    "thornbloom": 1,
    "blossom": 6,
    "bot-120": 2,
    "bloomy": 2,
    "gardn": 3,
    "bot-109": 1,
    "bot-118": 4,
    "bot-89": 1,
    "bot-70": 1,
    "bot-113": 1,
    "bot-132": 2,
    "bot-143": 2,
    "bot-146": 2,
    "bot-94": 1,
    "bot-75": 2,
    "bot-105": 2,
    "bot-129": 1,
    "bot-77": 3,
    "bot-110": 1,
    "bot-127": 1,
    "bot-142": 1,
    "bot-112": 2,
    "bot-117": 3,
    "bot-95": 1,
    "aa": 1,
    "bot-99": 4,
    "Scorpion": 9,
    "bot-39": 1,
    "bot-134": 1,
    "not bot": 1,
    "bot-46": 2,
    "leafy": 1,
    "Leafbug": 10,
    "Soldier Ant": 15,
    "a": 1,
    "bot-141": 1,
    "zorr": 1,
    "bot-116": 2,
    "bot-137": 1,
    "bot-107": 1,
    "bot-121": 1,
    "bot-23": 1,
    "bot-53": 1,
    "bot-111": 2,
    "bot-119": 2,
    "bot-29": 3,
    "bot-106": 1,
    "bot-44": 1,
    "bot-122": 3,
    "bot-58": 1,
    "Worker Ant": 4,
    "prickly": 2,
    "bot-139": 1,
    "rosie": 2,
    "bot-93": 1,
    "hello": 1,
    "Massive Beetle": 1,
    "bot-80": 1,
    "bot-102": 1,
    "bot-35": 1
  },
  "loadout_history": {
    "0": 1302,
    "1": 1083,
    "18": 18,
    "9": 17,
    "24": 17,
    "116": 2,
    "14": 30,
    "11": 4,
    "35": 3,
    "7": 5,
    "69": 3,
    "6": 6,
    "117": 2,
    "28": 11,
    "167": 9,
    "46": 7,
    "34": 4,
    "15": 15,
    "168": 2,
    "5": 27,
    "36": 2,
    "25": 3,
    "23": 7,
    "49": 2,
    "79": 4,
    "10": 4,
    "20": 4,
    "51": 4,
    "8": 1,
    "19": 3,
    "29": 5,
    "182": 1,
    "180": 3,
    "60": 3,
    "16": 5,
    "31": 1,
    "13": 1,
    "12": 1,
    "101": 1,
    "89": 1,
    "61": 1,
    "17": 2,
    "21": 1,
    "48": 1,
    "30": 2,
    "26": 1,
    "32": 1,
    "204": 1,
    "40": 3,
    "50": 1,
    "33": 1,
    "47": 1,
    "39": 1
  }
}