{
  "schema": 1,
  "name": "florrio",
  "first_seen": 1778364027.031883,
  "last_seen": 1779316509.574662,
  "episodes": 1601,
  "score_total": 153765,
  "score_best": 5080,
  "best_loadout": [
    0,
    0,
    0,
    0,
    0,
    0,
    0
  ],
  "killed_by": {
    "Massive Beetle": 2,
    "Desert Centipede": 15,
    "Hornet": 436,
    "Evil Centipede": 29,
    "Cactus": 100,
    "Sandstorm": 19,
    "Spider": 44,
    "Beetle": 78,
    "Centipede": 39,
    "Soldier Ant": 20,
    "Bee": 113,
    "Boulder": 3,
    "Queen Ant": 1,
    "Worker Ant": 9,
    "Scorpion": 6,
    "Wasp": 257,
    "Bush": 6,
    "Mantis": 126,
    "bot-81": 1,
    "bot-25": 1,
    "bot-48": 1,
    "bot-55": 1,
    "rosie": 1,
    "bot-45": 2,
    "Rock": 14,
    "Leafbug": 20,
    "bot-146": 2,
    "bot-143": 2,
    "bot-41": 2,
    "bot-131": 3,
    "bot-98": 1,
    "bot-39": 3,
    "bot-144": 2,
    "bot-64": 2,
    "bot-43": 1,
    "Ladybug": 57,
    "bot-49": 1,
    "bot-24": 3,
    "bloomy": 3,
    "bot-34": 2,
    "bot-27": 5,
    "bot-65": 5,
    "prickly": 1,
    "bot-62": 1,
    "bot-44": 2,
    "bot-85": 1,
    "bot-140": 1,
    "bot-121": 2,
    "bot-28": 1,
    "leafy": 1,
    "bot-51": 3,
    "bot-46": 2,
    "bot-100": 2,
    "bot-33": 1,
    "aa": 2,
    "bot-133": 5,
    "bot-130": 1,
    "bot-92": 4,
    "petalpop": 5,
    "bot-32": 1,
    "bot-148": 1,
    "bot-102": 2,
    "Baby Ant": 3,
    "bot-122": 3,
    "root": 4,
    "not bot": 1,
    "bot-67": 2,
    "bot-22": 5,
    "bot-29": 1,
    "bot-106": 5,
    "bot-109": 1,
    "bot-113": 2,
    "bot-101": 3,
    "bot-93": 1,
    "bot-84": 2,
    "bot-79": 2,
    "bot-53": 2,
    "bot-112": 1,
    "67": 1,
    "bot-134": 3,
    "bot-47": 1,
    "bot-127": 1,
    "bot-87": 1,
    "bot-120": 2,
    "bot-142": 2,
    "bot-115": 2,
    "flower": 1,
    "bot-129": 1,
    "bot-97": 1,
    "bot-108": 1,
    "bot-123": 2,
    "bot-57": 2,
    "bot-135": 1,
    "gardn": 2,
    "bot-56": 1,
    "bot-111": 1,
    "bot-94": 2,
    "bot-38": 2,
    "bot-76": 2,
    "thornbloom": 1,
    "bot-118": 3,
    "blossom": 1,
    "bot-149": 1,
    "sussy": 1,
    "bot-63": 1,
    "bot-128": 2,
    "bot-36": 1,
    "bot-124": 1,
    "bot-83": 1,
    "bloom": 1
  },
  "loadout_history": {
    "0": 1370,
    "1": 1115,
    "19": 5,
    "14": 24,
    "48": 1,
    "40": 5,
    "33": 5,
    "9": 15,
    "15": 23,
    "24": 13,
    "28": 13,
    "5": 22,
    "18": 16,
    "34": 12,
    "39": 1,
    "10": 3,
    "20": 2,
    "167": 4,
    "55": 1,
    "6": 8,
    "49": 5,
    "79": 7,
    "11": 2,
    "16": 8,
    "58": 6,
    "38": 1,
    "27": 2,
    "37": 2,
    "17": 2,
    "35": 5,
    "118": 1,
    "46": 4,
    "32": 1,
    "25": 7,
    "12": 2,
    "7": 2,
    "45": 1,
    "36": 1,
    "83": 1,
    "62": 1,
    "51": 2,
    "23": 4,
    "180": 1,
    "181": 1,
    "175": 1,
    "29": 2,
    "52": 1,
    "60": 1,
    "47": 1,
    "168": 2,
    "206": 1,
    "50": 1,
    "170": 1,
    "117": 1
  }
}