{
  "schema": 1,
  "name": "florrio",
  "first_seen": 1778364027.031883,
  "last_seen": 1778713229.674247,
  "episodes": 1257,
  "score_total": 127193,
  "score_best": 5080,
  "best_loadout": [
    0,
    0,
    0,
    0,
    0,
    0,
    0
  ],
  "killed_by": {
    "Massive Beetle": 2,
    "Desert Centipede": 14,
    "Hornet": 345,
    "Evil Centipede": 19,
    "Cactus": 81,
    "Sandstorm": 14,
    "Spider": 38,
    "Beetle": 48,
    "Centipede": 34,
    "Soldier Ant": 7,
    "Bee": 102,
    "Boulder": 3,
    "Queen Ant": 1,
    "Worker Ant": 7,
    "Scorpion": 3,
    "Wasp": 191,
    "Bush": 6,
    "Mantis": 90,
    "bot-81": 1,
    "bot-25": 1,
    "bot-48": 1,
    "bot-55": 1,
    "rosie": 1,
    "bot-45": 2,
    "Rock": 13,
    "Leafbug": 19,
    "bot-146": 2,
    "bot-143": 2,
    "bot-41": 2,
    "bot-131": 3,
    "bot-98": 1,
    "bot-39": 3,
    "bot-144": 2,
    "bot-64": 2,
    "bot-43": 1,
    "Ladybug": 47,
    "bot-49": 1,
    "bot-24": 3,
    "bloomy": 3,
    "bot-34": 2,
    "bot-27": 5,
    "bot-65": 4,
    "prickly": 1,
    "bot-62": 1,
    "bot-44": 2,
    "bot-85": 1,
    "bot-140": 1,
    "bot-121": 2,
    "bot-28": 1,
    "leafy": 1,
    "bot-51": 3,
    "bot-46": 1,
    "bot-100": 1,
    "bot-33": 1,
    "aa": 2,
    "bot-133": 5,
    "bot-130": 1,
    "bot-92": 4,
    "petalpop": 5,
    "bot-32": 1,
    "bot-148": 1,
    "bot-102": 2,
    "Baby Ant": 2,
    "bot-122": 3,
    "root": 4,
    "not bot": 1,
    "bot-67": 2,
    "bot-22": 4,
    "bot-29": 1,
    "bot-106": 5,
    "bot-109": 1,
    "bot-113": 2,
    "bot-101": 3,
    "bot-93": 1,
    "bot-84": 2,
    "bot-79": 2,
    "bot-53": 2,
    "bot-112": 1,
    "67": 1,
    "bot-134": 3,
    "bot-47": 1,
    "bot-127": 1,
    "bot-87": 1,
    "bot-120": 2,
    "bot-142": 2,
    "bot-115": 2,
    "flower": 1,
    "bot-129": 1,
    "bot-97": 1,
    "bot-108": 1,
    "bot-123": 2,
    "bot-57": 1,
    "bot-135": 1,
    "gardn": 2,
    "bot-56": 1,
    "bot-111": 1,
    "bot-94": 1,
    "bot-38": 1,
    "bot-76": 1,
    "thornbloom": 1,
    "bot-118": 3
  },
  "loadout_history": {
    "0": 1062,
    "1": 887,
    "19": 1,
    "14": 20,
    "48": 1,
    "40": 1,
    "33": 1,
    "9": 11,
    "15": 14,
    "24": 9,
    "28": 5,
    "5": 12,
    "18": 9,
    "34": 5,
    "39": 1,
    "10": 2,
    "20": 1,
    "167": 2,
    "55": 1,
    "6": 6,
    "49": 4,
    "79": 5,
    "11": 2,
    "16": 5,
    "58": 5,
    "38": 1,
    "27": 2,
    "37": 2,
    "17": 2,
    "35": 4,
    "118": 1,
    "46": 1,
    "32": 1,
    "25": 3,
    "12": 1,
    "7": 1,
    "45": 1,
    "36": 1,
    "83": 1,
    "62": 1,
    "51": 1,
    "23": 1,
    "180": 1,
    "181": 1,
    "175": 1
  }
}