{
  "schema": 1,
  "name": "florrio",
  "first_seen": 1778364027.031883,
  "last_seen": 1778731840.686121,
  "episodes": 1394,
  "score_total": 146253,
  "score_best": 5080,
  "best_loadout": [
    0,
    0,
    0,
    0,
    0,
    0,
    0
  ],
  "killed_by": {
    "Massive Beetle": 2,
    "Desert Centipede": 14,
    "Hornet": 381,
    "Evil Centipede": 21,
    "Cactus": 91,
    "Sandstorm": 16,
    "Spider": 39,
    "Beetle": 58,
    "Centipede": 37,
    "Soldier Ant": 7,
    "Bee": 108,
    "Boulder": 3,
    "Queen Ant": 1,
    "Worker Ant": 9,
    "Scorpion": 4,
    "Wasp": 218,
    "Bush": 6,
    "Mantis": 104,
    "bot-81": 1,
    "bot-25": 1,
    "bot-48": 1,
    "bot-55": 1,
    "rosie": 1,
    "bot-45": 2,
    "Rock": 13,
    "Leafbug": 19,
    "bot-146": 2,
    "bot-143": 2,
    "bot-41": 2,
    "bot-131": 3,
    "bot-98": 1,
    "bot-39": 3,
    "bot-144": 2,
    "bot-64": 2,
    "bot-43": 1,
    "Ladybug": 48,
    "bot-49": 1,
    "bot-24": 3,
    "bloomy": 3,
    "bot-34": 2,
    "bot-27": 5,
    "bot-65": 5,
    "prickly": 1,
    "bot-62": 1,
    "bot-44": 2,
    "bot-85": 1,
    "bot-140": 1,
    "bot-121": 2,
    "bot-28": 1,
    "leafy": 1,
    "bot-51": 3,
    "bot-46": 1,
    "bot-100": 2,
    "bot-33": 1,
    "aa": 2,
    "bot-133": 5,
    "bot-130": 1,
    "bot-92": 4,
    "petalpop": 5,
    "bot-32": 1,
    "bot-148": 1,
    "bot-102": 2,
    "Baby Ant": 2,
    "bot-122": 3,
    "root": 4,
    "not bot": 1,
    "bot-67": 2,
    "bot-22": 5,
    "bot-29": 1,
    "bot-106": 5,
    "bot-109": 1,
    "bot-113": 2,
    "bot-101": 3,
    "bot-93": 1,
    "bot-84": 2,
    "bot-79": 2,
    "bot-53": 2,
    "bot-112": 1,
    "67": 1,
    "bot-134": 3,
    "bot-47": 1,
    "bot-127": 1,
    "bot-87": 1,
    "bot-120": 2,
    "bot-142": 2,
    "bot-115": 2,
    "flower": 1,
    "bot-129": 1,
    "bot-97": 1,
    "bot-108": 1,
    "bot-123": 2,
    "bot-57": 2,
    "bot-135": 1,
    "gardn": 2,
    "bot-56": 1,
    "bot-111": 1,
    "bot-94": 2,
    "bot-38": 2,
    "bot-76": 1,
    "thornbloom": 1,
    "bot-118": 3,
    "blossom": 1,
    "bot-149": 1,
    "sussy": 1,
    "bot-63": 1,
    "bot-128": 2,
    "bot-36": 1
  },
  "loadout_history": {
    "0": 1172,
    "1": 997,
    "19": 2,
    "14": 21,
    "48": 1,
    "40": 1,
    "33": 2,
    "9": 13,
    "15": 18,
    "24": 12,
    "28": 9,
    "5": 19,
    "18": 12,
    "34": 9,
    "39": 1,
    "10": 3,
    "20": 1,
    "167": 4,
    "55": 1,
    "6": 8,
    "49": 5,
    "79": 7,
    "11": 2,
    "16": 7,
    "58": 6,
    "38": 1,
    "27": 2,
    "37": 2,
    "17": 2,
    "35": 4,
    "118": 1,
    "46": 3,
    "32": 1,
    "25": 6,
    "12": 2,
    "7": 1,
    "45": 1,
    "36": 1,
    "83": 1,
    "62": 1,
    "51": 1,
    "23": 2,
    "180": 1,
    "181": 1,
    "175": 1,
    "29": 2,
    "52": 1,
    "60": 1
  }
}