{
  "schema": 1,
  "name": "florrio",
  "first_seen": 1778364027.031883,
  "last_seen": 1778638601.786786,
  "episodes": 720,
  "score_total": 52424,
  "score_best": 5022,
  "best_loadout": [
    0,
    0,
    0,
    0,
    0,
    0,
    0
  ],
  "killed_by": {
    "Massive Beetle": 2,
    "Desert Centipede": 9,
    "Hornet": 203,
    "Evil Centipede": 14,
    "Cactus": 48,
    "Sandstorm": 7,
    "Spider": 15,
    "Beetle": 29,
    "Centipede": 24,
    "Soldier Ant": 4,
    "Bee": 60,
    "Boulder": 3,
    "Queen Ant": 1,
    "Worker Ant": 3,
    "Scorpion": 3,
    "Wasp": 97,
    "Bush": 5,
    "Mantis": 56,
    "bot-81": 1,
    "bot-25": 1,
    "bot-48": 1,
    "bot-55": 1,
    "rosie": 1,
    "bot-45": 1,
    "Rock": 7,
    "Leafbug": 5,
    "bot-146": 2,
    "bot-143": 1,
    "bot-41": 2,
    "bot-131": 2,
    "bot-98": 1,
    "bot-39": 3,
    "bot-144": 2,
    "bot-64": 2,
    "bot-43": 1,
    "Ladybug": 16,
    "bot-49": 1,
    "bot-24": 1,
    "bloomy": 3,
    "bot-34": 1,
    "bot-27": 3,
    "bot-65": 3,
    "prickly": 1,
    "bot-62": 1,
    "bot-44": 1,
    "bot-85": 1,
    "bot-140": 1,
    "bot-121": 1,
    "bot-28": 1,
    "leafy": 1,
    "bot-51": 1,
    "bot-46": 1,
    "bot-100": 1,
    "bot-33": 1,
    "aa": 2,
    "bot-133": 1,
    "bot-130": 1,
    "bot-92": 4,
    "petalpop": 5,
    "bot-32": 1,
    "bot-148": 1,
    "bot-102": 1,
    "Baby Ant": 1,
    "bot-122": 1,
    "root": 3,
    "not bot": 1,
    "bot-67": 1,
    "bot-22": 2,
    "bot-29": 1,
    "bot-106": 4,
    "bot-109": 1,
    "bot-113": 1,
    "bot-101": 1,
    "bot-93": 1,
    "bot-84": 2,
    "bot-79": 1,
    "bot-53": 1,
    "bot-112": 1
  },
  "loadout_history": {
    "0": 612,
    "1": 513,
    "19": 1,
    "14": 15,
    "48": 1,
    "40": 1,
    "33": 1,
    "9": 11,
    "15": 5,
    "24": 8,
    "28": 4,
    "5": 6,
    "18": 7,
    "34": 4,
    "39": 1,
    "10": 1,
    "20": 1,
    "167": 1,
    "55": 1,
    "6": 2,
    "49": 4,
    "79": 3,
    "11": 2,
    "16": 3,
    "58": 4,
    "38": 1,
    "27": 1,
    "37": 2,
    "17": 1,
    "35": 2,
    "118": 1,
    "46": 1,
    "32": 1,
    "25": 1,
    "12": 1,
    "7": 1,
    "45": 1
  }
}