{
  "schema": 1,
  "name": "florrio",
  "first_seen": 1778364027.031883,
  "last_seen": 1778624221.020844,
  "episodes": 575,
  "score_total": 40920,
  "score_best": 5022,
  "best_loadout": [
    0,
    0,
    0,
    0,
    0,
    0,
    0
  ],
  "killed_by": {
    "Massive Beetle": 2,
    "Desert Centipede": 3,
    "Hornet": 172,
    "Evil Centipede": 14,
    "Cactus": 35,
    "Sandstorm": 7,
    "Spider": 9,
    "Beetle": 23,
    "Centipede": 14,
    "Soldier Ant": 2,
    "Bee": 52,
    "Boulder": 3,
    "Queen Ant": 1,
    "Worker Ant": 3,
    "Scorpion": 3,
    "Wasp": 81,
    "Bush": 4,
    "Mantis": 48,
    "bot-81": 1,
    "bot-25": 1,
    "bot-48": 1,
    "bot-55": 1,
    "rosie": 1,
    "bot-45": 1,
    "Rock": 4,
    "Leafbug": 3,
    "bot-146": 2,
    "bot-143": 1,
    "bot-41": 2,
    "bot-131": 1,
    "bot-98": 1,
    "bot-39": 1,
    "bot-144": 1,
    "bot-64": 2,
    "bot-43": 1,
    "Ladybug": 12,
    "bot-49": 1,
    "bot-24": 1,
    "bloomy": 1,
    "bot-34": 1,
    "bot-27": 3,
    "bot-65": 1,
    "prickly": 1,
    "bot-62": 1,
    "bot-44": 1,
    "bot-85": 1,
    "bot-140": 1,
    "bot-121": 1,
    "bot-28": 1,
    "leafy": 1,
    "bot-51": 1,
    "bot-46": 1,
    "bot-100": 1,
    "bot-33": 1,
    "aa": 2,
    "bot-133": 1,
    "bot-130": 1,
    "bot-92": 4,
    "petalpop": 4,
    "bot-32": 1,
    "bot-148": 1,
    "bot-102": 1,
    "Baby Ant": 1,
    "bot-122": 1,
    "root": 1
  },
  "loadout_history": {
    "0": 493,
    "1": 398,
    "19": 1,
    "14": 9,
    "48": 1,
    "40": 1,
    "33": 1,
    "9": 5,
    "15": 4,
    "24": 6,
    "28": 4,
    "5": 4,
    "18": 4,
    "34": 2,
    "39": 1,
    "10": 1,
    "20": 1,
    "167": 1,
    "55": 1,
    "6": 1,
    "49": 1,
    "79": 3,
    "11": 1,
    "16": 2,
    "58": 2,
    "38": 1,
    "27": 1,
    "37": 2,
    "17": 1,
    "35": 1,
    "118": 1
  }
}