{
  "schema": 1,
  "name": "flower",
  "first_seen": 1778364680.210876,
  "last_seen": 1778712607.9584498,
  "episodes": 1231,
  "score_total": 194299,
  "score_best": 15442,
  "best_loadout": [
    0,
    1,
    1,
    0,
    0,
    0,
    0,
    0
  ],
  "killed_by": {
    "Massive Ladybug": 2,
    "Beetle": 42,
    "Hornet": 293,
    "Bee": 99,
    "Wasp": 237,
    "Cactus": 59,
    "Spider": 25,
    "Mantis": 135,
    "Evil Centipede": 12,
    "bot-107": 1,
    "bot-46": 3,
    "Ladybug": 36,
    "bot-79": 5,
    "Scorpion": 9,
    "bot-109": 2,
    "bot": 1,
    "bot-67": 3,
    "Centipede": 28,
    "Baby Ant": 3,
    "Sandstorm": 12,
    "bot-76": 2,
    "rosie": 2,
    "not bot": 2,
    "bot-40": 1,
    "bot-26": 6,
    "bot-31": 1,
    "bot-22": 2,
    "bot-119": 1,
    "Leafbug": 18,
    "Desert Centipede": 4,
    "bot-64": 2,
    "bot-122": 1,
    "Rock": 7,
    "bot-88": 3,
    "bot-138": 3,
    "bot-90": 2,
    "bot-84": 2,
    "bot-128": 2,
    "bot-117": 1,
    "bot-33": 3,
    "bot-123": 1,
    "bot-126": 1,
    "bot-83": 1,
    "bot-94": 4,
    "bot-66": 2,
    "bot-28": 2,
    "Bush": 13,
    "67": 2,
    "bot-135": 1,
    "florrio": 1,
    "bot-127": 3,
    "bot-116": 1,
    "bot-39": 1,
    "bot-147": 2,
    "bot-87": 3,
    "bot-68": 2,
    "bot-103": 3,
    "bot-125": 1,
    "root": 2,
    "bot-89": 1,
    "Soldier Ant": 3,
    "bot-30": 2,
    "bot-53": 3,
    "bot-112": 1,
    "aa": 2,
    "bot-71": 3,
    "bot-50": 1,
    "bot-92": 1,
    "bot-132": 4,
    "bot-129": 2,
    "bot-102": 2,
    "hello": 2,
    "bot-86": 3,
    "bot-62": 1,
    "gardn": 5,
    "bot-134": 1,
    "bot-142": 1,
    "bot-75": 4,
    "bot-82": 1,
    "bot-106": 2,
    "bloom": 2,
    "bot-29": 2,
    "bot-141": 6,
    "bot-114": 1,
    "thornbloom": 1,
    "bloomy": 2,
    "bot-35": 1,
    "leafy": 1,
    "bot-54": 2,
    "bot-58": 1,
    "bot-100": 1,
    "bot-144": 2,
    "bot-136": 1,
    "bot-145": 1,
    "bot-74": 1,
    "bot-36": 1,
    "petalpop": 1,
    "bot-27": 1,
    "bot-37": 3,
    "bot-34": 2,
    "a": 2,
    "bot-143": 1,
    "bot-55": 1,
    "bot-148": 1,
    "bot-130": 1,
    "bot-24": 1,
    "bot-25": 4,
    "bot-73": 1
  },
  "loadout_history": {
    "0": 1057,
    "1": 867,
    "9": 10,
    "14": 20,
    "34": 4,
    "24": 9,
    "46": 1,
    "5": 10,
    "7": 10,
    "25": 5,
    "15": 11,
    "116": 1,
    "18": 4,
    "10": 3,
    "51": 2,
    "26": 3,
    "11": 2,
    "19": 4,
    "37": 1,
    "204": 1,
    "79": 1,
    "8": 4,
    "22": 1,
    "16": 1,
    "6": 4,
    "21": 1,
    "28": 1,
    "49": 1,
    "48": 1,
    "117": 1,
    "31": 1,
    "27": 2,
    "86": 1,
    "32": 1,
    "183": 1,
    "58": 2,
    "83": 1,
    "136": 1,
    "13": 1,
    "60": 2,
    "17": 1
  }
}