{
  "schema": 1,
  "name": "flower",
  "first_seen": 1778364680.210876,
  "last_seen": 1778623641.5000691,
  "episodes": 511,
  "score_total": 82508,
  "score_best": 15442,
  "best_loadout": [
    0,
    1,
    1,
    0,
    0,
    0,
    0,
    0
  ],
  "killed_by": {
    "Massive Ladybug": 2,
    "Beetle": 14,
    "Hornet": 135,
    "Bee": 43,
    "Wasp": 96,
    "Cactus": 29,
    "Spider": 8,
    "Mantis": 52,
    "Evil Centipede": 6,
    "bot-107": 1,
    "bot-46": 1,
    "Ladybug": 8,
    "bot-79": 2,
    "Scorpion": 6,
    "bot-109": 1,
    "bot": 1,
    "bot-67": 1,
    "Centipede": 16,
    "Baby Ant": 2,
    "Sandstorm": 1,
    "bot-76": 1,
    "rosie": 1,
    "not bot": 1,
    "bot-40": 1,
    "bot-26": 2,
    "bot-31": 1,
    "bot-22": 1,
    "bot-119": 1,
    "Leafbug": 10,
    "Desert Centipede": 1,
    "bot-64": 1,
    "bot-122": 1,
    "Rock": 2,
    "bot-88": 2,
    "bot-138": 1,
    "bot-90": 2,
    "bot-84": 2,
    "bot-128": 1,
    "bot-117": 1,
    "bot-33": 2,
    "bot-123": 1,
    "bot-126": 1,
    "bot-83": 1,
    "bot-94": 1,
    "bot-66": 2,
    "bot-28": 1,
    "Bush": 4,
    "67": 1,
    "bot-135": 1,
    "florrio": 1,
    "bot-127": 1,
    "bot-116": 1,
    "bot-39": 1,
    "bot-147": 1,
    "bot-87": 1,
    "bot-68": 1,
    "bot-103": 1,
    "bot-125": 1,
    "root": 1,
    "bot-89": 1,
    "Soldier Ant": 1,
    "bot-30": 1,
    "bot-53": 1,
    "bot-112": 1,
    "aa": 1,
    "bot-71": 1
  },
  "loadout_history": {
    "0": 447,
    "1": 354,
    "9": 3,
    "14": 7,
    "34": 2,
    "24": 5,
    "46": 1,
    "5": 5,
    "7": 2,
    "25": 1,
    "15": 5,
    "116": 1,
    "18": 2,
    "10": 3,
    "51": 2,
    "26": 3,
    "11": 2,
    "19": 2,
    "37": 1,
    "204": 1,
    "79": 1,
    "8": 1,
    "22": 1,
    "16": 1,
    "6": 1,
    "21": 1
  }
}