{
  "schema": 1,
  "name": "flower",
  "first_seen": 1778364680.210876,
  "last_seen": 1778731767.7859242,
  "episodes": 1367,
  "score_total": 210834,
  "score_best": 15442,
  "best_loadout": [
    0,
    1,
    1,
    0,
    0,
    0,
    0,
    0
  ],
  "killed_by": {
    "Massive Ladybug": 2,
    "Beetle": 52,
    "Hornet": 329,
    "Bee": 111,
    "Wasp": 254,
    "Cactus": 60,
    "Spider": 32,
    "Mantis": 147,
    "Evil Centipede": 18,
    "bot-107": 1,
    "bot-46": 3,
    "Ladybug": 41,
    "bot-79": 5,
    "Scorpion": 9,
    "bot-109": 2,
    "bot": 1,
    "bot-67": 3,
    "Centipede": 33,
    "Baby Ant": 3,
    "Sandstorm": 12,
    "bot-76": 2,
    "rosie": 2,
    "not bot": 2,
    "bot-40": 1,
    "bot-26": 6,
    "bot-31": 1,
    "bot-22": 2,
    "bot-119": 1,
    "Leafbug": 19,
    "Desert Centipede": 4,
    "bot-64": 2,
    "bot-122": 1,
    "Rock": 8,
    "bot-88": 3,
    "bot-138": 3,
    "bot-90": 2,
    "bot-84": 2,
    "bot-128": 4,
    "bot-117": 1,
    "bot-33": 3,
    "bot-123": 1,
    "bot-126": 1,
    "bot-83": 1,
    "bot-94": 4,
    "bot-66": 2,
    "bot-28": 2,
    "Bush": 14,
    "67": 2,
    "bot-135": 1,
    "florrio": 1,
    "bot-127": 4,
    "bot-116": 1,
    "bot-39": 1,
    "bot-147": 2,
    "bot-87": 3,
    "bot-68": 3,
    "bot-103": 3,
    "bot-125": 1,
    "root": 2,
    "bot-89": 1,
    "Soldier Ant": 3,
    "bot-30": 2,
    "bot-53": 3,
    "bot-112": 1,
    "aa": 2,
    "bot-71": 3,
    "bot-50": 1,
    "bot-92": 1,
    "bot-132": 4,
    "bot-129": 2,
    "bot-102": 2,
    "hello": 2,
    "bot-86": 3,
    "bot-62": 1,
    "gardn": 5,
    "bot-134": 1,
    "bot-142": 1,
    "bot-75": 4,
    "bot-82": 1,
    "bot-106": 4,
    "bloom": 2,
    "bot-29": 2,
    "bot-141": 6,
    "bot-114": 1,
    "thornbloom": 1,
    "bloomy": 2,
    "bot-35": 1,
    "leafy": 1,
    "bot-54": 2,
    "bot-58": 1,
    "bot-100": 2,
    "bot-144": 2,
    "bot-136": 1,
    "bot-145": 2,
    "bot-74": 1,
    "bot-36": 1,
    "petalpop": 1,
    "bot-27": 1,
    "bot-37": 3,
    "bot-34": 2,
    "a": 2,
    "bot-143": 1,
    "bot-55": 1,
    "bot-148": 1,
    "bot-130": 1,
    "bot-24": 1,
    "bot-25": 4,
    "bot-73": 2,
    "zorr": 1,
    "bot-139": 1,
    "bot-124": 2,
    "bot-49": 2,
    "bot-48": 1
  },
  "loadout_history": {
    "0": 1162,
    "1": 977,
    "9": 14,
    "14": 32,
    "34": 9,
    "24": 14,
    "46": 1,
    "5": 18,
    "7": 11,
    "25": 8,
    "15": 14,
    "116": 2,
    "18": 9,
    "10": 5,
    "51": 3,
    "26": 5,
    "11": 3,
    "19": 6,
    "37": 1,
    "204": 1,
    "79": 1,
    "8": 4,
    "22": 1,
    "16": 3,
    "6": 8,
    "21": 1,
    "28": 2,
    "49": 2,
    "48": 2,
    "117": 1,
    "31": 1,
    "27": 2,
    "86": 1,
    "32": 2,
    "183": 1,
    "58": 2,
    "83": 1,
    "136": 1,
    "13": 1,
    "60": 2,
    "17": 1,
    "23": 3,
    "52": 1,
    "29": 2,
    "20": 1,
    "33": 1,
    "92": 1,
    "205": 1,
    "69": 1
  }
}