{
  "schema": 1,
  "name": "gardn",
  "first_seen": 1778364026.79023,
  "last_seen": 1778623837.71435,
  "episodes": 572,
  "score_total": 67299,
  "score_best": 7609,
  "best_loadout": [
    0,
    0,
    0,
    0,
    0,
    0,
    0,
    0
  ],
  "killed_by": {
    "Cactus": 40,
    "Boulder": 1,
    "Hornet": 123,
    "Spider": 21,
    "Evil Centipede": 10,
    "Beetle": 39,
    "Soldier Ant": 10,
    "Bee": 34,
    "bot-410": 1,
    "bot-308": 3,
    "Rock": 6,
    "Massive Beetle": 2,
    "bot-303": 3,
    "bot-701": 1,
    "bot-102": 1,
    "Desert Centipede": 15,
    "Wasp": 85,
    "Mantis": 42,
    "bot-28": 3,
    "bot-121": 4,
    "Ladybug": 29,
    "Scorpion": 3,
    "bot-22": 2,
    "bot-88": 3,
    "bot-57": 1,
    "bot-79": 1,
    "Leafbug": 7,
    "bot-127": 1,
    "bot-136": 1,
    "Worker Ant": 3,
    "Sandstorm": 2,
    "Centipede": 11,
    "Baby Ant": 1,
    "bot-98": 1,
    "bot-137": 1,
    "thorn": 1,
    "bot-36": 1,
    "bot-48": 1,
    "bot-27": 1,
    "bot-145": 1,
    "not bot": 2,
    "bot-124": 2,
    "bot-43": 1,
    "bot-91": 1,
    "bot-104": 1,
    "zorr": 2,
    "bot-73": 1,
    "bot-141": 1,
    "bot-47": 2,
    "bot-89": 2,
    "bot-77": 1,
    "bot-78": 1,
    "thorny": 1,
    "bot-107": 1,
    "bot-96": 1,
    "bot-31": 1,
    "bot-72": 1,
    "bot-92": 1,
    "bot-95": 1,
    "bot-101": 1,
    "a": 1,
    "bot-59": 1,
    "bot-94": 1,
    "bot": 1,
    "bot-33": 1,
    "bot-149": 1
  },
  "loadout_history": {
    "0": 491,
    "1": 385,
    "9": 5,
    "18": 6,
    "10": 1,
    "28": 3,
    "7": 2,
    "6": 3,
    "51": 1,
    "14": 4,
    "15": 7,
    "49": 1,
    "25": 3,
    "5": 4,
    "167": 1,
    "24": 5,
    "11": 1,
    "20": 2,
    "29": 2,
    "79": 2,
    "19": 1,
    "12": 1,
    "21": 1,
    "117": 1
  }
}