{
  "schema": 1,
  "name": "gardn",
  "first_seen": 1778364026.79023,
  "last_seen": 1779316385.705475,
  "episodes": 1676,
  "score_total": 244701,
  "score_best": 9406,
  "best_loadout": [
    0,
    0,
    0,
    0,
    0,
    0,
    0,
    0
  ],
  "killed_by": {
    "Cactus": 117,
    "Boulder": 2,
    "Hornet": 413,
    "Spider": 54,
    "Evil Centipede": 37,
    "Beetle": 91,
    "Soldier Ant": 16,
    "Bee": 100,
    "bot-410": 1,
    "bot-308": 3,
    "Rock": 12,
    "Massive Beetle": 2,
    "bot-303": 3,
    "bot-701": 1,
    "bot-102": 1,
    "Desert Centipede": 18,
    "Wasp": 254,
    "Mantis": 125,
    "bot-28": 3,
    "bot-121": 5,
    "Ladybug": 79,
    "Scorpion": 13,
    "bot-22": 3,
    "bot-88": 3,
    "bot-57": 1,
    "bot-79": 1,
    "Leafbug": 20,
    "bot-127": 4,
    "bot-136": 1,
    "Worker Ant": 7,
    "Sandstorm": 13,
    "Centipede": 39,
    "Baby Ant": 4,
    "bot-98": 1,
    "bot-137": 1,
    "thorn": 1,
    "bot-36": 3,
    "bot-48": 2,
    "bot-27": 2,
    "bot-145": 3,
    "not bot": 2,
    "bot-124": 2,
    "bot-43": 1,
    "bot-91": 1,
    "bot-104": 4,
    "zorr": 2,
    "bot-73": 2,
    "bot-141": 2,
    "bot-47": 2,
    "bot-89": 2,
    "bot-77": 1,
    "bot-78": 1,
    "thorny": 2,
    "bot-107": 1,
    "bot-96": 2,
    "bot-31": 2,
    "bot-72": 5,
    "bot-92": 3,
    "bot-95": 2,
    "bot-101": 3,
    "a": 1,
    "bot-59": 1,
    "bot-94": 1,
    "bot": 6,
    "bot-33": 2,
    "bot-149": 1,
    "blossom": 1,
    "bot-50": 1,
    "bot-70": 1,
    "Bush": 21,
    "bot-65": 2,
    "bot-90": 1,
    "bot-131": 2,
    "bot-82": 2,
    "bot-23": 1,
    "67": 1,
    "flower": 5,
    "bot-56": 1,
    "petalpop": 2,
    "bot-125": 3,
    "bot-106": 2,
    "bot-93": 4,
    "bot-32": 2,
    "bot-97": 9,
    "aa": 1,
    "bot-30": 3,
    "bot-39": 1,
    "bot-109": 1,
    "bot-26": 1,
    "bot-75": 4,
    "bot-87": 1,
    "Queen Ant": 1,
    "bot-119": 2,
    "bot-140": 2,
    "bot-68": 3,
    "bot-115": 4,
    "bot-143": 1,
    "bot-40": 1,
    "bot-85": 1,
    "bot-42": 2,
    "bot-142": 2,
    "bot-74": 1,
    "bot-128": 1,
    "bot-138": 1,
    "bot-81": 1,
    "bot-62": 1,
    "bloom": 2,
    "bot-100": 1,
    "bot-111": 1,
    "bot-38": 1,
    "bot-69": 1,
    "bot-45": 1,
    "leafy": 1,
    "bot-116": 1,
    "root": 1,
    "bot-110": 1,
    "bot-76": 1,
    "bot-123": 2,
    "bot-35": 2,
    "bot-120": 1,
    "bot-29": 2,
    "bot-122": 2,
    "bot-84": 1,
    "bot-66": 1
  },
  "loadout_history": {
    "0": 1418,
    "1": 1210,
    "9": 22,
    "18": 18,
    "10": 6,
    "28": 11,
    "7": 3,
    "6": 8,
    "51": 2,
    "14": 32,
    "15": 20,
    "49": 3,
    "25": 5,
    "5": 19,
    "167": 4,
    "24": 15,
    "11": 2,
    "20": 4,
    "29": 6,
    "79": 4,
    "19": 4,
    "12": 1,
    "21": 1,
    "117": 1,
    "116": 4,
    "84": 1,
    "33": 2,
    "169": 1,
    "31": 1,
    "30": 1,
    "35": 1,
    "13": 1,
    "52": 1,
    "16": 2,
    "17": 3,
    "64": 1,
    "54": 1,
    "27": 1,
    "175": 1,
    "58": 2,
    "135": 1,
    "62": 1,
    "34": 2,
    "48": 2,
    "69": 1,
    "23": 1,
    "180": 1,
    "39": 2,
    "107": 1,
    "40": 1,
    "204": 1
  }
}