{
  "schema": 1,
  "name": "gardn",
  "first_seen": 1778364026.79023,
  "last_seen": 1778713161.262772,
  "episodes": 1336,
  "score_total": 214581,
  "score_best": 9406,
  "best_loadout": [
    0,
    0,
    0,
    0,
    0,
    0,
    0,
    0
  ],
  "killed_by": {
    "Cactus": 101,
    "Boulder": 1,
    "Hornet": 303,
    "Spider": 50,
    "Evil Centipede": 19,
    "Beetle": 62,
    "Soldier Ant": 14,
    "Bee": 87,
    "bot-410": 1,
    "bot-308": 3,
    "Rock": 11,
    "Massive Beetle": 2,
    "bot-303": 3,
    "bot-701": 1,
    "bot-102": 1,
    "Desert Centipede": 18,
    "Wasp": 207,
    "Mantis": 99,
    "bot-28": 3,
    "bot-121": 5,
    "Ladybug": 70,
    "Scorpion": 8,
    "bot-22": 3,
    "bot-88": 3,
    "bot-57": 1,
    "bot-79": 1,
    "Leafbug": 18,
    "bot-127": 4,
    "bot-136": 1,
    "Worker Ant": 5,
    "Sandstorm": 12,
    "Centipede": 34,
    "Baby Ant": 3,
    "bot-98": 1,
    "bot-137": 1,
    "thorn": 1,
    "bot-36": 3,
    "bot-48": 2,
    "bot-27": 2,
    "bot-145": 3,
    "not bot": 2,
    "bot-124": 2,
    "bot-43": 1,
    "bot-91": 1,
    "bot-104": 4,
    "zorr": 2,
    "bot-73": 2,
    "bot-141": 2,
    "bot-47": 2,
    "bot-89": 2,
    "bot-77": 1,
    "bot-78": 1,
    "thorny": 2,
    "bot-107": 1,
    "bot-96": 2,
    "bot-31": 2,
    "bot-72": 5,
    "bot-92": 3,
    "bot-95": 2,
    "bot-101": 3,
    "a": 1,
    "bot-59": 1,
    "bot-94": 1,
    "bot": 3,
    "bot-33": 2,
    "bot-149": 1,
    "blossom": 1,
    "bot-50": 1,
    "bot-70": 1,
    "Bush": 11,
    "bot-65": 2,
    "bot-90": 1,
    "bot-131": 2,
    "bot-82": 2,
    "bot-23": 1,
    "67": 1,
    "flower": 5,
    "bot-56": 1,
    "petalpop": 2,
    "bot-125": 3,
    "bot-106": 2,
    "bot-93": 4,
    "bot-32": 1,
    "bot-97": 9,
    "aa": 1,
    "bot-30": 3,
    "bot-39": 1,
    "bot-109": 1,
    "bot-26": 1,
    "bot-75": 1,
    "bot-87": 1,
    "Queen Ant": 1,
    "bot-119": 1,
    "bot-140": 2,
    "bot-68": 2,
    "bot-115": 2,
    "bot-143": 1,
    "bot-40": 1,
    "bot-85": 1,
    "bot-42": 1,
    "bot-142": 2,
    "bot-74": 1,
    "bot-128": 1,
    "bot-138": 1,
    "bot-81": 1,
    "bot-62": 1,
    "bloom": 2,
    "bot-100": 1,
    "bot-111": 1,
    "bot-38": 1,
    "bot-69": 1,
    "bot-45": 1,
    "leafy": 1,
    "bot-116": 1,
    "root": 1,
    "bot-110": 1,
    "bot-76": 1
  },
  "loadout_history": {
    "0": 1103,
    "1": 964,
    "9": 16,
    "18": 9,
    "10": 4,
    "28": 5,
    "7": 2,
    "6": 6,
    "51": 2,
    "14": 14,
    "15": 15,
    "49": 1,
    "25": 4,
    "5": 12,
    "167": 2,
    "24": 7,
    "11": 2,
    "20": 3,
    "29": 4,
    "79": 2,
    "19": 2,
    "12": 1,
    "21": 1,
    "117": 1,
    "116": 2,
    "84": 1,
    "33": 2,
    "169": 1,
    "31": 1,
    "30": 1,
    "35": 1,
    "13": 1,
    "52": 1,
    "16": 2,
    "17": 3,
    "64": 1,
    "54": 1,
    "27": 1,
    "175": 1,
    "58": 1,
    "135": 1,
    "62": 1
  }
}