{
  "schema": 1,
  "name": "hello",
  "first_seen": 1778364027.7534652,
  "last_seen": 1778731871.509435,
  "episodes": 1425,
  "score_total": 214668,
  "score_best": 10072,
  "best_loadout": [
    0,
    0,
    0,
    0,
    0,
    0,
    0,
    0
  ],
  "killed_by": {
    "Hornet": 360,
    "Soldier Ant": 10,
    "Beetle": 64,
    "Cactus": 76,
    "Spider": 42,
    "bot-109": 1,
    "Centipede": 56,
    "Bee": 107,
    "Scorpion": 7,
    "Worker Ant": 5,
    "Ant Hole": 1,
    "bot-502": 1,
    "Queen Ant": 2,
    "Wasp": 234,
    "bot-404": 1,
    "bot-144": 2,
    "Mantis": 124,
    "Evil Centipede": 17,
    "bot-111": 3,
    "bot-85": 2,
    "Sandstorm": 20,
    "Ladybug": 48,
    "petalpop": 4,
    "bot-110": 2,
    "bot-125": 2,
    "gardn": 1,
    "Leafbug": 18,
    "Baby Ant": 2,
    "bot-128": 3,
    "bot-26": 1,
    "bot-63": 2,
    "bot-89": 4,
    "bot-138": 2,
    "67": 1,
    "Rock": 13,
    "bot-115": 3,
    "prickly": 1,
    "Bush": 11,
    "bot-79": 1,
    "bot-22": 2,
    "bot-117": 3,
    "bot-83": 1,
    "bot-64": 1,
    "bot-147": 2,
    "bot-118": 1,
    "bot-102": 1,
    "bot-126": 2,
    "bot-135": 1,
    "bot-32": 1,
    "bot-59": 1,
    "bot-112": 1,
    "bot-42": 1,
    "bot-96": 2,
    "bot": 2,
    "bot-104": 2,
    "rosie": 2,
    "bot-49": 1,
    "bloomy": 2,
    "bot-56": 1,
    "bot-134": 1,
    "bot-149": 1,
    "bot-30": 2,
    "bot-68": 1,
    "bot-52": 1,
    "bot-27": 3,
    "bot-33": 1,
    "bot-29": 1,
    "bot-77": 2,
    "bot-114": 1,
    "bot-120": 1,
    "bot-132": 1,
    "not bot": 1,
    "bot-121": 1,
    "bot-45": 1,
    "bot-87": 2,
    "bot-70": 2,
    "bot-61": 1,
    "bot-37": 3,
    "bot-67": 2,
    "bot-44": 2,
    "bot-72": 1,
    "Desert Centipede": 3,
    "bot-131": 2,
    "bot-54": 2,
    "bot-101": 2,
    "bot-36": 4,
    "bot-78": 1,
    "bot-58": 1,
    "bot-88": 2,
    "bot-25": 1,
    "bot-86": 2,
    "bot-38": 1,
    "bot-43": 2,
    "bot-141": 1,
    "bot-60": 1,
    "bot-105": 3,
    "bot-142": 1,
    "bot-53": 1,
    "bot-113": 1,
    "bot-57": 1,
    "bot-51": 2,
    "bot-74": 1,
    "bot-119": 1,
    "bot-124": 1,
    "bot-71": 2,
    "bot-123": 2,
    "bot-65": 1,
    "a": 1,
    "thorn": 1,
    "bot-75": 2,
    "bot-100": 1,
    "bot-24": 1,
    "bot-133": 1,
    "bot-62": 2,
    "bot-145": 1,
    "bot-41": 1,
    "bot-80": 1,
    "sussy": 1,
    "bot-107": 2,
    "thornbloom": 1
  },
  "loadout_history": {
    "0": 1193,
    "1": 1037,
    "28": 6,
    "8": 1,
    "79": 8,
    "5": 19,
    "6": 9,
    "14": 22,
    "9": 14,
    "34": 5,
    "32": 3,
    "10": 7,
    "46": 4,
    "33": 2,
    "24": 8,
    "29": 3,
    "19": 3,
    "26": 2,
    "167": 5,
    "12": 4,
    "116": 5,
    "180": 1,
    "64": 1,
    "25": 7,
    "18": 20,
    "15": 7,
    "117": 2,
    "30": 1,
    "47": 2,
    "58": 2,
    "35": 1,
    "23": 1,
    "148": 1,
    "51": 2,
    "11": 7,
    "175": 1,
    "20": 4,
    "17": 1,
    "7": 6,
    "94": 1,
    "60": 3,
    "49": 2,
    "55": 1,
    "168": 1,
    "182": 2,
    "16": 2,
    "84": 1,
    "68": 1,
    "181": 1,
    "61": 1,
    "48": 1,
    "36": 1,
    "69": 1,
    "13": 1
  }
}