{
  "schema": 1,
  "name": "leafy",
  "first_seen": 1778364027.298105,
  "last_seen": 1778624087.707911,
  "episodes": 596,
  "score_total": 57666,
  "score_best": 5430,
  "best_loadout": [
    0,
    1,
    1,
    0,
    0,
    0,
    0
  ],
  "killed_by": {
    "Beetle": 26,
    "Hornet": 164,
    "Evil Centipede": 10,
    "Massive Beetle": 3,
    "Spider": 26,
    "bot-63": 1,
    "Cactus": 41,
    "bot-303": 1,
    "Bee": 33,
    "Sandstorm": 9,
    "Soldier Ant": 1,
    "Worker Ant": 5,
    "Scorpion": 5,
    "bot-703": 2,
    "blossom": 1,
    "Rock": 2,
    "Mantis": 37,
    "Wasp": 104,
    "bot-81": 1,
    "Centipede": 11,
    "Ladybug": 16,
    "bot-125": 1,
    "prickly": 1,
    "bot-112": 1,
    "Baby Ant": 2,
    "bot-33": 2,
    "thorn": 2,
    "bot-127": 1,
    "florrio": 1,
    "bot-41": 5,
    "Leafbug": 6,
    "Bush": 2,
    "bot-94": 1,
    "bot-122": 1,
    "bot-124": 1,
    "bot-65": 2,
    "bot-54": 1,
    "bot-28": 2,
    "bot-98": 1,
    "Desert Centipede": 2,
    "bot-136": 1,
    "bot-64": 1,
    "bot-149": 1,
    "bot-71": 7,
    "bot-66": 3,
    "a": 2,
    "bot-139": 1,
    "bot-113": 1,
    "bot-30": 1,
    "bot-62": 1,
    "bot-58": 1,
    "bot-39": 1,
    "bot-111": 1,
    "bot-134": 1,
    "bot-52": 4,
    "bot-138": 1,
    "bot-142": 1,
    "bot-82": 1,
    "bot-34": 1,
    "bot-101": 1,
    "bot-38": 1,
    "bot-92": 1,
    "bot-36": 1
  },
  "loadout_history": {
    "0": 507,
    "1": 414,
    "79": 1,
    "6": 3,
    "40": 2,
    "35": 1,
    "9": 12,
    "5": 16,
    "14": 9,
    "24": 10,
    "11": 7,
    "15": 8,
    "7": 3,
    "34": 4,
    "10": 3,
    "48": 1,
    "25": 3,
    "18": 3,
    "51": 2,
    "28": 1,
    "116": 1,
    "167": 1,
    "33": 1,
    "60": 1,
    "16": 1,
    "8": 2,
    "93": 1,
    "29": 2,
    "36": 1,
    "58": 1
  }
}