{
  "schema": 1,
  "name": "leafy",
  "first_seen": 1778364027.298105,
  "last_seen": 1778638820.061471,
  "episodes": 760,
  "score_total": 98698,
  "score_best": 5788,
  "best_loadout": [
    0,
    0,
    0,
    0,
    0,
    1,
    0
  ],
  "killed_by": {
    "Beetle": 34,
    "Hornet": 187,
    "Evil Centipede": 13,
    "Massive Beetle": 3,
    "Spider": 34,
    "bot-63": 1,
    "Cactus": 55,
    "bot-303": 1,
    "Bee": 49,
    "Sandstorm": 10,
    "Soldier Ant": 2,
    "Worker Ant": 5,
    "Scorpion": 5,
    "bot-703": 2,
    "blossom": 1,
    "Rock": 7,
    "Mantis": 46,
    "Wasp": 133,
    "bot-81": 1,
    "Centipede": 18,
    "Ladybug": 22,
    "bot-125": 1,
    "prickly": 1,
    "bot-112": 1,
    "Baby Ant": 2,
    "bot-33": 2,
    "thorn": 2,
    "bot-127": 1,
    "florrio": 1,
    "bot-41": 6,
    "Leafbug": 9,
    "Bush": 6,
    "bot-94": 1,
    "bot-122": 1,
    "bot-124": 1,
    "bot-65": 2,
    "bot-54": 1,
    "bot-28": 3,
    "bot-98": 1,
    "Desert Centipede": 5,
    "bot-136": 1,
    "bot-64": 1,
    "bot-149": 1,
    "bot-71": 7,
    "bot-66": 3,
    "a": 2,
    "bot-139": 1,
    "bot-113": 3,
    "bot-30": 1,
    "bot-62": 1,
    "bot-58": 1,
    "bot-39": 1,
    "bot-111": 1,
    "bot-134": 1,
    "bot-52": 4,
    "bot-138": 1,
    "bot-142": 1,
    "bot-82": 1,
    "bot-34": 1,
    "bot-101": 1,
    "bot-38": 1,
    "bot-92": 2,
    "bot-36": 1,
    "bot-107": 1,
    "bot-55": 3,
    "bot-105": 1,
    "bot-99": 2,
    "bot-123": 1,
    "bot-119": 2,
    "bot-148": 2,
    "bot-137": 1,
    "bot-104": 2,
    "bot": 1,
    "bot-91": 2
  },
  "loadout_history": {
    "0": 636,
    "1": 546,
    "79": 2,
    "6": 8,
    "40": 2,
    "35": 2,
    "9": 15,
    "5": 17,
    "14": 14,
    "24": 12,
    "11": 8,
    "15": 10,
    "7": 3,
    "34": 4,
    "10": 7,
    "48": 1,
    "25": 4,
    "18": 5,
    "51": 2,
    "28": 2,
    "116": 1,
    "167": 1,
    "33": 2,
    "60": 1,
    "16": 1,
    "8": 2,
    "93": 1,
    "29": 2,
    "36": 2,
    "58": 1,
    "23": 1,
    "17": 1,
    "19": 2,
    "12": 1,
    "39": 1,
    "30": 1
  }
}