{
  "schema": 1,
  "name": "leafy",
  "first_seen": 1778364027.298105,
  "last_seen": 1778727534.8095045,
  "episodes": 1446,
  "score_total": 262484,
  "score_best": 7753,
  "best_loadout": [
    6,
    1,
    1,
    1,
    1,
    6,
    6,
    0
  ],
  "killed_by": {
    "Beetle": 73,
    "Hornet": 341,
    "Evil Centipede": 18,
    "Massive Beetle": 3,
    "Spider": 53,
    "bot-63": 1,
    "Cactus": 88,
    "bot-303": 1,
    "Bee": 106,
    "Sandstorm": 15,
    "Soldier Ant": 3,
    "Worker Ant": 6,
    "Scorpion": 6,
    "bot-703": 2,
    "blossom": 1,
    "Rock": 14,
    "Mantis": 100,
    "Wasp": 272,
    "bot-81": 2,
    "Centipede": 38,
    "Ladybug": 44,
    "bot-125": 3,
    "prickly": 1,
    "bot-112": 2,
    "Baby Ant": 4,
    "bot-33": 3,
    "thorn": 6,
    "bot-127": 1,
    "florrio": 2,
    "bot-41": 6,
    "Leafbug": 23,
    "Bush": 15,
    "bot-94": 1,
    "bot-122": 2,
    "bot-124": 2,
    "bot-65": 2,
    "bot-54": 5,
    "bot-28": 9,
    "bot-98": 1,
    "Desert Centipede": 7,
    "bot-136": 2,
    "bot-64": 1,
    "bot-149": 1,
    "bot-71": 8,
    "bot-66": 4,
    "a": 2,
    "bot-139": 2,
    "bot-113": 5,
    "bot-30": 1,
    "bot-62": 1,
    "bot-58": 1,
    "bot-39": 1,
    "bot-111": 1,
    "bot-134": 1,
    "bot-52": 8,
    "bot-138": 1,
    "bot-142": 2,
    "bot-82": 1,
    "bot-34": 1,
    "bot-101": 3,
    "bot-38": 1,
    "bot-92": 3,
    "bot-36": 1,
    "bot-107": 4,
    "bot-55": 3,
    "bot-105": 1,
    "bot-99": 2,
    "bot-123": 2,
    "bot-119": 3,
    "bot-148": 2,
    "bot-137": 1,
    "bot-104": 3,
    "bot": 1,
    "bot-91": 4,
    "bot-130": 1,
    "bot-93": 3,
    "aa": 4,
    "bot-129": 2,
    "bot-109": 2,
    "bloom": 1,
    "bot-95": 1,
    "bot-76": 2,
    "blossom-v2": 1,
    "bot-31": 1,
    "bot-141": 2,
    "bot-35": 1,
    "bot-87": 2,
    "bot-73": 2,
    "bot-117": 1,
    "root": 1,
    "bot-67": 2,
    "bot-44": 3,
    "bot-143": 1,
    "bot-80": 2,
    "not bot": 1,
    "bot-48": 2,
    "bot-74": 1,
    "bot-85": 1,
    "bot-114": 1,
    "bot-88": 2,
    "bot-97": 1,
    "bot-27": 1,
    "bot-68": 1,
    "bot-46": 1,
    "bot-96": 4,
    "petalpop": 1
  },
  "loadout_history": {
    "0": 1220,
    "1": 1033,
    "79": 4,
    "6": 10,
    "40": 2,
    "35": 4,
    "9": 18,
    "5": 24,
    "14": 21,
    "24": 17,
    "11": 11,
    "15": 13,
    "7": 4,
    "34": 7,
    "10": 10,
    "48": 1,
    "25": 6,
    "18": 5,
    "51": 6,
    "28": 5,
    "116": 1,
    "167": 1,
    "33": 2,
    "60": 1,
    "16": 4,
    "8": 2,
    "93": 1,
    "29": 3,
    "36": 2,
    "58": 2,
    "23": 2,
    "17": 3,
    "19": 8,
    "12": 1,
    "39": 1,
    "30": 1,
    "32": 1,
    "21": 1,
    "138": 1,
    "180": 1,
    "69": 1,
    "56": 1,
    "20": 2,
    "22": 1,
    "47": 1,
    "26": 1,
    "55": 1,
    "46": 1
  }
}