{
  "schema": 1,
  "name": "not bot",
  "first_seen": 1778364028.713105,
  "last_seen": 1778732084.197809,
  "episodes": 1404,
  "score_total": 255428,
  "score_best": 7635,
  "best_loadout": [
    0,
    0,
    0,
    0,
    0,
    0,
    0,
    0
  ],
  "killed_by": {
    "Beetle": 70,
    "Bee": 87,
    "Hornet": 302,
    "Spider": 39,
    "thorn": 5,
    "Soldier Ant": 4,
    "Worker Ant": 8,
    "bot-602": 1,
    "Boulder": 2,
    "bot-709": 1,
    "bot-717": 2,
    "Evil Centipede": 18,
    "Mantis": 162,
    "Sandstorm": 11,
    "Leafbug": 14,
    "Scorpion": 4,
    "Wasp": 254,
    "blossom-v2": 3,
    "Cactus": 73,
    "bot-57": 1,
    "Ladybug": 53,
    "bot-24": 1,
    "Centipede": 41,
    "bot-32": 1,
    "aa": 4,
    "bot": 1,
    "bot-83": 4,
    "bot-99": 4,
    "bot-49": 3,
    "Rock": 17,
    "bot-40": 3,
    "Desert Centipede": 6,
    "bot-140": 1,
    "bot-119": 1,
    "bot-82": 1,
    "bot-61": 4,
    "Bush": 7,
    "bot-144": 4,
    "bot-29": 4,
    "bot-107": 1,
    "bot-55": 1,
    "bot-62": 1,
    "bot-128": 1,
    "bot-142": 1,
    "blossom": 1,
    "bot-41": 3,
    "bot-124": 2,
    "bot-145": 2,
    "bot-69": 1,
    "hello": 4,
    "bot-68": 1,
    "bot-53": 3,
    "bot-92": 3,
    "bot-44": 3,
    "bot-48": 1,
    "bot-60": 1,
    "bot-108": 1,
    "bot-139": 1,
    "bot-111": 4,
    "bot-38": 2,
    "bot-91": 2,
    "gardn": 2,
    "bloomy": 2,
    "bot-88": 1,
    "bot-130": 1,
    "root": 3,
    "bot-63": 3,
    "bot-103": 3,
    "bot-59": 4,
    "bot-112": 3,
    "bot-135": 1,
    "bot-52": 3,
    "bot-34": 6,
    "bot-149": 1,
    "bot-96": 2,
    "zorr": 3,
    "bot-141": 3,
    "bot-114": 2,
    "bot-73": 1,
    "bot-134": 4,
    "bot-65": 2,
    "bot-84": 1,
    "bot-122": 1,
    "bot-75": 2,
    "rosie": 3,
    "bot-118": 5,
    "Baby Ant": 7,
    "bot-117": 1,
    "bot-87": 1,
    "bot-37": 1,
    "bot-33": 1,
    "bot-148": 2,
    "bot-70": 2,
    "leafy": 1,
    "bot-79": 1,
    "bot-94": 1,
    "bot-102": 2,
    "bot-71": 1,
    "bot-146": 1,
    "bot-147": 1,
    "bot-86": 2,
    "bot-100": 1,
    "bot-89": 2,
    "bot-74": 1,
    "bot-98": 1,
    "bot-85": 1,
    "bot-129": 1,
    "bot-138": 1,
    "bot-104": 1,
    "bot-67": 4,
    "bot-50": 1,
    "petalpop": 1,
    "bot-31": 1,
    "bot-95": 1,
    "bot-116": 1,
    "bot-51": 1,
    "bot-105": 1,
    "thornbloom": 1
  },
  "loadout_history": {
    "1": 1029,
    "0": 1166,
    "14": 24,
    "49": 2,
    "9": 19,
    "5": 25,
    "6": 14,
    "34": 7,
    "16": 7,
    "167": 5,
    "10": 10,
    "24": 16,
    "46": 2,
    "19": 9,
    "79": 3,
    "18": 10,
    "29": 3,
    "15": 11,
    "22": 1,
    "25": 10,
    "181": 1,
    "107": 1,
    "33": 4,
    "17": 2,
    "35": 2,
    "20": 6,
    "205": 1,
    "26": 2,
    "11": 4,
    "58": 1,
    "7": 4,
    "12": 1,
    "27": 1,
    "28": 2,
    "75": 1,
    "47": 1,
    "92": 1,
    "48": 1,
    "83": 1,
    "124": 1,
    "178": 1,
    "36": 1,
    "64": 1,
    "68": 1,
    "45": 2,
    "8": 1,
    "123": 1,
    "86": 1,
    "32": 1,
    "180": 1
  }
}