{
  "schema": 1,
  "name": "petalpop",
  "first_seen": 1778364029.198153,
  "last_seen": 1778556787.2846231,
  "episodes": 99,
  "score_total": 3752,
  "score_best": 195,
  "best_loadout": [
    0,
    0,
    0,
    0,
    0
  ],
  "killed_by": {
    "Hornet": 28,
    "Cactus": 6,
    "Massive Beetle": 3,
    "Spider": 3,
    "Beetle": 9,
    "bot-52": 1,
    "bot-47": 3,
    "bot": 1,
    "Bee": 4,
    "bot-42": 1,
    "Mantis": 3,
    "bot-118": 1,
    "Centipede": 1,
    "Wasp": 11,
    "leafy": 1,
    "bot-38": 1,
    "bot-113": 1
  },
  "loadout_history": {
    "0": 76,
    "1": 78,
    "25": 2,
    "18": 2,
    "15": 3,
    "9": 5,
    "63": 1,
    "28": 1,
    "69": 2,
    "167": 1,
    "10": 2,
    "5": 3,
    "14": 2,
    "24": 5,
    "116": 1,
    "46": 1
  }
}