{
  "schema": 1,
  "name": "petalpop",
  "first_seen": 1778364029.198153,
  "last_seen": 1778722185.817433,
  "episodes": 1340,
  "score_total": 231776,
  "score_best": 5422,
  "best_loadout": [
    0,
    0,
    1,
    0,
    0,
    0,
    0
  ],
  "killed_by": {
    "Hornet": 313,
    "Cactus": 105,
    "Massive Beetle": 3,
    "Spider": 47,
    "Beetle": 57,
    "bot-52": 2,
    "bot-47": 7,
    "bot": 1,
    "Bee": 104,
    "bot-42": 2,
    "Mantis": 97,
    "bot-118": 1,
    "Centipede": 38,
    "Wasp": 219,
    "leafy": 2,
    "bot-38": 3,
    "bot-113": 3,
    "blossom": 1,
    "bot-50": 1,
    "bot-98": 2,
    "Leafbug": 13,
    "Ladybug": 55,
    "Rock": 19,
    "rosie": 3,
    "Evil Centipede": 8,
    "bot-112": 5,
    "Sandstorm": 19,
    "Bush": 15,
    "Baby Ant": 2,
    "not bot": 3,
    "bot-71": 1,
    "bot-105": 2,
    "bot-59": 2,
    "Desert Centipede": 7,
    "bot-24": 2,
    "zorr": 2,
    "bot-27": 5,
    "bot-95": 1,
    "bot-76": 1,
    "bot-138": 2,
    "bot-81": 3,
    "bot-51": 1,
    "bot-84": 1,
    "bot-135": 4,
    "bot-141": 2,
    "bot-126": 5,
    "bot-73": 1,
    "bot-34": 4,
    "bot-66": 3,
    "bot-93": 1,
    "bot-92": 2,
    "bot-130": 2,
    "bot-103": 1,
    "bot-134": 3,
    "bot-100": 1,
    "bot-146": 3,
    "bot-70": 2,
    "bot-54": 1,
    "bot-28": 3,
    "bot-136": 1,
    "bot-75": 1,
    "bot-109": 2,
    "bot-68": 1,
    "bot-78": 1,
    "bot-90": 5,
    "bot-121": 3,
    "gardn": 3,
    "bot-57": 6,
    "bot-133": 1,
    "bot-106": 3,
    "bot-37": 1,
    "bot-99": 1,
    "bot-26": 1,
    "bot-101": 2,
    "bot-117": 1,
    "bot-33": 2,
    "Worker Ant": 2,
    "bloom": 1,
    "bot-61": 1,
    "bot-82": 2,
    "bot-87": 2,
    "bot-48": 2,
    "bot-46": 4,
    "bot-55": 2,
    "bot-83": 1,
    "bot-128": 2,
    "bot-102": 1,
    "bot-145": 3,
    "bot-148": 1,
    "florrio": 1,
    "bot-91": 1,
    "bot-132": 3,
    "bot-80": 1,
    "bot-137": 2,
    "prickly": 1,
    "bot-110": 1,
    "Scorpion": 2,
    "bot-85": 1,
    "67": 1,
    "bot-125": 1,
    "bot-45": 1,
    "bot-142": 4,
    "bot-77": 1,
    "bot-56": 1,
    "thornbloom": 1,
    "Soldier Ant": 2,
    "blossom-v2": 1,
    "bot-67": 1,
    "bot-107": 1,
    "bot-36": 1,
    "a": 1,
    "sussy": 3
  },
  "loadout_history": {
    "0": 1135,
    "1": 941,
    "25": 6,
    "18": 7,
    "15": 15,
    "9": 14,
    "63": 1,
    "28": 2,
    "69": 2,
    "167": 3,
    "10": 10,
    "5": 16,
    "14": 9,
    "24": 12,
    "116": 6,
    "46": 1,
    "23": 3,
    "16": 5,
    "29": 3,
    "6": 10,
    "12": 3,
    "13": 1,
    "93": 1,
    "7": 3,
    "101": 1,
    "20": 3,
    "11": 4,
    "58": 1,
    "26": 3,
    "36": 5,
    "64": 1,
    "180": 3,
    "148": 1,
    "49": 2,
    "32": 1,
    "34": 5,
    "79": 3,
    "19": 5,
    "8": 2,
    "17": 3,
    "60": 2,
    "47": 1,
    "136": 1,
    "89": 2,
    "37": 1,
    "22": 1,
    "86": 1,
    "30": 1,
    "27": 1,
    "168": 1,
    "21": 1
  }
}