{
  "schema": 1,
  "name": "prickly",
  "first_seen": 1778364670.581866,
  "last_seen": 1778545843.006685,
  "episodes": 50,
  "score_total": 4131,
  "score_best": 1241,
  "best_loadout": [
    0,
    30,
    69,
    26,
    0,
    0
  ],
  "killed_by": {
    "Spider": 2,
    "Hornet": 10,
    "Cactus": 1,
    "Bee": 2,
    "Beetle": 1,
    "Wasp": 10,
    "Mantis": 4,
    "Centipede": 1,
    "bot-140": 1,
    "Baby Ant": 1,
    "Ladybug": 1,
    "Evil Centipede": 1
  },
  "loadout_history": {
    "0": 40,
    "1": 44,
    "29": 1,
    "40": 1,
    "10": 1,
    "34": 1,
    "32": 1,
    "14": 1,
    "33": 1,
    "6": 4,
    "24": 1,
    "48": 3,
    "5": 6,
    "26": 1,
    "69": 1,
    "30": 1,
    "167": 1,
    "15": 1
  }
}