{
  "schema": 1,
  "name": "prickly",
  "first_seen": 1778364670.581866,
  "last_seen": 1778556753.0670238,
  "episodes": 101,
  "score_total": 10335,
  "score_best": 1241,
  "best_loadout": [
    0,
    30,
    69,
    26,
    0,
    0
  ],
  "killed_by": {
    "Spider": 3,
    "Hornet": 27,
    "Cactus": 3,
    "Bee": 2,
    "Beetle": 1,
    "Wasp": 19,
    "Mantis": 9,
    "Centipede": 1,
    "bot-140": 1,
    "Baby Ant": 1,
    "Ladybug": 3,
    "Evil Centipede": 2,
    "bot-106": 1,
    "bot-41": 1,
    "bot-117": 1,
    "flower": 1
  },
  "loadout_history": {
    "0": 88,
    "1": 78,
    "29": 1,
    "40": 1,
    "10": 2,
    "34": 1,
    "32": 1,
    "14": 4,
    "33": 1,
    "6": 4,
    "24": 2,
    "48": 3,
    "5": 6,
    "26": 1,
    "69": 1,
    "30": 1,
    "167": 1,
    "15": 3,
    "19": 2,
    "25": 1,
    "21": 1,
    "9": 1,
    "7": 1
  }
}