{
  "schema": 1,
  "name": "prickly",
  "first_seen": 1778364670.581866,
  "last_seen": 1778553061.3854332,
  "episodes": 77,
  "score_total": 7223,
  "score_best": 1241,
  "best_loadout": [
    0,
    30,
    69,
    26,
    0,
    0
  ],
  "killed_by": {
    "Spider": 3,
    "Hornet": 18,
    "Cactus": 1,
    "Bee": 2,
    "Beetle": 1,
    "Wasp": 17,
    "Mantis": 6,
    "Centipede": 1,
    "bot-140": 1,
    "Baby Ant": 1,
    "Ladybug": 1,
    "Evil Centipede": 2,
    "bot-106": 1,
    "bot-41": 1
  },
  "loadout_history": {
    "0": 65,
    "1": 61,
    "29": 1,
    "40": 1,
    "10": 2,
    "34": 1,
    "32": 1,
    "14": 1,
    "33": 1,
    "6": 4,
    "24": 1,
    "48": 3,
    "5": 6,
    "26": 1,
    "69": 1,
    "30": 1,
    "167": 1,
    "15": 2,
    "19": 2,
    "25": 1
  }
}