{
  "schema": 1,
  "name": "prickly",
  "first_seen": 1778364670.581866,
  "last_seen": 1778713221.1087842,
  "episodes": 1220,
  "score_total": 215615,
  "score_best": 7556,
  "best_loadout": [
    0,
    0,
    0,
    0,
    0,
    0,
    0,
    0
  ],
  "killed_by": {
    "Spider": 33,
    "Hornet": 269,
    "Cactus": 60,
    "Bee": 83,
    "Beetle": 41,
    "Wasp": 235,
    "Mantis": 109,
    "Centipede": 29,
    "bot-140": 2,
    "Baby Ant": 7,
    "Ladybug": 57,
    "Evil Centipede": 7,
    "bot-106": 1,
    "bot-41": 2,
    "bot-117": 1,
    "flower": 1,
    "bot-95": 1,
    "bot-92": 1,
    "Leafbug": 19,
    "Sandstorm": 14,
    "bot-102": 2,
    "Desert Centipede": 9,
    "bot-70": 2,
    "bot-28": 1,
    "gardn": 4,
    "bot-88": 1,
    "bot-128": 3,
    "bot-105": 3,
    "Soldier Ant": 7,
    "petalpop": 1,
    "bot-91": 4,
    "bot-47": 2,
    "bot-114": 1,
    "bot-113": 2,
    "blossom": 3,
    "bot-31": 1,
    "Rock": 18,
    "bot-125": 3,
    "bot-146": 2,
    "Worker Ant": 3,
    "bot-98": 3,
    "bot-144": 2,
    "Bush": 11,
    "bot-80": 2,
    "bot-127": 2,
    "bot-33": 1,
    "bot-134": 2,
    "bot-67": 3,
    "bot-46": 2,
    "bot-79": 1,
    "bot-63": 3,
    "bot-30": 1,
    "bot-90": 1,
    "bot-22": 2,
    "bot-59": 1,
    "bot-142": 2,
    "bot-111": 4,
    "bot-57": 2,
    "bot-130": 2,
    "bot-52": 2,
    "bot-104": 1,
    "Scorpion": 6,
    "bot-78": 1,
    "bot-107": 5,
    "bot-50": 2,
    "bot-58": 1,
    "bot-129": 2,
    "bot-126": 1,
    "bot-61": 2,
    "bot-139": 2,
    "bot-132": 3,
    "bot-143": 2,
    "bot-108": 3,
    "bot-103": 1,
    "bot-99": 2,
    "bot-73": 1,
    "zorr": 2,
    "bot-83": 1,
    "bot-29": 2,
    "bot-94": 2,
    "bot-68": 2,
    "bot-74": 2,
    "root": 2,
    "bot-100": 2,
    "bot-24": 3,
    "bot-112": 1,
    "bot-86": 1,
    "bot-39": 1,
    "bot-120": 1,
    "bot-53": 1,
    "thornbloom": 2,
    "bot-109": 3,
    "bot-75": 2,
    "bot-124": 1,
    "bot-44": 1,
    "bot-81": 1,
    "bot-138": 1,
    "bot-131": 1,
    "leafy": 1,
    "bot-149": 1,
    "bot-145": 1,
    "bot-45": 1,
    "thorny": 1,
    "bot-66": 2,
    "bot-101": 1,
    "bot-97": 1,
    "bot-136": 2,
    "bot-38": 1,
    "blossom-v2": 2,
    "bot-76": 1,
    "bloom": 1,
    "bot-96": 1,
    "bot-36": 1,
    "bot-64": 1,
    "bot-115": 1,
    "thorn": 1,
    "bot-69": 1,
    "bot-27": 1,
    "florrio": 1,
    "bot-43": 1,
    "bot-141": 1,
    "bot-77": 1,
    "bot-123": 1
  },
  "loadout_history": {
    "0": 1028,
    "1": 863,
    "29": 2,
    "40": 1,
    "10": 3,
    "34": 1,
    "32": 1,
    "14": 10,
    "33": 4,
    "6": 9,
    "24": 9,
    "48": 4,
    "5": 18,
    "26": 3,
    "69": 2,
    "30": 1,
    "167": 2,
    "15": 11,
    "19": 6,
    "25": 3,
    "21": 2,
    "9": 7,
    "7": 4,
    "11": 3,
    "18": 4,
    "20": 1,
    "180": 1,
    "61": 1,
    "83": 2,
    "46": 1,
    "116": 2,
    "47": 1,
    "168": 2,
    "49": 1,
    "56": 1,
    "16": 3,
    "8": 2,
    "176": 1,
    "175": 1,
    "17": 2,
    "27": 1,
    "79": 1,
    "207": 1,
    "35": 1
  }
}