{
  "schema": 1,
  "name": "root",
  "first_seen": 1778364027.520142,
  "last_seen": 1778548768.026176,
  "episodes": 140,
  "score_total": 4470,
  "score_best": 1053,
  "best_loadout": [
    0,
    1,
    0,
    1,
    1,
    0
  ],
  "killed_by": {
    "Hornet": 51,
    "Beetle": 15,
    "Ladybug": 3,
    "Cactus": 10,
    "Spider": 5,
    "bot-211": 1,
    "bot-505": 1,
    "Soldier Ant": 2,
    "bot-501": 1,
    "Bee": 6,
    "Evil Centipede": 4,
    "bot-602": 1,
    "bot-403": 2,
    "bot-212": 1,
    "Sandstorm": 1,
    "Queen Ant": 1,
    "bot-210": 1,
    "bot-107": 1,
    "Desert Centipede": 3,
    "Leafbug": 2,
    "Scorpion": 1,
    "Mantis": 3,
    "bot-104": 1,
    "Wasp": 4
  },
  "loadout_history": {
    "1": 107,
    "0": 103,
    "47": 1,
    "20": 1,
    "39": 1,
    "79": 1,
    "48": 1,
    "14": 3,
    "18": 2,
    "34": 1,
    "19": 1,
    "15": 1,
    "45": 1,
    "9": 2,
    "24": 1,
    "5": 1,
    "69": 1,
    "28": 1,
    "6": 1
  }
}