{
  "schema": 1,
  "name": "root",
  "first_seen": 1778364027.520142,
  "last_seen": 1778556776.829447,
  "episodes": 189,
  "score_total": 7905,
  "score_best": 1214,
  "best_loadout": [
    0,
    0,
    0,
    0,
    0,
    0
  ],
  "killed_by": {
    "Hornet": 67,
    "Beetle": 18,
    "Ladybug": 3,
    "Cactus": 10,
    "Spider": 7,
    "bot-211": 1,
    "bot-505": 1,
    "Soldier Ant": 2,
    "bot-501": 1,
    "Bee": 8,
    "Evil Centipede": 5,
    "bot-602": 1,
    "bot-403": 2,
    "bot-212": 1,
    "Sandstorm": 3,
    "Queen Ant": 1,
    "bot-210": 1,
    "bot-107": 1,
    "Desert Centipede": 3,
    "Leafbug": 3,
    "Scorpion": 1,
    "Mantis": 7,
    "bot-104": 1,
    "Wasp": 9,
    "bot-63": 1,
    "bot-71": 1,
    "bot-86": 1,
    "bot-136": 1,
    "bot-97": 1,
    "Centipede": 1
  },
  "loadout_history": {
    "1": 144,
    "0": 148,
    "47": 1,
    "20": 1,
    "39": 1,
    "79": 1,
    "48": 1,
    "14": 4,
    "18": 2,
    "34": 1,
    "19": 3,
    "15": 2,
    "45": 2,
    "9": 2,
    "24": 1,
    "5": 3,
    "69": 2,
    "28": 1,
    "6": 1,
    "116": 1,
    "10": 1,
    "167": 1
  }
}