{
  "schema": 1,
  "name": "root",
  "first_seen": 1778364027.520142,
  "last_seen": 1778372543.422484,
  "episodes": 101,
  "score_total": 1349,
  "score_best": 107,
  "best_loadout": [
    0,
    0,
    0,
    0,
    1
  ],
  "killed_by": {
    "Hornet": 45,
    "Beetle": 11,
    "Ladybug": 3,
    "Cactus": 7,
    "Spider": 3,
    "bot-211": 1,
    "bot-505": 1,
    "Soldier Ant": 2,
    "bot-501": 1,
    "Bee": 3,
    "Evil Centipede": 4,
    "bot-602": 1,
    "bot-403": 2,
    "bot-212": 1,
    "Sandstorm": 1,
    "Queen Ant": 1,
    "bot-210": 1,
    "bot-107": 1,
    "Desert Centipede": 2
  },
  "loadout_history": {
    "1": 78,
    "0": 70,
    "47": 1,
    "20": 1,
    "39": 1,
    "79": 1,
    "48": 1,
    "14": 3,
    "18": 1,
    "34": 1,
    "19": 1,
    "15": 1,
    "45": 1,
    "9": 1,
    "24": 1
  }
}