{
  "schema": 1,
  "name": "root",
  "first_seen": 1778364027.520142,
  "last_seen": 1778552131.739857,
  "episodes": 166,
  "score_total": 5248,
  "score_best": 1053,
  "best_loadout": [
    0,
    1,
    0,
    1,
    1,
    0
  ],
  "killed_by": {
    "Hornet": 59,
    "Beetle": 17,
    "Ladybug": 3,
    "Cactus": 10,
    "Spider": 5,
    "bot-211": 1,
    "bot-505": 1,
    "Soldier Ant": 2,
    "bot-501": 1,
    "Bee": 7,
    "Evil Centipede": 4,
    "bot-602": 1,
    "bot-403": 2,
    "bot-212": 1,
    "Sandstorm": 1,
    "Queen Ant": 1,
    "bot-210": 1,
    "bot-107": 1,
    "Desert Centipede": 3,
    "Leafbug": 3,
    "Scorpion": 1,
    "Mantis": 7,
    "bot-104": 1,
    "Wasp": 8,
    "bot-63": 1,
    "bot-71": 1,
    "bot-86": 1
  },
  "loadout_history": {
    "1": 128,
    "0": 127,
    "47": 1,
    "20": 1,
    "39": 1,
    "79": 1,
    "48": 1,
    "14": 3,
    "18": 2,
    "34": 1,
    "19": 3,
    "15": 1,
    "45": 2,
    "9": 2,
    "24": 1,
    "5": 2,
    "69": 1,
    "28": 1,
    "6": 1,
    "116": 1
  }
}