{
  "schema": 1,
  "name": "root",
  "first_seen": 1778364027.520142,
  "last_seen": 1779316390.355794,
  "episodes": 1597,
  "score_total": 227339,
  "score_best": 12803,
  "best_loadout": [
    0,
    0,
    1,
    0,
    0,
    0,
    0,
    0
  ],
  "killed_by": {
    "Hornet": 452,
    "Beetle": 78,
    "Ladybug": 42,
    "Cactus": 86,
    "Spider": 43,
    "bot-211": 1,
    "bot-505": 1,
    "Soldier Ant": 5,
    "bot-501": 1,
    "Bee": 99,
    "Evil Centipede": 27,
    "bot-602": 1,
    "bot-403": 2,
    "bot-212": 1,
    "Sandstorm": 14,
    "Queen Ant": 1,
    "bot-210": 1,
    "bot-107": 1,
    "Desert Centipede": 9,
    "Leafbug": 23,
    "Scorpion": 8,
    "Mantis": 113,
    "bot-104": 2,
    "Wasp": 252,
    "bot-63": 3,
    "bot-71": 6,
    "bot-86": 3,
    "bot-136": 2,
    "bot-97": 1,
    "Centipede": 36,
    "blossom-v2": 3,
    "bot-64": 3,
    "bot-127": 3,
    "Worker Ant": 8,
    "Rock": 11,
    "bot-35": 2,
    "bot-106": 3,
    "bot-72": 1,
    "bot-110": 2,
    "bot-50": 2,
    "bot-111": 4,
    "bot-31": 5,
    "bot-24": 2,
    "a": 5,
    "bot-132": 2,
    "bot-46": 2,
    "bot-60": 2,
    "thorny": 4,
    "bot-27": 1,
    "Baby Ant": 2,
    "bot-48": 1,
    "67": 1,
    "bot-70": 1,
    "bot-51": 1,
    "bot-62": 1,
    "bot-101": 2,
    "bot-112": 2,
    "bot-67": 1,
    "bot-125": 3,
    "bot-100": 3,
    "bot-88": 1,
    "Bush": 12,
    "bot-81": 1,
    "bot-135": 3,
    "aa": 1,
    "bot-90": 8,
    "bot-80": 3,
    "blossom": 1,
    "bot-30": 5,
    "bot-29": 1,
    "bot-45": 1,
    "bot-131": 6,
    "florrio": 1,
    "bot-87": 1,
    "bot-113": 2,
    "bot-134": 1,
    "bot-39": 2,
    "leafy": 2,
    "bot-77": 2,
    "bot-79": 3,
    "bot-114": 1,
    "bot-124": 3,
    "bot-37": 4,
    "bot-96": 1,
    "bot-140": 2,
    "bot-121": 2,
    "bot-93": 1,
    "bot-98": 18,
    "bot-133": 2,
    "bot-66": 1,
    "bot-41": 3,
    "bot-146": 1,
    "hello": 1,
    "thornbloom": 2,
    "bot-138": 2,
    "bot-25": 2,
    "bot-34": 1,
    "bot-84": 1,
    "bot-53": 2,
    "bot-28": 3,
    "bot-129": 1,
    "bot-92": 1,
    "bot-85": 2,
    "bot-76": 1,
    "bloom": 1,
    "bot-22": 1,
    "bot-147": 1,
    "bot-65": 1,
    "bot": 1,
    "bloomy": 1,
    "bot-73": 3,
    "bot-23": 2,
    "bot-105": 2,
    "bot-83": 1,
    "bot-55": 1,
    "bot-94": 2,
    "gardn": 1,
    "bot-141": 1,
    "bot-102": 2,
    "bot-120": 1,
    "bot-148": 2,
    "bot-47": 2,
    "bot-137": 1,
    "bot-75": 1,
    "bot-36": 1,
    "bot-59": 1,
    "bot-139": 1,
    "bot-57": 1,
    "bot-95": 2,
    "sussy": 1,
    "not bot": 3
  },
  "loadout_history": {
    "1": 1097,
    "0": 1365,
    "47": 1,
    "20": 4,
    "39": 2,
    "79": 4,
    "48": 3,
    "14": 23,
    "18": 13,
    "34": 7,
    "19": 10,
    "15": 19,
    "45": 2,
    "9": 23,
    "24": 21,
    "5": 18,
    "69": 2,
    "28": 9,
    "6": 7,
    "116": 3,
    "10": 8,
    "167": 5,
    "25": 8,
    "33": 1,
    "13": 2,
    "17": 3,
    "29": 5,
    "107": 1,
    "16": 3,
    "148": 1,
    "35": 6,
    "204": 2,
    "8": 2,
    "168": 1,
    "11": 2,
    "58": 3,
    "86": 2,
    "30": 1,
    "46": 3,
    "7": 4,
    "32": 2,
    "83": 2,
    "75": 1,
    "36": 1,
    "84": 1,
    "60": 1,
    "61": 1,
    "169": 1,
    "135": 1,
    "56": 1,
    "23": 3,
    "21": 1,
    "26": 1,
    "40": 2,
    "206": 1,
    "49": 2
  }
}