{
  "schema": 1,
  "name": "rosie",
  "first_seen": 1778364028.695637,
  "last_seen": 1778713207.73549,
  "episodes": 1275,
  "score_total": 209319,
  "score_best": 7654,
  "best_loadout": [
    0,
    1,
    0,
    0,
    0,
    0,
    0,
    0
  ],
  "killed_by": {
    "Sandstorm": 19,
    "Hornet": 328,
    "Bee": 85,
    "Centipede": 35,
    "Spider": 39,
    "Cactus": 91,
    "Beetle": 58,
    "bot-706": 1,
    "bot-106": 3,
    "bot-604": 1,
    "Evil Centipede": 22,
    "Queen Ant": 1,
    "bot-101": 4,
    "bot-600": 1,
    "Wasp": 190,
    "Ladybug": 59,
    "bot-512": 1,
    "Mantis": 92,
    "bot-33": 4,
    "bot-134": 2,
    "bot-44": 2,
    "thornbloom": 1,
    "bot-64": 1,
    "Bush": 14,
    "Rock": 21,
    "bot-66": 1,
    "Scorpion": 11,
    "bot-77": 2,
    "bot-104": 2,
    "bot-112": 1,
    "Baby Ant": 3,
    "bot-108": 5,
    "bot-118": 1,
    "bot-139": 3,
    "bot-111": 1,
    "bot-71": 2,
    "bot-46": 1,
    "bot-37": 3,
    "bot-60": 1,
    "bot-120": 2,
    "bot-102": 3,
    "Soldier Ant": 1,
    "Worker Ant": 4,
    "zorr": 3,
    "bot-130": 2,
    "bot-78": 1,
    "bot-72": 1,
    "bot-91": 1,
    "gardn": 1,
    "bot-141": 4,
    "bot-137": 2,
    "bot-88": 1,
    "bot-81": 1,
    "bot-119": 2,
    "Desert Centipede": 3,
    "Leafbug": 16,
    "bot-58": 3,
    "bloomy": 2,
    "bot-45": 1,
    "bot-56": 1,
    "bot-63": 2,
    "bot-149": 1,
    "bot-28": 1,
    "bot-53": 1,
    "bot-30": 1,
    "bot-61": 1,
    "bot-133": 1,
    "bot-40": 3,
    "bot-126": 1,
    "florrio": 2,
    "bot-113": 1,
    "bot-25": 3,
    "bot-85": 1,
    "bot-52": 1,
    "bot-48": 2,
    "bot-127": 3,
    "bot-105": 1,
    "flower": 3,
    "bot-92": 1,
    "bot-107": 3,
    "bot-128": 1,
    "bot-32": 1,
    "bot-23": 1,
    "bot-103": 2,
    "bot-43": 3,
    "not bot": 3,
    "bot-87": 2,
    "bot-35": 1,
    "bot-143": 1,
    "bot-42": 1,
    "bot-98": 2,
    "thorn": 3,
    "bot-115": 2,
    "bot-57": 1,
    "bloom": 1,
    "bot-55": 1,
    "67": 2,
    "bot-100": 1,
    "bot-122": 1,
    "bot-129": 1,
    "bot-38": 1,
    "bot-148": 1,
    "blossom-v2": 2,
    "bot-99": 1,
    "bot-96": 1,
    "bot-109": 1,
    "bot-132": 1,
    "bot-117": 1,
    "Ant Hole": 1,
    "bot-50": 2,
    "bot-39": 1,
    "bot-27": 1,
    "bot-93": 1,
    "bot-68": 1,
    "bot-54": 1,
    "bot-86": 1,
    "thorny": 1
  },
  "loadout_history": {
    "0": 1095,
    "1": 894,
    "35": 1,
    "5": 7,
    "10": 2,
    "29": 2,
    "14": 9,
    "16": 3,
    "6": 8,
    "9": 7,
    "49": 1,
    "51": 1,
    "24": 8,
    "30": 1,
    "25": 6,
    "28": 4,
    "18": 5,
    "23": 1,
    "20": 3,
    "19": 4,
    "39": 1,
    "33": 1,
    "15": 12,
    "204": 1,
    "79": 5,
    "47": 1,
    "26": 4,
    "135": 2,
    "7": 1,
    "11": 2,
    "181": 1,
    "69": 1,
    "46": 1,
    "17": 2,
    "21": 1,
    "8": 1,
    "75": 2,
    "167": 2,
    "117": 1,
    "93": 1,
    "86": 1,
    "60": 1,
    "182": 1,
    "13": 1,
    "116": 2,
    "180": 1,
    "168": 1
  }
}