{
  "schema": 1,
  "name": "rosie",
  "first_seen": 1778364028.695637,
  "last_seen": 1778552131.7385879,
  "episodes": 155,
  "score_total": 5523,
  "score_best": 1089,
  "best_loadout": [
    0,
    24,
    0,
    0,
    0,
    0
  ],
  "killed_by": {
    "Sandstorm": 5,
    "Hornet": 60,
    "Bee": 6,
    "Centipede": 2,
    "Spider": 3,
    "Cactus": 18,
    "Beetle": 12,
    "bot-706": 1,
    "bot-106": 1,
    "bot-604": 1,
    "Evil Centipede": 5,
    "Queen Ant": 1,
    "bot-101": 1,
    "bot-600": 1,
    "Wasp": 6,
    "Ladybug": 4,
    "bot-512": 1,
    "Mantis": 4,
    "bot-33": 1,
    "bot-134": 2,
    "bot-44": 1,
    "thornbloom": 1,
    "bot-64": 1,
    "Bush": 1
  },
  "loadout_history": {
    "0": 124,
    "1": 118,
    "35": 1,
    "5": 1,
    "10": 2,
    "29": 1,
    "14": 2,
    "16": 1,
    "6": 2,
    "9": 3,
    "49": 1,
    "51": 1,
    "24": 3,
    "30": 1,
    "25": 1,
    "28": 1,
    "18": 1,
    "23": 1,
    "20": 1,
    "19": 1
  }
}