{
  "schema": 1,
  "name": "rosie",
  "first_seen": 1778364028.695637,
  "last_seen": 1779316732.4374468,
  "episodes": 1601,
  "score_total": 234740,
  "score_best": 7654,
  "best_loadout": [
    0,
    1,
    0,
    0,
    0,
    0,
    0,
    0
  ],
  "killed_by": {
    "Sandstorm": 26,
    "Hornet": 417,
    "Bee": 99,
    "Centipede": 42,
    "Spider": 51,
    "Cactus": 108,
    "Beetle": 87,
    "bot-706": 1,
    "bot-106": 3,
    "bot-604": 1,
    "Evil Centipede": 40,
    "Queen Ant": 1,
    "bot-101": 5,
    "bot-600": 1,
    "Wasp": 238,
    "Ladybug": 64,
    "bot-512": 1,
    "Mantis": 124,
    "bot-33": 4,
    "bot-134": 2,
    "bot-44": 2,
    "thornbloom": 1,
    "bot-64": 1,
    "Bush": 17,
    "Rock": 22,
    "bot-66": 1,
    "Scorpion": 14,
    "bot-77": 2,
    "bot-104": 2,
    "bot-112": 1,
    "Baby Ant": 3,
    "bot-108": 6,
    "bot-118": 1,
    "bot-139": 3,
    "bot-111": 1,
    "bot-71": 2,
    "bot-46": 1,
    "bot-37": 3,
    "bot-60": 1,
    "bot-120": 2,
    "bot-102": 3,
    "Soldier Ant": 1,
    "Worker Ant": 4,
    "zorr": 3,
    "bot-130": 3,
    "bot-78": 1,
    "bot-72": 1,
    "bot-91": 1,
    "gardn": 1,
    "bot-141": 4,
    "bot-137": 2,
    "bot-88": 1,
    "bot-81": 1,
    "bot-119": 2,
    "Desert Centipede": 6,
    "Leafbug": 17,
    "bot-58": 5,
    "bloomy": 2,
    "bot-45": 1,
    "bot-56": 1,
    "bot-63": 2,
    "bot-149": 1,
    "bot-28": 1,
    "bot-53": 2,
    "bot-30": 1,
    "bot-61": 1,
    "bot-133": 1,
    "bot-40": 3,
    "bot-126": 1,
    "florrio": 2,
    "bot-113": 2,
    "bot-25": 3,
    "bot-85": 1,
    "bot-52": 1,
    "bot-48": 2,
    "bot-127": 3,
    "bot-105": 1,
    "flower": 3,
    "bot-92": 1,
    "bot-107": 3,
    "bot-128": 1,
    "bot-32": 1,
    "bot-23": 1,
    "bot-103": 2,
    "bot-43": 4,
    "not bot": 3,
    "bot-87": 2,
    "bot-35": 1,
    "bot-143": 1,
    "bot-42": 2,
    "bot-98": 2,
    "thorn": 3,
    "bot-115": 2,
    "bot-57": 1,
    "bloom": 1,
    "bot-55": 1,
    "67": 2,
    "bot-100": 2,
    "bot-122": 1,
    "bot-129": 1,
    "bot-38": 2,
    "bot-148": 1,
    "blossom-v2": 2,
    "bot-99": 1,
    "bot-96": 1,
    "bot-109": 1,
    "bot-132": 1,
    "bot-117": 1,
    "Ant Hole": 1,
    "bot-50": 2,
    "bot-39": 1,
    "bot-27": 1,
    "bot-93": 1,
    "bot-68": 1,
    "bot-54": 1,
    "bot-86": 1,
    "thorny": 1,
    "bot-79": 1,
    "bot-74": 2,
    "bot-41": 2,
    "bot": 2,
    "bot-24": 1,
    "bot-146": 1
  },
  "loadout_history": {
    "0": 1396,
    "1": 1142,
    "35": 3,
    "5": 16,
    "10": 4,
    "29": 2,
    "14": 27,
    "16": 4,
    "6": 13,
    "9": 10,
    "49": 2,
    "51": 2,
    "24": 13,
    "30": 2,
    "25": 7,
    "28": 7,
    "18": 9,
    "23": 2,
    "20": 4,
    "19": 6,
    "39": 2,
    "33": 1,
    "15": 19,
    "204": 3,
    "79": 8,
    "47": 1,
    "26": 4,
    "135": 2,
    "7": 2,
    "11": 4,
    "181": 1,
    "69": 3,
    "46": 2,
    "17": 2,
    "21": 1,
    "8": 2,
    "75": 2,
    "167": 2,
    "117": 2,
    "93": 1,
    "86": 1,
    "60": 1,
    "182": 1,
    "13": 1,
    "116": 4,
    "180": 4,
    "168": 1,
    "34": 2,
    "32": 1,
    "68": 1,
    "55": 2,
    "205": 2,
    "50": 2,
    "40": 6,
    "42": 1,
    "169": 1
  }
}