{
  "schema": 1,
  "name": "thorny",
  "first_seen": 1778364667.569299,
  "last_seen": 1778722217.197609,
  "episodes": 1193,
  "score_total": 218599,
  "score_best": 7889,
  "best_loadout": [
    0,
    0,
    0,
    0,
    0,
    0,
    0,
    0
  ],
  "killed_by": {
    "Beetle": 54,
    "Hornet": 246,
    "Bee": 73,
    "Wasp": 216,
    "Cactus": 83,
    "Rock": 18,
    "Mantis": 88,
    "Evil Centipede": 9,
    "bot-134": 1,
    "Centipede": 26,
    "gardn": 4,
    "Sandstorm": 17,
    "a": 1,
    "thorn": 1,
    "Ladybug": 43,
    "bot-67": 1,
    "prickly": 4,
    "Scorpion": 11,
    "bot-70": 2,
    "bot-110": 1,
    "Baby Ant": 4,
    "Spider": 30,
    "Bush": 21,
    "bot-33": 2,
    "bot-23": 4,
    "bot-124": 4,
    "bot-34": 6,
    "bot-32": 5,
    "petalpop": 3,
    "bot-51": 1,
    "bot-146": 5,
    "bot-49": 2,
    "bloomy": 3,
    "bot-46": 2,
    "bot-106": 2,
    "bot-102": 1,
    "bot-137": 1,
    "bot-96": 2,
    "bot-29": 1,
    "bot-79": 1,
    "bot-52": 5,
    "bot-116": 1,
    "Worker Ant": 4,
    "leafy": 5,
    "bot-111": 6,
    "bot-57": 3,
    "bot-120": 3,
    "thornbloom": 3,
    "bot-53": 2,
    "bot-22": 2,
    "bot-130": 2,
    "bot-85": 1,
    "bot-100": 1,
    "bot": 5,
    "bot-105": 2,
    "blossom-v2": 1,
    "bot-37": 1,
    "florrio": 1,
    "Leafbug": 10,
    "bot-108": 1,
    "bot-103": 4,
    "bot-142": 4,
    "bot-48": 1,
    "bot-35": 1,
    "Desert Centipede": 3,
    "bot-95": 1,
    "bot-63": 3,
    "bloom": 2,
    "bot-118": 3,
    "bot-28": 3,
    "bot-123": 1,
    "bot-60": 3,
    "bot-89": 1,
    "bot-69": 1,
    "aa": 2,
    "bot-92": 2,
    "bot-112": 1,
    "bot-125": 1,
    "bot-75": 2,
    "bot-78": 3,
    "root": 2,
    "bot-91": 1,
    "bot-97": 2,
    "bot-58": 4,
    "bot-66": 4,
    "bot-31": 1,
    "not bot": 2,
    "bot-77": 1,
    "bot-80": 1,
    "bot-93": 1,
    "bot-115": 2,
    "bot-87": 1,
    "bot-45": 2,
    "bot-138": 1,
    "bot-68": 1,
    "bot-131": 1,
    "Soldier Ant": 3,
    "bot-30": 2,
    "rosie": 2,
    "67": 1,
    "bot-43": 3,
    "bot-86": 1,
    "bot-107": 1,
    "bot-27": 1,
    "bot-104": 4,
    "bot-81": 1,
    "bot-39": 1,
    "bot-61": 5,
    "bot-83": 1,
    "blossom": 1,
    "hello": 1,
    "bot-126": 4,
    "zorr": 1,
    "bot-144": 1,
    "bot-40": 2,
    "bot-145": 2,
    "bot-50": 1
  },
  "loadout_history": {
    "0": 1034,
    "1": 827,
    "48": 2,
    "79": 6,
    "5": 18,
    "24": 8,
    "11": 4,
    "116": 3,
    "32": 2,
    "6": 18,
    "15": 24,
    "19": 2,
    "14": 16,
    "25": 7,
    "28": 5,
    "49": 3,
    "18": 11,
    "16": 4,
    "9": 13,
    "33": 2,
    "8": 4,
    "13": 3,
    "10": 11,
    "7": 7,
    "93": 1,
    "89": 1,
    "22": 1,
    "23": 1,
    "34": 6,
    "168": 1,
    "180": 1,
    "12": 2,
    "51": 2,
    "26": 3,
    "83": 1,
    "29": 2,
    "58": 1,
    "36": 1,
    "68": 1,
    "84": 1,
    "167": 3,
    "21": 1,
    "46": 1,
    "39": 1,
    "35": 3
  }
}