{
  "schema": 1,
  "name": "thorny",
  "first_seen": 1778364667.569299,
  "last_seen": 1778556750.6444008,
  "episodes": 78,
  "score_total": 3736,
  "score_best": 242,
  "best_loadout": [
    1,
    0,
    0,
    0,
    0,
    0
  ],
  "killed_by": {
    "Beetle": 4,
    "Hornet": 19,
    "Bee": 4,
    "Wasp": 13,
    "Cactus": 2,
    "Rock": 1,
    "Mantis": 9,
    "Evil Centipede": 2,
    "bot-134": 1,
    "Centipede": 1,
    "gardn": 1,
    "Sandstorm": 1,
    "a": 1,
    "thorn": 1
  },
  "loadout_history": {
    "0": 68,
    "1": 62,
    "48": 1,
    "79": 1,
    "5": 4,
    "24": 2,
    "11": 2,
    "116": 1,
    "32": 1,
    "6": 3,
    "15": 3,
    "19": 1,
    "14": 1,
    "25": 1,
    "28": 1,
    "49": 1,
    "18": 1,
    "16": 1,
    "9": 1
  }
}