{
  "schema": 1,
  "name": "thorny",
  "first_seen": 1778364667.569299,
  "last_seen": 1778548774.730317,
  "episodes": 41,
  "score_total": 1464,
  "score_best": 131,
  "best_loadout": [
    14,
    5,
    1,
    11,
    11
  ],
  "killed_by": {
    "Beetle": 2,
    "Hornet": 12,
    "Bee": 2,
    "Wasp": 6,
    "Cactus": 1,
    "Rock": 1,
    "Mantis": 4,
    "Evil Centipede": 1
  },
  "loadout_history": {
    "0": 33,
    "1": 35,
    "48": 1,
    "79": 1,
    "5": 3,
    "24": 2,
    "11": 2,
    "116": 1,
    "32": 1,
    "6": 1,
    "15": 2,
    "19": 1,
    "14": 1,
    "25": 1
  }
}