{
  "schema": 1,
  "name": "thorny",
  "first_seen": 1778364667.569299,
  "last_seen": 1778553025.1139562,
  "episodes": 63,
  "score_total": 2716,
  "score_best": 143,
  "best_loadout": [
    0,
    0,
    0,
    0,
    0
  ],
  "killed_by": {
    "Beetle": 4,
    "Hornet": 18,
    "Bee": 4,
    "Wasp": 11,
    "Cactus": 2,
    "Rock": 1,
    "Mantis": 6,
    "Evil Centipede": 1,
    "bot-134": 1
  },
  "loadout_history": {
    "0": 54,
    "1": 52,
    "48": 1,
    "79": 1,
    "5": 4,
    "24": 2,
    "11": 2,
    "116": 1,
    "32": 1,
    "6": 2,
    "15": 2,
    "19": 1,
    "14": 1,
    "25": 1,
    "28": 1,
    "49": 1,
    "18": 1,
    "16": 1
  }
}