{
  "schema": 1,
  "name": "thorny",
  "first_seen": 1778364667.569299,
  "last_seen": 1779316715.762974,
  "episodes": 1448,
  "score_total": 226143,
  "score_best": 7889,
  "best_loadout": [
    0,
    0,
    0,
    0,
    0,
    0,
    0,
    0
  ],
  "killed_by": {
    "Beetle": 92,
    "Hornet": 309,
    "Bee": 79,
    "Wasp": 258,
    "Cactus": 89,
    "Rock": 18,
    "Mantis": 111,
    "Evil Centipede": 27,
    "bot-134": 1,
    "Centipede": 32,
    "gardn": 4,
    "Sandstorm": 20,
    "a": 1,
    "thorn": 1,
    "Ladybug": 47,
    "bot-67": 1,
    "prickly": 4,
    "Scorpion": 14,
    "bot-70": 2,
    "bot-110": 1,
    "Baby Ant": 4,
    "Spider": 35,
    "Bush": 22,
    "bot-33": 3,
    "bot-23": 4,
    "bot-124": 4,
    "bot-34": 6,
    "bot-32": 5,
    "petalpop": 3,
    "bot-51": 2,
    "bot-146": 5,
    "bot-49": 2,
    "bloomy": 3,
    "bot-46": 2,
    "bot-106": 2,
    "bot-102": 1,
    "bot-137": 1,
    "bot-96": 2,
    "bot-29": 1,
    "bot-79": 1,
    "bot-52": 5,
    "bot-116": 2,
    "Worker Ant": 6,
    "leafy": 5,
    "bot-111": 6,
    "bot-57": 3,
    "bot-120": 3,
    "thornbloom": 3,
    "bot-53": 2,
    "bot-22": 3,
    "bot-130": 2,
    "bot-85": 2,
    "bot-100": 1,
    "bot": 5,
    "bot-105": 2,
    "blossom-v2": 1,
    "bot-37": 1,
    "florrio": 1,
    "Leafbug": 11,
    "bot-108": 1,
    "bot-103": 4,
    "bot-142": 4,
    "bot-48": 1,
    "bot-35": 1,
    "Desert Centipede": 7,
    "bot-95": 1,
    "bot-63": 3,
    "bloom": 2,
    "bot-118": 3,
    "bot-28": 3,
    "bot-123": 1,
    "bot-60": 3,
    "bot-89": 3,
    "bot-69": 1,
    "aa": 2,
    "bot-92": 2,
    "bot-112": 1,
    "bot-125": 1,
    "bot-75": 3,
    "bot-78": 3,
    "root": 2,
    "bot-91": 1,
    "bot-97": 3,
    "bot-58": 4,
    "bot-66": 4,
    "bot-31": 1,
    "not bot": 2,
    "bot-77": 1,
    "bot-80": 1,
    "bot-93": 1,
    "bot-115": 2,
    "bot-87": 2,
    "bot-45": 2,
    "bot-138": 1,
    "bot-68": 1,
    "bot-131": 1,
    "Soldier Ant": 6,
    "bot-30": 2,
    "rosie": 2,
    "67": 1,
    "bot-43": 3,
    "bot-86": 1,
    "bot-107": 1,
    "bot-27": 1,
    "bot-104": 4,
    "bot-81": 1,
    "bot-39": 1,
    "bot-61": 5,
    "bot-83": 1,
    "blossom": 1,
    "hello": 1,
    "bot-126": 6,
    "zorr": 1,
    "bot-144": 1,
    "bot-40": 2,
    "bot-145": 2,
    "bot-50": 1,
    "bot-84": 1,
    "bot-133": 4
  },
  "loadout_history": {
    "0": 1275,
    "1": 1001,
    "48": 3,
    "79": 6,
    "5": 21,
    "24": 10,
    "11": 5,
    "116": 3,
    "32": 2,
    "6": 19,
    "15": 30,
    "19": 3,
    "14": 23,
    "25": 9,
    "28": 10,
    "49": 3,
    "18": 14,
    "16": 4,
    "9": 14,
    "33": 2,
    "8": 4,
    "13": 3,
    "10": 12,
    "7": 7,
    "93": 1,
    "89": 1,
    "22": 1,
    "23": 2,
    "34": 9,
    "168": 1,
    "180": 1,
    "12": 2,
    "51": 2,
    "26": 3,
    "83": 1,
    "29": 4,
    "58": 1,
    "36": 1,
    "68": 1,
    "84": 1,
    "167": 3,
    "21": 1,
    "46": 1,
    "39": 2,
    "35": 4,
    "30": 1,
    "117": 2,
    "204": 1,
    "40": 2,
    "52": 1,
    "69": 1,
    "20": 1,
    "206": 1
  }
}