{
  "schema": 1,
  "name": "thorn",
  "first_seen": 1778364031.4844868,
  "last_seen": 1778624185.914644,
  "episodes": 493,
  "score_total": 82621,
  "score_best": 6009,
  "best_loadout": [
    0,
    1,
    1,
    1,
    1,
    0,
    0
  ],
  "killed_by": {
    "Hornet": 112,
    "bot-145": 1,
    "Spider": 20,
    "Cactus": 29,
    "Massive Beetle": 3,
    "Evil Centipede": 12,
    "Beetle": 28,
    "Worker Ant": 3,
    "Bee": 29,
    "Wasp": 91,
    "Rock": 4,
    "bot-717": 1,
    "zorr": 1,
    "bot-107": 1,
    "Mantis": 39,
    "bot-139": 2,
    "Sandstorm": 7,
    "bot-120": 1,
    "thorny": 1,
    "bot-33": 1,
    "blossom-v2": 1,
    "bot-109": 3,
    "bot-72": 1,
    "bot-77": 2,
    "bot-71": 1,
    "bot-49": 1,
    "bot-93": 1,
    "bot-70": 2,
    "Ladybug": 19,
    "Bush": 5,
    "Centipede": 10,
    "bot-115": 1,
    "bloomy": 1,
    "bot-134": 1,
    "Leafbug": 4,
    "flower": 1,
    "Queen Ant": 1,
    "bot-98": 1,
    "Desert Centipede": 1,
    "bot-76": 1,
    "bot-27": 1,
    "bot-26": 1,
    "bot-142": 1,
    "bot-84": 1,
    "bot-39": 1,
    "bot-63": 1,
    "bot-66": 2,
    "bot-89": 1,
    "bot-90": 1,
    "bot-118": 1,
    "rosie": 1,
    "bot-55": 1,
    "bot-56": 2,
    "bot-45": 1,
    "bot-40": 1,
    "Baby Ant": 1,
    "bot-50": 1,
    "bot-61": 1,
    "blossom": 1,
    "not bot": 1,
    "bot-141": 1,
    "a": 1,
    "bot-60": 1,
    "bot-137": 1
  },
  "loadout_history": {
    "0": 408,
    "1": 334,
    "25": 2,
    "14": 6,
    "23": 2,
    "16": 3,
    "11": 3,
    "39": 2,
    "54": 1,
    "79": 1,
    "9": 5,
    "6": 5,
    "32": 2,
    "5": 4,
    "35": 1,
    "51": 2,
    "18": 1,
    "7": 1,
    "29": 1,
    "21": 1,
    "20": 1,
    "181": 1,
    "15": 1
  }
}