{
  "schema": 1,
  "name": "thorny",
  "first_seen": 1778364667.569299,
  "last_seen": 1778624078.057636,
  "episodes": 455,
  "score_total": 86292,
  "score_best": 7889,
  "best_loadout": [
    0,
    0,
    0,
    0,
    0,
    0,
    0,
    0
  ],
  "killed_by": {
    "Beetle": 19,
    "Hornet": 90,
    "Bee": 39,
    "Wasp": 89,
    "Cactus": 26,
    "Rock": 5,
    "Mantis": 48,
    "Evil Centipede": 5,
    "bot-134": 1,
    "Centipede": 11,
    "gardn": 3,
    "Sandstorm": 4,
    "a": 1,
    "thorn": 1,
    "Ladybug": 16,
    "bot-67": 1,
    "prickly": 2,
    "Scorpion": 2,
    "bot-70": 1,
    "bot-110": 1,
    "Baby Ant": 2,
    "Spider": 8,
    "Bush": 3,
    "bot-33": 1,
    "bot-23": 1,
    "bot-124": 3,
    "bot-34": 2,
    "bot-32": 5,
    "petalpop": 1,
    "bot-51": 1,
    "bot-146": 1,
    "bot-49": 1,
    "bloomy": 2,
    "bot-46": 1,
    "bot-106": 1,
    "bot-102": 1,
    "bot-137": 1,
    "bot-96": 2,
    "bot-29": 1,
    "bot-79": 1,
    "bot-52": 1,
    "bot-116": 1,
    "Worker Ant": 1,
    "leafy": 1,
    "bot-111": 1,
    "bot-57": 2,
    "bot-120": 2,
    "thornbloom": 1,
    "bot-53": 1,
    "bot-22": 1,
    "bot-130": 2,
    "bot-85": 1,
    "bot-100": 1,
    "bot": 3,
    "bot-105": 1,
    "blossom-v2": 1,
    "bot-37": 1,
    "florrio": 1,
    "Leafbug": 1,
    "bot-108": 1,
    "bot-103": 1,
    "bot-142": 3,
    "bot-48": 1,
    "bot-35": 1,
    "Desert Centipede": 1
  },
  "loadout_history": {
    "0": 405,
    "1": 304,
    "48": 1,
    "79": 3,
    "5": 5,
    "24": 2,
    "11": 2,
    "116": 2,
    "32": 1,
    "6": 7,
    "15": 8,
    "19": 1,
    "14": 3,
    "25": 2,
    "28": 1,
    "49": 1,
    "18": 2,
    "16": 1,
    "9": 2,
    "33": 1,
    "8": 1,
    "13": 2,
    "10": 1,
    "7": 2,
    "93": 1,
    "89": 1,
    "22": 1
  }
}