{
  "schema": 1,
  "name": "thorn",
  "first_seen": 1778364031.4844868,
  "last_seen": 1778713226.430488,
  "episodes": 1241,
  "score_total": 188077,
  "score_best": 6009,
  "best_loadout": [
    0,
    1,
    1,
    1,
    1,
    0,
    0
  ],
  "killed_by": {
    "Hornet": 290,
    "bot-145": 2,
    "Spider": 46,
    "Cactus": 74,
    "Massive Beetle": 3,
    "Evil Centipede": 18,
    "Beetle": 55,
    "Worker Ant": 5,
    "Bee": 76,
    "Wasp": 230,
    "Rock": 8,
    "bot-717": 1,
    "zorr": 1,
    "bot-107": 2,
    "Mantis": 104,
    "bot-139": 3,
    "Sandstorm": 24,
    "bot-120": 1,
    "thorny": 1,
    "bot-33": 1,
    "blossom-v2": 4,
    "bot-109": 4,
    "bot-72": 2,
    "bot-77": 3,
    "bot-71": 1,
    "bot-49": 2,
    "bot-93": 6,
    "bot-70": 2,
    "Ladybug": 52,
    "Bush": 20,
    "Centipede": 28,
    "bot-115": 1,
    "bloomy": 2,
    "bot-134": 1,
    "Leafbug": 18,
    "flower": 1,
    "Queen Ant": 2,
    "bot-98": 1,
    "Desert Centipede": 5,
    "bot-76": 2,
    "bot-27": 1,
    "bot-26": 2,
    "bot-142": 1,
    "bot-84": 1,
    "bot-39": 1,
    "bot-63": 4,
    "bot-66": 2,
    "bot-89": 1,
    "bot-90": 1,
    "bot-118": 2,
    "rosie": 1,
    "bot-55": 1,
    "bot-56": 2,
    "bot-45": 1,
    "bot-40": 4,
    "Baby Ant": 4,
    "bot-50": 1,
    "bot-61": 2,
    "blossom": 1,
    "not bot": 1,
    "bot-141": 2,
    "a": 1,
    "bot-60": 1,
    "bot-137": 1,
    "gardn": 1,
    "bot-128": 1,
    "bot-110": 1,
    "bot-46": 2,
    "prickly": 2,
    "bot-117": 6,
    "bot-147": 2,
    "bot-125": 2,
    "bot-119": 2,
    "bot-130": 3,
    "bot-96": 2,
    "Scorpion": 2,
    "bot-108": 2,
    "bot-87": 2,
    "bot-44": 3,
    "bot-126": 2,
    "bot-100": 2,
    "bot-92": 2,
    "bot-62": 1,
    "bot-58": 3,
    "bot-86": 1,
    "bot-80": 1,
    "bot-121": 2,
    "bot": 1,
    "bot-116": 1,
    "bot-32": 1,
    "bot-30": 1,
    "aa": 2,
    "bot-144": 1,
    "root": 1,
    "bot-148": 1,
    "bot-111": 2,
    "bot-65": 1,
    "bot-23": 2,
    "bot-51": 1,
    "bot-138": 1,
    "bot-131": 1,
    "bot-101": 1,
    "bot-78": 1,
    "bot-113": 1,
    "bot-104": 1,
    "bot-133": 1,
    "bot-36": 1,
    "bot-52": 1,
    "bot-54": 1,
    "bot-127": 1,
    "bot-25": 1
  },
  "loadout_history": {
    "0": 1029,
    "1": 864,
    "25": 6,
    "14": 9,
    "23": 2,
    "16": 4,
    "11": 4,
    "39": 2,
    "54": 1,
    "79": 3,
    "9": 10,
    "6": 15,
    "32": 2,
    "5": 6,
    "35": 3,
    "51": 2,
    "18": 4,
    "7": 5,
    "29": 2,
    "21": 2,
    "20": 5,
    "181": 1,
    "15": 11,
    "24": 6,
    "34": 3,
    "26": 1,
    "13": 1,
    "124": 2,
    "180": 1,
    "10": 4,
    "19": 2,
    "48": 1,
    "117": 1,
    "17": 2,
    "46": 1,
    "107": 1,
    "204": 1,
    "12": 2
  }
}