{
  "schema": 1,
  "name": "zorr",
  "first_seen": 1778215528.513303,
  "last_seen": 1778287982.574431,
  "episodes": 2648,
  "score_total": 258568,
  "score_best": 2641,
  "best_loadout": [
    0,
    41,
    0,
    0,
    0,
    0,
    0
  ],
  "killed_by": {
    "Rock": 42,
    "Hornet": 1473,
    "bot-krza": 2,
    "Soldier Ant": 36,
    "bot-ltag": 1,
    "Spider": 59,
    "bot-dmlg": 1,
    "Bee": 135,
    "bot": 32,
    "leafy": 28,
    "Centipede": 80,
    "Cactus": 7,
    "petalpop": 27,
    "aa": 27,
    "bot-mcsc": 1,
    "hello": 37,
    "florrio": 22,
    "Boulder": 12,
    "bot-vakt": 1,
    "bot-liwn": 25,
    "rosie": 35,
    "not bot": 35,
    "bot-mqcq": 18,
    "bot-nugt": 20,
    "bot-qhpe": 29,
    "bot-iraf": 30,
    "bot-yrut": 22,
    "bot-ihff": 26,
    "Ladybug": 33,
    "root": 21,
    "67": 41,
    "gardn": 21,
    "bot-wbxw": 14,
    "bot-derv": 17,
    "thorn": 25,
    "bot-fuvq": 17,
    "a": 24,
    "bot-mcta": 25,
    "blossom": 19,
    "bot-rklz": 32,
    "bot-uxnr": 23,
    "bot-eqvx": 28,
    "Baby Ant": 3,
    "bot-thyg": 18,
    "Massive Ladybug": 5,
    "Desert Centipede": 2,
    "bot-kgtf": 1,
    "bot-sgzx": 1,
    "bot-qefz": 1,
    "bot-uuao": 1,
    "bot-mpgl": 2,
    "bot-vjkk": 1,
    "bot-qxzc": 1,
    "bot-icsq": 1
  },
  "loadout_history": {
    "0": 2581,
    "1": 1567,
    "14": 137,
    "9": 118,
    "19": 28,
    "7": 8,
    "32": 18,
    "42": 16,
    "24": 77,
    "5": 137,
    "18": 112,
    "41": 34,
    "33": 15,
    "40": 128,
    "23": 23,
    "50": 1,
    "6": 39,
    "36": 9,
    "25": 17,
    "34": 83,
    "21": 5,
    "55": 9,
    "10": 32,
    "48": 17,
    "16": 16,
    "77": 5,
    "15": 20,
    "20": 8,
    "46": 19,
    "35": 23,
    "11": 6,
    "43": 2,
    "28": 14,
    "27": 1,
    "62": 3,
    "29": 8,
    "13": 2,
    "8": 2,
    "26": 5,
    "63": 2,
    "12": 3,
    "47": 2,
    "44": 1,
    "39": 8,
    "17": 1,
    "60": 1,
    "67": 1,
    "22": 1,
    "61": 1,
    "37": 2,
    "69": 1,
    "58": 1,
    "65": 1
  }
}