{
  "schema": 1,
  "name": "zorr",
  "first_seen": 1778364032.693025,
  "last_seen": 1779316426.910193,
  "episodes": 1479,
  "score_total": 253330,
  "score_best": 10055,
  "best_loadout": [
    79,
    0,
    0,
    0,
    0,
    0,
    0,
    0
  ],
  "killed_by": {
    "Hornet": 391,
    "Bee": 94,
    "Soldier Ant": 9,
    "Massive Beetle": 1,
    "Spider": 49,
    "Boulder": 2,
    "Sandstorm": 20,
    "Ladybug": 66,
    "Mantis": 101,
    "Cactus": 77,
    "Wasp": 259,
    "bot-92": 3,
    "Evil Centipede": 19,
    "bot-133": 2,
    "bot-129": 5,
    "bot-90": 2,
    "bot-31": 2,
    "bot-22": 5,
    "root": 2,
    "Scorpion": 12,
    "bot-147": 3,
    "bot-61": 3,
    "bot-98": 3,
    "Bush": 16,
    "Beetle": 56,
    "Desert Centipede": 9,
    "bot-124": 1,
    "bot-41": 3,
    "bot-84": 4,
    "bot-130": 2,
    "blossom": 4,
    "bot-50": 3,
    "bot-128": 2,
    "Centipede": 28,
    "bot-29": 1,
    "bot-56": 2,
    "bot-27": 2,
    "petalpop": 4,
    "bot-55": 5,
    "bot-140": 1,
    "bot-96": 1,
    "Leafbug": 16,
    "bot-91": 3,
    "bot-42": 2,
    "Rock": 10,
    "bot-105": 2,
    "bot-86": 1,
    "bot-39": 2,
    "Baby Ant": 3,
    "bot-24": 3,
    "bot-112": 1,
    "bot-28": 2,
    "bot-75": 1,
    "bot-115": 1,
    "bot-139": 2,
    "thornbloom": 3,
    "bot-54": 1,
    "bot-35": 2,
    "bot-72": 4,
    "a": 1,
    "bot-109": 1,
    "bot-111": 1,
    "bot-44": 3,
    "bot-107": 1,
    "bot-46": 2,
    "bot-23": 1,
    "bot-45": 1,
    "bot-34": 1,
    "bot-144": 1,
    "bot-79": 3,
    "bot-148": 3,
    "bot-110": 1,
    "bot-99": 3,
    "bot-83": 1,
    "leafy": 4,
    "thorny": 2,
    "bot-70": 2,
    "blossom-v2": 1,
    "bot-36": 2,
    "bot-125": 1,
    "bot-127": 2,
    "prickly": 2,
    "bot-108": 6,
    "bot-136": 3,
    "bot-69": 4,
    "bot-122": 4,
    "Worker Ant": 2,
    "bot-68": 1,
    "bot-66": 2,
    "bot-48": 2,
    "bot-141": 1,
    "bot-38": 4,
    "bot-52": 1,
    "bot-74": 1,
    "bot-43": 2,
    "bot-95": 2,
    "bot-37": 1,
    "bloom": 1,
    "bot-30": 1,
    "67": 1,
    "bot-138": 1,
    "bot-126": 1,
    "bot-134": 1,
    "bot-65": 1,
    "bot-116": 1,
    "bot-137": 1,
    "bot-149": 1,
    "bot-59": 1,
    "florrio": 1,
    "bot-76": 2,
    "bot-58": 1,
    "bot-40": 1,
    "bot-47": 1,
    "bot-104": 3,
    "bot-26": 1,
    "bot-51": 1,
    "bot-33": 3
  },
  "loadout_history": {
    "0": 1272,
    "1": 1017,
    "10": 11,
    "5": 24,
    "9": 21,
    "28": 11,
    "18": 13,
    "167": 5,
    "116": 2,
    "12": 2,
    "15": 12,
    "14": 24,
    "204": 3,
    "11": 7,
    "45": 1,
    "39": 2,
    "26": 2,
    "25": 7,
    "36": 2,
    "6": 15,
    "181": 1,
    "16": 2,
    "21": 2,
    "29": 4,
    "34": 7,
    "79": 7,
    "69": 1,
    "19": 2,
    "7": 3,
    "33": 3,
    "170": 3,
    "24": 12,
    "48": 2,
    "61": 1,
    "58": 1,
    "35": 2,
    "55": 1,
    "183": 1,
    "20": 2,
    "117": 1,
    "180": 1,
    "49": 1,
    "51": 1,
    "83": 1,
    "41": 3,
    "168": 2,
    "23": 2,
    "46": 3,
    "205": 1
  }
}