{
  "schema": 1,
  "name": "zorr",
  "first_seen": 1778364032.693025,
  "last_seen": 1778732021.3753111,
  "episodes": 1266,
  "score_total": 244665,
  "score_best": 10055,
  "best_loadout": [
    79,
    0,
    0,
    0,
    0,
    0,
    0,
    0
  ],
  "killed_by": {
    "Hornet": 314,
    "Bee": 84,
    "Soldier Ant": 2,
    "Massive Beetle": 1,
    "Spider": 42,
    "Boulder": 1,
    "Sandstorm": 19,
    "Ladybug": 62,
    "Mantis": 87,
    "Cactus": 68,
    "Wasp": 227,
    "bot-92": 3,
    "Evil Centipede": 12,
    "bot-133": 2,
    "bot-129": 5,
    "bot-90": 2,
    "bot-31": 2,
    "bot-22": 5,
    "root": 2,
    "Scorpion": 8,
    "bot-147": 3,
    "bot-61": 3,
    "bot-98": 3,
    "Bush": 16,
    "Beetle": 41,
    "Desert Centipede": 9,
    "bot-124": 1,
    "bot-41": 2,
    "bot-84": 4,
    "bot-130": 2,
    "blossom": 4,
    "bot-50": 3,
    "bot-128": 2,
    "Centipede": 26,
    "bot-29": 1,
    "bot-56": 2,
    "bot-27": 2,
    "petalpop": 4,
    "bot-55": 4,
    "bot-140": 1,
    "bot-96": 1,
    "Leafbug": 14,
    "bot-91": 3,
    "bot-42": 2,
    "Rock": 8,
    "bot-105": 2,
    "bot-86": 1,
    "bot-39": 2,
    "Baby Ant": 1,
    "bot-24": 3,
    "bot-112": 1,
    "bot-28": 2,
    "bot-75": 1,
    "bot-115": 1,
    "bot-139": 2,
    "thornbloom": 2,
    "bot-54": 1,
    "bot-35": 2,
    "bot-72": 4,
    "a": 1,
    "bot-109": 1,
    "bot-111": 1,
    "bot-44": 3,
    "bot-107": 1,
    "bot-46": 2,
    "bot-23": 1,
    "bot-45": 1,
    "bot-34": 1,
    "bot-144": 1,
    "bot-79": 3,
    "bot-148": 3,
    "bot-110": 1,
    "bot-99": 2,
    "bot-83": 1,
    "leafy": 4,
    "thorny": 2,
    "bot-70": 2,
    "blossom-v2": 1,
    "bot-36": 2,
    "bot-125": 1,
    "bot-127": 2,
    "prickly": 2,
    "bot-108": 6,
    "bot-136": 3,
    "bot-69": 4,
    "bot-122": 4,
    "Worker Ant": 2,
    "bot-68": 1,
    "bot-66": 2,
    "bot-48": 2,
    "bot-141": 1,
    "bot-38": 3,
    "bot-52": 1,
    "bot-74": 1,
    "bot-43": 2,
    "bot-95": 2,
    "bot-37": 1,
    "bloom": 1,
    "bot-30": 1,
    "67": 1,
    "bot-138": 1,
    "bot-126": 1,
    "bot-134": 1,
    "bot-65": 1,
    "bot-116": 1,
    "bot-137": 1,
    "bot-149": 1,
    "bot-59": 1,
    "florrio": 1,
    "bot-76": 2,
    "bot-58": 1,
    "bot-40": 1,
    "bot-47": 1,
    "bot-104": 1,
    "bot-26": 1
  },
  "loadout_history": {
    "0": 1063,
    "1": 883,
    "10": 9,
    "5": 21,
    "9": 17,
    "28": 6,
    "18": 9,
    "167": 4,
    "116": 2,
    "12": 2,
    "15": 8,
    "14": 22,
    "204": 2,
    "11": 7,
    "45": 1,
    "39": 1,
    "26": 2,
    "25": 7,
    "36": 2,
    "6": 15,
    "181": 1,
    "16": 2,
    "21": 2,
    "29": 4,
    "34": 4,
    "79": 6,
    "69": 1,
    "19": 1,
    "7": 3,
    "33": 1,
    "170": 3,
    "24": 9,
    "48": 1,
    "61": 1,
    "58": 1,
    "35": 1,
    "55": 1,
    "183": 1,
    "20": 2,
    "117": 1,
    "180": 1,
    "49": 1,
    "51": 1,
    "83": 1
  }
}